[NX v21.6.11 Daemon Server] - 2026-06-30T17:54:14.772Z - Started listening on: /private/var/folders/x6/5jp8k3c557z3j1_fs2kdgs9h0000gn/T/d0686dd68821c042e245/d.sock
[NX v21.6.11 Daemon Server] - 2026-06-30T17:54:14.775Z - [WATCHER]: Subscribed to changes within: /Users/leonardosegars/Repos/foodtrack (native)
[NX v21.6.11 Daemon Server] - 2026-06-30T17:54:14.776Z - Established a connection. Number of open connections: 1
[NX v21.6.11 Daemon Server] - 2026-06-30T17:54:14.777Z - Established a connection. Number of open connections: 2
[NX v21.6.11 Daemon Server] - 2026-06-30T17:54:14.778Z - Closed a connection. Number of open connections: 1
[NX v21.6.11 Daemon Server] - 2026-06-30T17:54:14.778Z - [REQUEST]: Client Request for Project Graph Received
[NX v21.6.11 Daemon Server] - 2026-06-30T17:54:14.783Z - Time taken for 'loadSpecifiedNxPlugins' 0.6520830000000046ms
Time for 'plugin worker 29212 code loading' 2.523749999999998
Time for 'plugin worker 29211 code loading' 2.5828339999999983
Time for 'plugin worker 29213 code loading' 2.3570420000000016
[NX v21.6.11 Daemon Server] - 2026-06-30T17:54:14.897Z - Time taken for 'Load Nx Plugin: /Users/leonardosegars/Repos/foodtrack/node_modules/nx/src/plugins/project-json/build-nodes/project-json' 116.916583ms
[NX v21.6.11 Daemon Server] - 2026-06-30T17:54:14.897Z - Time taken for 'Load Nx Plugin: /Users/leonardosegars/Repos/foodtrack/node_modules/nx/src/plugins/package-json' 118.02979199999999ms
[NX v21.6.11 Daemon Server] - 2026-06-30T17:54:14.912Z - [REQUEST]: Updated workspace context based on watched changes, recomputing project graph...
[NX v21.6.11 Daemon Server] - 2026-06-30T17:54:14.912Z - [REQUEST]: 
[NX v21.6.11 Daemon Server] - 2026-06-30T17:54:14.912Z - [REQUEST]: 
[NX v21.6.11 Daemon Server] - 2026-06-30T17:54:14.913Z - No files changed, but no in-memory cached project graph found. Recomputing it...
[NX v21.6.11 Daemon Server] - 2026-06-30T17:54:14.916Z - Time taken for 'loadDefaultNxPlugins' 132.44287500000002ms
Time for 'nx/core/project-json:createNodes' 0.3171250000000043
Time for 'nx/core/package-json:createNodes' 1.902124999999998
Time for 'nx/js/dependencies-and-lockfile:createNodes' 268.665084
[NX v21.6.11 Daemon Server] - 2026-06-30T17:54:15.210Z - Time taken for 'build-project-configs' 284.1585ms
Time for 'build typescript dependencies' 121.82662499999992
[NX v21.6.11 Daemon Server] - 2026-06-30T17:54:15.353Z - [SYNC]: collect registered sync generators
[NX v21.6.11 Daemon Server] - 2026-06-30T17:54:15.357Z - Wrote project graph cache to /Users/leonardosegars/Repos/foodtrack/.nx/workspace-data/project-graph.json
[NX v21.6.11 Daemon Server] - 2026-06-30T17:54:15.357Z - [REQUEST]: Responding to the client. project-graph
[NX v21.6.11 Daemon Server] - 2026-06-30T17:54:15.357Z - Time taken for 'total for creating and serializing project graph' 578.4095ms
[NX v21.6.11 Daemon Server] - 2026-06-30T17:54:15.361Z - Done responding to the client project-graph
[NX v21.6.11 Daemon Server] - 2026-06-30T17:54:15.361Z - Handled REQUEST_PROJECT_GRAPH. Handling time: 579. Response time: 4.
[NX v21.6.11 Daemon Server] - 2026-06-30T17:54:15.366Z - [REQUEST]: Responding to the client. handleRunPreTasksExecution
[NX v21.6.11 Daemon Server] - 2026-06-30T17:54:15.366Z - Done responding to the client handleRunPreTasksExecution
[NX v21.6.11 Daemon Server] - 2026-06-30T17:54:15.366Z - Handled PRE_TASKS_EXECUTION. Handling time: 1. Response time: 0.
[NX v21.6.11 Daemon Server] - 2026-06-30T17:54:15.366Z - Time taken for 'preTasksExecution' 0.35866699999996854ms
[NX v21.6.11 Daemon Server] - 2026-06-30T17:54:15.409Z - Reusing in-memory cached project graph because no files changed.
[NX v21.6.11 Daemon Server] - 2026-06-30T17:54:15.412Z - Wrote project graph cache to /Users/leonardosegars/Repos/foodtrack/.nx/workspace-data/project-graph.json
DEBUG nx::native::tasks::hash_planner: get_plans_internal COMPLETED in 2.086625ms - processed 1 tasks (setup: 1.304583ms, parallel_planning: 779µs)
DEBUG nx::native::tasks::hashers::hash_workspace_files: Hashing workspace fileset{cache_key="nx.json,.gitignore,.nxignore"}: Adding "6093914340072391811" (".gitignore") to hash
DEBUG nx::native::tasks::hashers::hash_workspace_files: Hashing workspace fileset{cache_key="nx.json,.gitignore,.nxignore"}: Adding "1132752945439744087" ("nx.json") to hash
DEBUG nx::native::tasks::hashers::hash_workspace_files: Hashing workspace fileset{cache_key="nx.json,.gitignore,.nxignore"}: Hash Value: "3983678509802823269"
DEBUG nx::native::tasks::task_hasher: hash_plans COMPLETED in 1.458541ms - processed 1 plans (setup: 333.916µs, hashing: 1.123458ms, assembly: 432.666µs)
[NX v21.6.11 Daemon Server] - 2026-06-30T17:54:15.420Z - [REQUEST]: Responding to the client. handleHashTasks
[NX v21.6.11 Daemon Server] - 2026-06-30T17:54:15.420Z - Time taken for 'write cache' 2.724833999999987ms
[NX v21.6.11 Daemon Server] - 2026-06-30T17:54:15.420Z - Done responding to the client handleHashTasks
[NX v21.6.11 Daemon Server] - 2026-06-30T17:54:15.420Z - Handled HASH_TASKS. Handling time: 11. Response time: 0.
[NX v21.6.11 Daemon Server] - 2026-06-30T17:54:15.486Z - [REQUEST]: Responding to the client. handleGetEstimatedTaskTimings
[NX v21.6.11 Daemon Server] - 2026-06-30T17:54:15.486Z - Done responding to the client handleGetEstimatedTaskTimings
[NX v21.6.11 Daemon Server] - 2026-06-30T17:54:15.486Z - Handled GET_ESTIMATED_TASK_TIMINGS. Handling time: 19. Response time: 0.
[NX v21.6.11 Daemon Server] - 2026-06-30T17:54:16.661Z - [REQUEST]: Responding to the client. recordOutputsHash
[NX v21.6.11 Daemon Server] - 2026-06-30T17:54:16.661Z - Done responding to the client recordOutputsHash
[NX v21.6.11 Daemon Server] - 2026-06-30T17:54:16.661Z - Handled RECORD_OUTPUTS_HASH. Handling time: 1. Response time: 0.
[NX v21.6.11 Daemon Server] - 2026-06-30T17:54:16.663Z - [REQUEST]: Responding to the client. handleRecordTaskRuns
[NX v21.6.11 Daemon Server] - 2026-06-30T17:54:16.663Z - Done responding to the client handleRecordTaskRuns
[NX v21.6.11 Daemon Server] - 2026-06-30T17:54:16.663Z - Handled RECORD_TASK_RUNS. Handling time: 0. Response time: 0.
[NX v21.6.11 Daemon Server] - 2026-06-30T17:54:16.664Z - [REQUEST]: Responding to the client. handleGetFlakyTasks
[NX v21.6.11 Daemon Server] - 2026-06-30T17:54:16.664Z - Done responding to the client handleGetFlakyTasks
[NX v21.6.11 Daemon Server] - 2026-06-30T17:54:16.664Z - Handled GET_FLAKY_TASKS. Handling time: 0. Response time: 0.
[NX v21.6.11 Daemon Server] - 2026-06-30T17:54:16.777Z - [REQUEST]: Responding to the client. handleRunPostTasksExecution
[NX v21.6.11 Daemon Server] - 2026-06-30T17:54:16.777Z - Done responding to the client handleRunPostTasksExecution
[NX v21.6.11 Daemon Server] - 2026-06-30T17:54:16.777Z - Handled POST_TASKS_EXECUTION. Handling time: 0. Response time: 0.
[NX v21.6.11 Daemon Server] - 2026-06-30T17:54:16.778Z - Time taken for 'postTasksExecution' 0.07666699999981574ms
[NX v21.6.11 Daemon Server] - 2026-06-30T17:54:16.782Z - Closed a connection. Number of open connections: 0
[NX v21.6.11 Daemon Server] - 2026-06-30T17:54:42.427Z - [WATCHER]: apps/bff/src/facility/dto/search-facilities.dto.spec.ts was created or restored
[NX v21.6.11 Daemon Server] - 2026-06-30T17:54:42.428Z - [WATCHER]: Processing file changes in outputs
[NX v21.6.11 Daemon Server] - 2026-06-30T17:54:42.530Z - [REQUEST]: Updated workspace context based on watched changes, recomputing project graph...
[NX v21.6.11 Daemon Server] - 2026-06-30T17:54:42.530Z - [REQUEST]: apps/bff/src/facility/dto/search-facilities.dto.spec.ts
[NX v21.6.11 Daemon Server] - 2026-06-30T17:54:42.530Z - [REQUEST]: 
[NX v21.6.11 Daemon Server] - 2026-06-30T17:54:42.532Z - Time taken for 'hash changed files from watcher' 0.18524999999863212ms
Time for 'nx/core/project-json:createNodes' 3.1225829999966663
Time for 'nx/core/package-json:createNodes' 3.3964169999999285
Time for 'nx/js/dependencies-and-lockfile:createNodes' 13.122917000000598
[NX v21.6.11 Daemon Server] - 2026-06-30T17:54:42.559Z - Time taken for 'build-project-configs' 22.814167000000452ms
Time for 'build typescript dependencies' 4.409625000000233
[NX v21.6.11 Daemon Server] - 2026-06-30T17:54:42.582Z - [SYNC]: collect registered sync generators
[NX v21.6.11 Daemon Server] - 2026-06-30T17:54:42.582Z - [SYNC]: project graph hash is the same, not collecting task sync generators
[NX v21.6.11 Daemon Server] - 2026-06-30T17:54:42.583Z - [SYNC]: nx.json hash is the same, not collecting global sync generators
[NX v21.6.11 Daemon Server] - 2026-06-30T17:54:42.583Z - Time taken for 'total execution time for createProjectGraph()' 26.288375000000087ms
[NX v21.6.11 Daemon Server] - 2026-06-30T17:54:45.780Z - Established a connection. Number of open connections: 1
[NX v21.6.11 Daemon Server] - 2026-06-30T17:54:45.781Z - Closed a connection. Number of open connections: 0
[NX v21.6.11 Daemon Server] - 2026-06-30T17:54:45.781Z - Established a connection. Number of open connections: 1
[NX v21.6.11 Daemon Server] - 2026-06-30T17:54:45.782Z - [REQUEST]: Client Request for Project Graph Received
[NX v21.6.11 Daemon Server] - 2026-06-30T17:54:45.783Z - Reusing in-memory cached project graph because no files changed.
[NX v21.6.11 Daemon Server] - 2026-06-30T17:54:45.787Z - Wrote project graph cache to /Users/leonardosegars/Repos/foodtrack/.nx/workspace-data/project-graph.json
[NX v21.6.11 Daemon Server] - 2026-06-30T17:54:45.787Z - [REQUEST]: Responding to the client. project-graph
[NX v21.6.11 Daemon Server] - 2026-06-30T17:54:45.788Z - Time taken for 'total for creating and serializing project graph' 4.785166000001482ms
[NX v21.6.11 Daemon Server] - 2026-06-30T17:54:45.790Z - Done responding to the client project-graph
[NX v21.6.11 Daemon Server] - 2026-06-30T17:54:45.790Z - Handled REQUEST_PROJECT_GRAPH. Handling time: 5. Response time: 3.
[NX v21.6.11 Daemon Server] - 2026-06-30T17:54:45.793Z - [REQUEST]: Responding to the client. handleRunPreTasksExecution
[NX v21.6.11 Daemon Server] - 2026-06-30T17:54:45.793Z - Done responding to the client handleRunPreTasksExecution
[NX v21.6.11 Daemon Server] - 2026-06-30T17:54:45.793Z - Handled PRE_TASKS_EXECUTION. Handling time: 0. Response time: 0.
[NX v21.6.11 Daemon Server] - 2026-06-30T17:54:45.793Z - Time taken for 'preTasksExecution' 0.08220799999980954ms
[NX v21.6.11 Daemon Server] - 2026-06-30T17:54:45.832Z - Reusing in-memory cached project graph because no files changed.
[NX v21.6.11 Daemon Server] - 2026-06-30T17:54:45.835Z - Wrote project graph cache to /Users/leonardosegars/Repos/foodtrack/.nx/workspace-data/project-graph.json
DEBUG nx::native::tasks::hash_planner: get_plans_internal COMPLETED in 1.526083ms - processed 1 tasks (setup: 1.326583ms, parallel_planning: 197.292µs)
DEBUG nx::native::tasks::hashers::hash_workspace_files: Hashing workspace fileset{cache_key="nx.json,.gitignore,.nxignore"}: Adding "6093914340072391811" (".gitignore") to hash
DEBUG nx::native::tasks::hashers::hash_workspace_files: Hashing workspace fileset{cache_key="nx.json,.gitignore,.nxignore"}: Adding "1132752945439744087" ("nx.json") to hash
DEBUG nx::native::tasks::hashers::hash_workspace_files: Hashing workspace fileset{cache_key="nx.json,.gitignore,.nxignore"}: Hash Value: "3983678509802823269"
DEBUG nx::native::tasks::task_hasher: hash_plans COMPLETED in 1.399833ms - processed 1 plans (setup: 199.917µs, hashing: 1.198708ms, assembly: 466.5µs)
[NX v21.6.11 Daemon Server] - 2026-06-30T17:54:45.843Z - [REQUEST]: Responding to the client. handleHashTasks
[NX v21.6.11 Daemon Server] - 2026-06-30T17:54:45.843Z - Time taken for 'write cache' 3.154291999999259ms
[NX v21.6.11 Daemon Server] - 2026-06-30T17:54:45.843Z - Done responding to the client handleHashTasks
[NX v21.6.11 Daemon Server] - 2026-06-30T17:54:45.843Z - Handled HASH_TASKS. Handling time: 11. Response time: 0.
[NX v21.6.11 Daemon Server] - 2026-06-30T17:54:45.889Z - [REQUEST]: Responding to the client. handleGetEstimatedTaskTimings
[NX v21.6.11 Daemon Server] - 2026-06-30T17:54:45.889Z - Done responding to the client handleGetEstimatedTaskTimings
[NX v21.6.11 Daemon Server] - 2026-06-30T17:54:45.889Z - Handled GET_ESTIMATED_TASK_TIMINGS. Handling time: 0. Response time: 0.
[NX v21.6.11 Daemon Server] - 2026-06-30T17:54:46.766Z - [REQUEST]: Responding to the client. recordOutputsHash
[NX v21.6.11 Daemon Server] - 2026-06-30T17:54:46.766Z - Done responding to the client recordOutputsHash
[NX v21.6.11 Daemon Server] - 2026-06-30T17:54:46.766Z - Handled RECORD_OUTPUTS_HASH. Handling time: 0. Response time: 0.
[NX v21.6.11 Daemon Server] - 2026-06-30T17:54:46.769Z - [REQUEST]: Responding to the client. handleRecordTaskRuns
[NX v21.6.11 Daemon Server] - 2026-06-30T17:54:46.769Z - Done responding to the client handleRecordTaskRuns
[NX v21.6.11 Daemon Server] - 2026-06-30T17:54:46.769Z - Handled RECORD_TASK_RUNS. Handling time: 0. Response time: 0.
[NX v21.6.11 Daemon Server] - 2026-06-30T17:54:46.770Z - [REQUEST]: Responding to the client. handleGetFlakyTasks
[NX v21.6.11 Daemon Server] - 2026-06-30T17:54:46.770Z - Done responding to the client handleGetFlakyTasks
[NX v21.6.11 Daemon Server] - 2026-06-30T17:54:46.770Z - Handled GET_FLAKY_TASKS. Handling time: 0. Response time: 0.
[NX v21.6.11 Daemon Server] - 2026-06-30T17:54:46.878Z - [REQUEST]: Responding to the client. handleRunPostTasksExecution
[NX v21.6.11 Daemon Server] - 2026-06-30T17:54:46.878Z - Done responding to the client handleRunPostTasksExecution
[NX v21.6.11 Daemon Server] - 2026-06-30T17:54:46.878Z - Handled POST_TASKS_EXECUTION. Handling time: 0. Response time: 0.
[NX v21.6.11 Daemon Server] - 2026-06-30T17:54:46.878Z - Time taken for 'postTasksExecution' 0.07129100000020117ms
[NX v21.6.11 Daemon Server] - 2026-06-30T17:54:46.883Z - Closed a connection. Number of open connections: 0
[NX v21.6.11 Daemon Server] - 2026-06-30T17:55:08.184Z - [WATCHER]: apps/bff/.swcrc was created or restored
[NX v21.6.11 Daemon Server] - 2026-06-30T17:55:08.185Z - [WATCHER]: Processing file changes in outputs
[NX v21.6.11 Daemon Server] - 2026-06-30T17:55:08.286Z - [REQUEST]: Updated workspace context based on watched changes, recomputing project graph...
[NX v21.6.11 Daemon Server] - 2026-06-30T17:55:08.286Z - [REQUEST]: apps/bff/.swcrc
[NX v21.6.11 Daemon Server] - 2026-06-30T17:55:08.286Z - [REQUEST]: 
[NX v21.6.11 Daemon Server] - 2026-06-30T17:55:08.291Z - Time taken for 'hash changed files from watcher' 0.1570419999989099ms
Time for 'nx/core/project-json:createNodes' 1.3923329999961425
Time for 'nx/core/package-json:createNodes' 3.0911249999990105
Time for 'nx/js/dependencies-and-lockfile:createNodes' 14.606166999998095
[NX v21.6.11 Daemon Server] - 2026-06-30T17:55:08.316Z - Time taken for 'build-project-configs' 24.96150000000489ms
Time for 'build typescript dependencies' 3.8271249999961583
[NX v21.6.11 Daemon Server] - 2026-06-30T17:55:08.331Z - [SYNC]: collect registered sync generators
[NX v21.6.11 Daemon Server] - 2026-06-30T17:55:08.332Z - [SYNC]: project graph hash is the same, not collecting task sync generators
[NX v21.6.11 Daemon Server] - 2026-06-30T17:55:08.332Z - [SYNC]: nx.json hash is the same, not collecting global sync generators
[NX v21.6.11 Daemon Server] - 2026-06-30T17:55:08.332Z - Time taken for 'total execution time for createProjectGraph()' 17.796708000001672ms
[NX v21.6.11 Daemon Server] - 2026-06-30T17:56:03.804Z - [WATCHER]: Processing file changes in outputs
[NX v21.6.11 Daemon Server] - 2026-06-30T17:56:03.808Z - [WATCHER]: 0 file(s) created or restored, 2 file(s) modified, 0 file(s) deleted
[NX v21.6.11 Daemon Server] - 2026-06-30T17:56:04.010Z - [REQUEST]: Updated workspace context based on watched changes, recomputing project graph...
[NX v21.6.11 Daemon Server] - 2026-06-30T17:56:04.010Z - [REQUEST]: .kiro/specs/food-truck-locator/tasks.md,.kiro/specs/food-truck-locator/tasks.meta.json
[NX v21.6.11 Daemon Server] - 2026-06-30T17:56:04.010Z - [REQUEST]: 
[NX v21.6.11 Daemon Server] - 2026-06-30T17:56:04.016Z - Time taken for 'hash changed files from watcher' 0.22604200000932906ms
Time for 'nx/core/package-json:createNodes' 2.1560829999943962
Time for 'nx/core/project-json:createNodes' 2.1557919999904698
Time for 'nx/js/dependencies-and-lockfile:createNodes' 17.263916999989306
[NX v21.6.11 Daemon Server] - 2026-06-30T17:56:04.048Z - Time taken for 'build-project-configs' 32.53375000000233ms
Time for 'build typescript dependencies' 0.04175000000395812
[NX v21.6.11 Daemon Server] - 2026-06-30T17:56:04.061Z - [SYNC]: collect registered sync generators
[NX v21.6.11 Daemon Server] - 2026-06-30T17:56:04.061Z - [SYNC]: project graph hash is the same, not collecting task sync generators
[NX v21.6.11 Daemon Server] - 2026-06-30T17:56:04.061Z - [SYNC]: nx.json hash is the same, not collecting global sync generators
[NX v21.6.11 Daemon Server] - 2026-06-30T17:56:04.061Z - Time taken for 'total execution time for createProjectGraph()' 15.380750000011176ms
[NX v21.6.11 Daemon Server] - 2026-06-30T17:56:04.628Z - [WATCHER]: Processing file changes in outputs
[NX v21.6.11 Daemon Server] - 2026-06-30T17:56:04.631Z - [WATCHER]: 0 file(s) created or restored, 2 file(s) modified, 0 file(s) deleted
[NX v21.6.11 Daemon Server] - 2026-06-30T17:56:05.033Z - [REQUEST]: Updated workspace context based on watched changes, recomputing project graph...
[NX v21.6.11 Daemon Server] - 2026-06-30T17:56:05.033Z - [REQUEST]: .kiro/specs/food-truck-locator/tasks.md,.kiro/specs/food-truck-locator/tasks.meta.json
[NX v21.6.11 Daemon Server] - 2026-06-30T17:56:05.033Z - [REQUEST]: 
[NX v21.6.11 Daemon Server] - 2026-06-30T17:56:05.034Z - Time taken for 'hash changed files from watcher' 0.2242919999989681ms
Time for 'nx/core/project-json:createNodes' 0.21662500000093132
Time for 'nx/core/package-json:createNodes' 0.784708999999566
Time for 'nx/js/dependencies-and-lockfile:createNodes' 4.004417000003741
[NX v21.6.11 Daemon Server] - 2026-06-30T17:56:05.051Z - Time taken for 'build-project-configs' 12.61058399999456ms
Time for 'build typescript dependencies' 0.030125000004773028
[NX v21.6.11 Daemon Server] - 2026-06-30T17:56:05.062Z - [SYNC]: collect registered sync generators
[NX v21.6.11 Daemon Server] - 2026-06-30T17:56:05.063Z - [SYNC]: project graph hash is the same, not collecting task sync generators
[NX v21.6.11 Daemon Server] - 2026-06-30T17:56:05.063Z - [SYNC]: nx.json hash is the same, not collecting global sync generators
[NX v21.6.11 Daemon Server] - 2026-06-30T17:56:05.063Z - Time taken for 'total execution time for createProjectGraph()' 14.454040999989957ms
[NX v21.6.11 Daemon Server] - 2026-06-30T17:56:09.484Z - [WATCHER]: 0 file(s) created or restored, 2 file(s) modified, 0 file(s) deleted
[NX v21.6.11 Daemon Server] - 2026-06-30T17:56:09.484Z - [WATCHER]: Processing file changes in outputs
[NX v21.6.11 Daemon Server] - 2026-06-30T17:56:10.167Z - [WATCHER]: 0 file(s) created or restored, 2 file(s) modified, 0 file(s) deleted
[NX v21.6.11 Daemon Server] - 2026-06-30T17:56:10.168Z - [WATCHER]: Processing file changes in outputs
[NX v21.6.11 Daemon Server] - 2026-06-30T17:56:10.286Z - [REQUEST]: Updated workspace context based on watched changes, recomputing project graph...
[NX v21.6.11 Daemon Server] - 2026-06-30T17:56:10.286Z - [REQUEST]: .kiro/specs/food-truck-locator/tasks.md,.kiro/specs/food-truck-locator/tasks.meta.json
[NX v21.6.11 Daemon Server] - 2026-06-30T17:56:10.286Z - [REQUEST]: 
[NX v21.6.11 Daemon Server] - 2026-06-30T17:56:10.287Z - Time taken for 'hash changed files from watcher' 0.18008399999234825ms
Time for 'nx/core/project-json:createNodes' 0.5424999999959255
Time for 'nx/core/package-json:createNodes' 0.710957999996026
Time for 'nx/js/dependencies-and-lockfile:createNodes' 4.050791999994544
[NX v21.6.11 Daemon Server] - 2026-06-30T17:56:10.298Z - Time taken for 'build-project-configs' 8.215832999994745ms
Time for 'build typescript dependencies' 0.020042000003741123
[NX v21.6.11 Daemon Server] - 2026-06-30T17:56:10.309Z - [SYNC]: collect registered sync generators
[NX v21.6.11 Daemon Server] - 2026-06-30T17:56:10.309Z - [SYNC]: project graph hash is the same, not collecting task sync generators
[NX v21.6.11 Daemon Server] - 2026-06-30T17:56:10.310Z - [SYNC]: nx.json hash is the same, not collecting global sync generators
[NX v21.6.11 Daemon Server] - 2026-06-30T17:56:10.310Z - Time taken for 'total execution time for createProjectGraph()' 13.318708000006154ms
[NX v21.6.11 Daemon Server] - 2026-06-30T17:56:11.055Z - [WATCHER]: 0 file(s) created or restored, 2 file(s) modified, 0 file(s) deleted
[NX v21.6.11 Daemon Server] - 2026-06-30T17:56:11.056Z - [WATCHER]: Processing file changes in outputs
[NX v21.6.11 Daemon Server] - 2026-06-30T17:56:12.656Z - [REQUEST]: Updated workspace context based on watched changes, recomputing project graph...
[NX v21.6.11 Daemon Server] - 2026-06-30T17:56:12.656Z - [REQUEST]: .kiro/specs/food-truck-locator/tasks.meta.json,.kiro/specs/food-truck-locator/tasks.md
[NX v21.6.11 Daemon Server] - 2026-06-30T17:56:12.656Z - [REQUEST]: 
[NX v21.6.11 Daemon Server] - 2026-06-30T17:56:12.657Z - Time taken for 'hash changed files from watcher' 0.2348749999946449ms
Time for 'nx/core/project-json:createNodes' 0.30816699999559205
Time for 'nx/core/package-json:createNodes' 0.4051670000044396
Time for 'nx/js/dependencies-and-lockfile:createNodes' 2.919292000005953
[NX v21.6.11 Daemon Server] - 2026-06-30T17:56:12.669Z - Time taken for 'build-project-configs' 8.170166999989306ms
Time for 'build typescript dependencies' 0.017584000001079403
[NX v21.6.11 Daemon Server] - 2026-06-30T17:56:12.681Z - [SYNC]: collect registered sync generators
[NX v21.6.11 Daemon Server] - 2026-06-30T17:56:12.681Z - [SYNC]: project graph hash is the same, not collecting task sync generators
[NX v21.6.11 Daemon Server] - 2026-06-30T17:56:12.681Z - [SYNC]: nx.json hash is the same, not collecting global sync generators
[NX v21.6.11 Daemon Server] - 2026-06-30T17:56:12.682Z - Time taken for 'total execution time for createProjectGraph()' 15.196332999999868ms
[NX v21.6.11 Daemon Server] - 2026-06-30T17:57:03.202Z - [WATCHER]: apps/back/src/facility/ingestion.processor.ts was created or restored
[NX v21.6.11 Daemon Server] - 2026-06-30T17:57:03.203Z - [WATCHER]: Processing file changes in outputs
[NX v21.6.11 Daemon Server] - 2026-06-30T17:57:03.306Z - [REQUEST]: Updated workspace context based on watched changes, recomputing project graph...
[NX v21.6.11 Daemon Server] - 2026-06-30T17:57:03.306Z - [REQUEST]: apps/back/src/facility/ingestion.processor.ts
[NX v21.6.11 Daemon Server] - 2026-06-30T17:57:03.306Z - [REQUEST]: 
[NX v21.6.11 Daemon Server] - 2026-06-30T17:57:03.317Z - Time taken for 'hash changed files from watcher' 0.14395900000818074ms
Time for 'nx/core/package-json:createNodes' 2.1347079999977723
Time for 'nx/core/project-json:createNodes' 2.5840420000022277
Time for 'nx/js/dependencies-and-lockfile:createNodes' 18.394415999995545
[NX v21.6.11 Daemon Server] - 2026-06-30T17:57:03.360Z - Time taken for 'build-project-configs' 40.60391599999275ms
Time for 'build typescript dependencies' 12.297167000011541
[NX v21.6.11 Daemon Server] - 2026-06-30T17:57:03.396Z - [SYNC]: collect registered sync generators
[NX v21.6.11 Daemon Server] - 2026-06-30T17:57:03.396Z - [SYNC]: project graph hash is the same, not collecting task sync generators
[NX v21.6.11 Daemon Server] - 2026-06-30T17:57:03.396Z - [SYNC]: nx.json hash is the same, not collecting global sync generators
[NX v21.6.11 Daemon Server] - 2026-06-30T17:57:03.397Z - Time taken for 'total execution time for createProjectGraph()' 40.38495799998054ms
[NX v21.6.11 Daemon Server] - 2026-06-30T17:57:10.625Z - [WATCHER]: Processing file changes in outputs
[NX v21.6.11 Daemon Server] - 2026-06-30T17:57:10.627Z - [WATCHER]: apps/back/src/facility/facility.module.ts was modified
[NX v21.6.11 Daemon Server] - 2026-06-30T17:57:10.828Z - [REQUEST]: Updated workspace context based on watched changes, recomputing project graph...
[NX v21.6.11 Daemon Server] - 2026-06-30T17:57:10.828Z - [REQUEST]: apps/back/src/facility/facility.module.ts
[NX v21.6.11 Daemon Server] - 2026-06-30T17:57:10.828Z - [REQUEST]: 
[NX v21.6.11 Daemon Server] - 2026-06-30T17:57:10.829Z - Time taken for 'hash changed files from watcher' 0.17270900000585243ms
Time for 'nx/core/package-json:createNodes' 0.6102919999975711
Time for 'nx/core/project-json:createNodes' 0.563125000015134
Time for 'nx/js/dependencies-and-lockfile:createNodes' 3.6346250000060536
[NX v21.6.11 Daemon Server] - 2026-06-30T17:57:10.841Z - Time taken for 'build-project-configs' 8.862999999983003ms
Time for 'build typescript dependencies' 3.9365410000027623
[NX v21.6.11 Daemon Server] - 2026-06-30T17:57:10.864Z - [SYNC]: collect registered sync generators
[NX v21.6.11 Daemon Server] - 2026-06-30T17:57:10.864Z - [SYNC]: project graph hash is the same, not collecting task sync generators
[NX v21.6.11 Daemon Server] - 2026-06-30T17:57:10.864Z - [SYNC]: nx.json hash is the same, not collecting global sync generators
[NX v21.6.11 Daemon Server] - 2026-06-30T17:57:10.864Z - Time taken for 'total execution time for createProjectGraph()' 24.195166000019526ms
[NX v21.6.11 Daemon Server] - 2026-06-30T17:57:23.573Z - [WATCHER]: apps/bff/src/facility/facility.entity.ts was created or restored
[NX v21.6.11 Daemon Server] - 2026-06-30T17:57:23.574Z - [WATCHER]: Processing file changes in outputs
[NX v21.6.11 Daemon Server] - 2026-06-30T17:57:23.675Z - [REQUEST]: Updated workspace context based on watched changes, recomputing project graph...
[NX v21.6.11 Daemon Server] - 2026-06-30T17:57:23.675Z - [REQUEST]: apps/bff/src/facility/facility.entity.ts
[NX v21.6.11 Daemon Server] - 2026-06-30T17:57:23.675Z - [REQUEST]: 
[NX v21.6.11 Daemon Server] - 2026-06-30T17:57:23.677Z - Time taken for 'hash changed files from watcher' 0.15808299998752773ms
Time for 'nx/core/package-json:createNodes' 6.886208000010811
Time for 'nx/core/project-json:createNodes' 5.885500000003958
Time for 'nx/js/dependencies-and-lockfile:createNodes' 12.840625000011642
[NX v21.6.11 Daemon Server] - 2026-06-30T17:57:23.706Z - Time taken for 'build-project-configs' 23.91937499999767ms
Time for 'build typescript dependencies' 6.794292000005953
[NX v21.6.11 Daemon Server] - 2026-06-30T17:57:23.725Z - [SYNC]: collect registered sync generators
[NX v21.6.11 Daemon Server] - 2026-06-30T17:57:23.726Z - [SYNC]: project graph hash is the same, not collecting task sync generators
[NX v21.6.11 Daemon Server] - 2026-06-30T17:57:23.726Z - [SYNC]: nx.json hash is the same, not collecting global sync generators
[NX v21.6.11 Daemon Server] - 2026-06-30T17:57:23.726Z - Time taken for 'total execution time for createProjectGraph()' 22.8464999999851ms
[NX v21.6.11 Daemon Server] - 2026-06-30T17:57:26.075Z - [WATCHER]: apps/back/src/facility/facility.module.ts was modified
[NX v21.6.11 Daemon Server] - 2026-06-30T17:57:26.075Z - [WATCHER]: Processing file changes in outputs
[NX v21.6.11 Daemon Server] - 2026-06-30T17:57:26.277Z - [REQUEST]: Updated workspace context based on watched changes, recomputing project graph...
[NX v21.6.11 Daemon Server] - 2026-06-30T17:57:26.277Z - [REQUEST]: apps/back/src/facility/facility.module.ts
[NX v21.6.11 Daemon Server] - 2026-06-30T17:57:26.277Z - [REQUEST]: 
[NX v21.6.11 Daemon Server] - 2026-06-30T17:57:26.283Z - Time taken for 'hash changed files from watcher' 0.26204100000904873ms
Time for 'nx/core/package-json:createNodes' 0.5257500000006985
Time for 'nx/core/project-json:createNodes' 0.6199169999745209
Time for 'nx/js/dependencies-and-lockfile:createNodes' 7.864417000004323
[NX v21.6.11 Daemon Server] - 2026-06-30T17:57:26.299Z - Time taken for 'build-project-configs' 12.81683399999747ms
Time for 'build typescript dependencies' 1.8340000000025611
[NX v21.6.11 Daemon Server] - 2026-06-30T17:57:26.332Z - [SYNC]: collect registered sync generators
[NX v21.6.11 Daemon Server] - 2026-06-30T17:57:26.333Z - [SYNC]: project graph hash is the same, not collecting task sync generators
[NX v21.6.11 Daemon Server] - 2026-06-30T17:57:26.333Z - [SYNC]: nx.json hash is the same, not collecting global sync generators
[NX v21.6.11 Daemon Server] - 2026-06-30T17:57:26.333Z - Time taken for 'total execution time for createProjectGraph()' 35.00649999998859ms
[NX v21.6.11 Daemon Server] - 2026-06-30T17:57:31.165Z - [WATCHER]: apps/bff/src/facility/facility-cache.service.ts was created or restored
[NX v21.6.11 Daemon Server] - 2026-06-30T17:57:31.166Z - [WATCHER]: Processing file changes in outputs
[NX v21.6.11 Daemon Server] - 2026-06-30T17:57:31.266Z - [REQUEST]: Updated workspace context based on watched changes, recomputing project graph...
[NX v21.6.11 Daemon Server] - 2026-06-30T17:57:31.267Z - [REQUEST]: apps/bff/src/facility/facility-cache.service.ts
[NX v21.6.11 Daemon Server] - 2026-06-30T17:57:31.267Z - [REQUEST]: 
[NX v21.6.11 Daemon Server] - 2026-06-30T17:57:31.268Z - Time taken for 'hash changed files from watcher' 0.14999999999417923ms
Time for 'nx/core/project-json:createNodes' 0.9359169999952428
Time for 'nx/core/package-json:createNodes' 1.0765419999952428
Time for 'nx/js/dependencies-and-lockfile:createNodes' 4.810375000000931
[NX v21.6.11 Daemon Server] - 2026-06-30T17:57:31.284Z - Time taken for 'build-project-configs' 13.512083999987226ms
Time for 'build typescript dependencies' 4.147750000003725
[NX v21.6.11 Daemon Server] - 2026-06-30T17:57:31.299Z - [SYNC]: collect registered sync generators
[NX v21.6.11 Daemon Server] - 2026-06-30T17:57:31.299Z - [SYNC]: project graph hash is the same, not collecting task sync generators
[NX v21.6.11 Daemon Server] - 2026-06-30T17:57:31.299Z - [SYNC]: nx.json hash is the same, not collecting global sync generators
[NX v21.6.11 Daemon Server] - 2026-06-30T17:57:31.299Z - Time taken for 'total execution time for createProjectGraph()' 16.717749999981606ms
[NX v21.6.11 Daemon Server] - 2026-06-30T17:57:48.835Z - [WATCHER]: apps/bff/src/facility/facility.service.ts was created or restored
[NX v21.6.11 Daemon Server] - 2026-06-30T17:57:48.837Z - [WATCHER]: Processing file changes in outputs
[NX v21.6.11 Daemon Server] - 2026-06-30T17:57:48.939Z - [REQUEST]: Updated workspace context based on watched changes, recomputing project graph...
[NX v21.6.11 Daemon Server] - 2026-06-30T17:57:48.939Z - [REQUEST]: apps/bff/src/facility/facility.service.ts
[NX v21.6.11 Daemon Server] - 2026-06-30T17:57:48.939Z - [REQUEST]: 
[NX v21.6.11 Daemon Server] - 2026-06-30T17:57:48.941Z - Time taken for 'hash changed files from watcher' 0.16550000000279397ms
Time for 'nx/core/package-json:createNodes' 1.0958749999990687
Time for 'nx/core/project-json:createNodes' 1.3665420000033919
Time for 'nx/js/dependencies-and-lockfile:createNodes' 6.658125000016298
[NX v21.6.11 Daemon Server] - 2026-06-30T17:57:48.959Z - Time taken for 'build-project-configs' 14.870999999984633ms
Time for 'build typescript dependencies' 5.221208000002662
[NX v21.6.11 Daemon Server] - 2026-06-30T17:57:48.981Z - [SYNC]: collect registered sync generators
[NX v21.6.11 Daemon Server] - 2026-06-30T17:57:48.981Z - [SYNC]: project graph hash is the same, not collecting task sync generators
[NX v21.6.11 Daemon Server] - 2026-06-30T17:57:48.981Z - [SYNC]: nx.json hash is the same, not collecting global sync generators
[NX v21.6.11 Daemon Server] - 2026-06-30T17:57:48.981Z - Time taken for 'total execution time for createProjectGraph()' 24.03870800000732ms
[NX v21.6.11 Daemon Server] - 2026-06-30T17:58:05.493Z - [WATCHER]: Processing file changes in outputs
[NX v21.6.11 Daemon Server] - 2026-06-30T17:58:05.495Z - [WATCHER]: apps/bff/src/facility/facility-cache.service.spec.ts was created or restored
[NX v21.6.11 Daemon Server] - 2026-06-30T17:58:05.596Z - [REQUEST]: Updated workspace context based on watched changes, recomputing project graph...
[NX v21.6.11 Daemon Server] - 2026-06-30T17:58:05.596Z - [REQUEST]: apps/bff/src/facility/facility-cache.service.spec.ts
[NX v21.6.11 Daemon Server] - 2026-06-30T17:58:05.596Z - [REQUEST]: 
[NX v21.6.11 Daemon Server] - 2026-06-30T17:58:05.598Z - Time taken for 'hash changed files from watcher' 0.1551659999822732ms
Time for 'nx/core/project-json:createNodes' 2.444000000017695
Time for 'nx/core/package-json:createNodes' 2.938583999988623
Time for 'nx/js/dependencies-and-lockfile:createNodes' 12.20033299998613
[NX v21.6.11 Daemon Server] - 2026-06-30T17:58:05.626Z - Time taken for 'build-project-configs' 25.694250000000466ms
Time for 'build typescript dependencies' 7.256750000000466
[NX v21.6.11 Daemon Server] - 2026-06-30T17:58:05.648Z - [SYNC]: collect registered sync generators
[NX v21.6.11 Daemon Server] - 2026-06-30T17:58:05.649Z - [SYNC]: project graph hash is the same, not collecting task sync generators
[NX v21.6.11 Daemon Server] - 2026-06-30T17:58:05.649Z - [SYNC]: nx.json hash is the same, not collecting global sync generators
[NX v21.6.11 Daemon Server] - 2026-06-30T17:58:05.649Z - Time taken for 'total execution time for createProjectGraph()' 23.867834000004223ms
[NX v21.6.11 Daemon Server] - 2026-06-30T17:58:06.414Z - Established a connection. Number of open connections: 1
[NX v21.6.11 Daemon Server] - 2026-06-30T17:58:06.415Z - Closed a connection. Number of open connections: 0
[NX v21.6.11 Daemon Server] - 2026-06-30T17:58:06.415Z - Established a connection. Number of open connections: 1
[NX v21.6.11 Daemon Server] - 2026-06-30T17:58:06.417Z - [REQUEST]: Client Request for Project Graph Received
[NX v21.6.11 Daemon Server] - 2026-06-30T17:58:06.417Z - Reusing in-memory cached project graph because no files changed.
[NX v21.6.11 Daemon Server] - 2026-06-30T17:58:06.421Z - Wrote project graph cache to /Users/leonardosegars/Repos/foodtrack/.nx/workspace-data/project-graph.json
[NX v21.6.11 Daemon Server] - 2026-06-30T17:58:06.422Z - [REQUEST]: Responding to the client. project-graph
[NX v21.6.11 Daemon Server] - 2026-06-30T17:58:06.422Z - Time taken for 'total for creating and serializing project graph' 4.532084000005852ms
[NX v21.6.11 Daemon Server] - 2026-06-30T17:58:06.424Z - Done responding to the client project-graph
[NX v21.6.11 Daemon Server] - 2026-06-30T17:58:06.424Z - Handled REQUEST_PROJECT_GRAPH. Handling time: 5. Response time: 2.
[NX v21.6.11 Daemon Server] - 2026-06-30T17:58:06.428Z - [REQUEST]: Responding to the client. handleRunPreTasksExecution
[NX v21.6.11 Daemon Server] - 2026-06-30T17:58:06.428Z - Done responding to the client handleRunPreTasksExecution
[NX v21.6.11 Daemon Server] - 2026-06-30T17:58:06.428Z - Handled PRE_TASKS_EXECUTION. Handling time: 0. Response time: 0.
[NX v21.6.11 Daemon Server] - 2026-06-30T17:58:06.428Z - Time taken for 'preTasksExecution' 0.09795900000608526ms
[NX v21.6.11 Daemon Server] - 2026-06-30T17:58:06.465Z - Reusing in-memory cached project graph because no files changed.
[NX v21.6.11 Daemon Server] - 2026-06-30T17:58:06.469Z - Wrote project graph cache to /Users/leonardosegars/Repos/foodtrack/.nx/workspace-data/project-graph.json
DEBUG nx::native::tasks::hash_planner: get_plans_internal COMPLETED in 1.6625ms - processed 1 tasks (setup: 1.4395ms, parallel_planning: 220.459µs)
DEBUG nx::native::tasks::hashers::hash_workspace_files: Hashing workspace fileset{cache_key="nx.json,.gitignore,.nxignore"}: Adding "6093914340072391811" (".gitignore") to hash
DEBUG nx::native::tasks::hashers::hash_workspace_files: Hashing workspace fileset{cache_key="nx.json,.gitignore,.nxignore"}: Adding "1132752945439744087" ("nx.json") to hash
DEBUG nx::native::tasks::hashers::hash_workspace_files: Hashing workspace fileset{cache_key="nx.json,.gitignore,.nxignore"}: Hash Value: "3983678509802823269"
DEBUG nx::native::tasks::task_hasher: hash_plans COMPLETED in 1.47725ms - processed 1 plans (setup: 196.209µs, hashing: 1.280084ms, assembly: 425.958µs)
[NX v21.6.11 Daemon Server] - 2026-06-30T17:58:06.476Z - [REQUEST]: Responding to the client. handleHashTasks
[NX v21.6.11 Daemon Server] - 2026-06-30T17:58:06.476Z - Time taken for 'write cache' 3.368958000006387ms
[NX v21.6.11 Daemon Server] - 2026-06-30T17:58:06.477Z - Done responding to the client handleHashTasks
[NX v21.6.11 Daemon Server] - 2026-06-30T17:58:06.477Z - Handled HASH_TASKS. Handling time: 11. Response time: 1.
[NX v21.6.11 Daemon Server] - 2026-06-30T17:58:06.518Z - [REQUEST]: Responding to the client. handleGetEstimatedTaskTimings
[NX v21.6.11 Daemon Server] - 2026-06-30T17:58:06.518Z - Done responding to the client handleGetEstimatedTaskTimings
[NX v21.6.11 Daemon Server] - 2026-06-30T17:58:06.518Z - Handled GET_ESTIMATED_TASK_TIMINGS. Handling time: 0. Response time: 0.
[NX v21.6.11 Daemon Server] - 2026-06-30T17:58:07.422Z - [REQUEST]: Responding to the client. recordOutputsHash
[NX v21.6.11 Daemon Server] - 2026-06-30T17:58:07.422Z - Done responding to the client recordOutputsHash
[NX v21.6.11 Daemon Server] - 2026-06-30T17:58:07.422Z - Handled RECORD_OUTPUTS_HASH. Handling time: 0. Response time: 0.
[NX v21.6.11 Daemon Server] - 2026-06-30T17:58:07.424Z - [REQUEST]: Responding to the client. handleRecordTaskRuns
[NX v21.6.11 Daemon Server] - 2026-06-30T17:58:07.424Z - Done responding to the client handleRecordTaskRuns
[NX v21.6.11 Daemon Server] - 2026-06-30T17:58:07.424Z - Handled RECORD_TASK_RUNS. Handling time: 1. Response time: 0.
[NX v21.6.11 Daemon Server] - 2026-06-30T17:58:07.424Z - [REQUEST]: Responding to the client. handleGetFlakyTasks
[NX v21.6.11 Daemon Server] - 2026-06-30T17:58:07.425Z - Done responding to the client handleGetFlakyTasks
[NX v21.6.11 Daemon Server] - 2026-06-30T17:58:07.425Z - Handled GET_FLAKY_TASKS. Handling time: 0. Response time: 1.
[NX v21.6.11 Daemon Server] - 2026-06-30T17:58:07.532Z - [REQUEST]: Responding to the client. handleRunPostTasksExecution
[NX v21.6.11 Daemon Server] - 2026-06-30T17:58:07.532Z - Done responding to the client handleRunPostTasksExecution
[NX v21.6.11 Daemon Server] - 2026-06-30T17:58:07.532Z - Handled POST_TASKS_EXECUTION. Handling time: 0. Response time: 0.
[NX v21.6.11 Daemon Server] - 2026-06-30T17:58:07.532Z - Time taken for 'postTasksExecution' 0.08187500000349246ms
[NX v21.6.11 Daemon Server] - 2026-06-30T17:58:07.536Z - Closed a connection. Number of open connections: 0
[NX v21.6.11 Daemon Server] - 2026-06-30T17:58:13.066Z - Established a connection. Number of open connections: 1
[NX v21.6.11 Daemon Server] - 2026-06-30T17:58:13.067Z - Closed a connection. Number of open connections: 0
[NX v21.6.11 Daemon Server] - 2026-06-30T17:58:13.067Z - Established a connection. Number of open connections: 1
[NX v21.6.11 Daemon Server] - 2026-06-30T17:58:13.068Z - [REQUEST]: Client Request for Project Graph Received
[NX v21.6.11 Daemon Server] - 2026-06-30T17:58:13.068Z - Reusing in-memory cached project graph because no files changed.
[NX v21.6.11 Daemon Server] - 2026-06-30T17:58:13.072Z - Wrote project graph cache to /Users/leonardosegars/Repos/foodtrack/.nx/workspace-data/project-graph.json
[NX v21.6.11 Daemon Server] - 2026-06-30T17:58:13.072Z - [REQUEST]: Responding to the client. project-graph
[NX v21.6.11 Daemon Server] - 2026-06-30T17:58:13.072Z - Time taken for 'total for creating and serializing project graph' 3.3881249999976717ms
[NX v21.6.11 Daemon Server] - 2026-06-30T17:58:13.074Z - Done responding to the client project-graph
[NX v21.6.11 Daemon Server] - 2026-06-30T17:58:13.074Z - Handled REQUEST_PROJECT_GRAPH. Handling time: 4. Response time: 2.
[NX v21.6.11 Daemon Server] - 2026-06-30T17:58:13.080Z - [REQUEST]: Responding to the client. handleRunPreTasksExecution
[NX v21.6.11 Daemon Server] - 2026-06-30T17:58:13.080Z - Done responding to the client handleRunPreTasksExecution
[NX v21.6.11 Daemon Server] - 2026-06-30T17:58:13.080Z - Handled PRE_TASKS_EXECUTION. Handling time: 0. Response time: 0.
[NX v21.6.11 Daemon Server] - 2026-06-30T17:58:13.080Z - Time taken for 'preTasksExecution' 0.07945799999288283ms
[NX v21.6.11 Daemon Server] - 2026-06-30T17:58:13.112Z - Reusing in-memory cached project graph because no files changed.
[NX v21.6.11 Daemon Server] - 2026-06-30T17:58:13.115Z - Wrote project graph cache to /Users/leonardosegars/Repos/foodtrack/.nx/workspace-data/project-graph.json
DEBUG nx::native::tasks::hash_planner: get_plans_internal COMPLETED in 1.658ms - processed 1 tasks (setup: 1.472583ms, parallel_planning: 182.209µs)
DEBUG nx::native::tasks::task_hasher: hash_plans COMPLETED in 1.514042ms - processed 1 plans (setup: 233.958µs, hashing: 1.278458ms, assembly: 437.291µs)
[NX v21.6.11 Daemon Server] - 2026-06-30T17:58:13.122Z - [REQUEST]: Responding to the client. handleHashTasks
[NX v21.6.11 Daemon Server] - 2026-06-30T17:58:13.122Z - Time taken for 'write cache' 3.1306250000197906ms
[NX v21.6.11 Daemon Server] - 2026-06-30T17:58:13.123Z - Done responding to the client handleHashTasks
[NX v21.6.11 Daemon Server] - 2026-06-30T17:58:13.123Z - Handled HASH_TASKS. Handling time: 10. Response time: 1.
[NX v21.6.11 Daemon Server] - 2026-06-30T17:58:13.185Z - [REQUEST]: Responding to the client. handleGetEstimatedTaskTimings
[NX v21.6.11 Daemon Server] - 2026-06-30T17:58:13.185Z - Done responding to the client handleGetEstimatedTaskTimings
[NX v21.6.11 Daemon Server] - 2026-06-30T17:58:13.186Z - Handled GET_ESTIMATED_TASK_TIMINGS. Handling time: 0. Response time: 1.
[NX v21.6.11 Daemon Server] - 2026-06-30T17:58:14.534Z - [REQUEST]: Responding to the client. recordOutputsHash
[NX v21.6.11 Daemon Server] - 2026-06-30T17:58:14.534Z - Done responding to the client recordOutputsHash
[NX v21.6.11 Daemon Server] - 2026-06-30T17:58:14.534Z - Handled RECORD_OUTPUTS_HASH. Handling time: 0. Response time: 0.
[NX v21.6.11 Daemon Server] - 2026-06-30T17:58:14.537Z - [REQUEST]: Responding to the client. handleRecordTaskRuns
[NX v21.6.11 Daemon Server] - 2026-06-30T17:58:14.537Z - Done responding to the client handleRecordTaskRuns
[NX v21.6.11 Daemon Server] - 2026-06-30T17:58:14.537Z - Handled RECORD_TASK_RUNS. Handling time: 1. Response time: 0.
[NX v21.6.11 Daemon Server] - 2026-06-30T17:58:14.537Z - [REQUEST]: Responding to the client. handleGetFlakyTasks
[NX v21.6.11 Daemon Server] - 2026-06-30T17:58:14.537Z - Done responding to the client handleGetFlakyTasks
[NX v21.6.11 Daemon Server] - 2026-06-30T17:58:14.537Z - Handled GET_FLAKY_TASKS. Handling time: 0. Response time: 0.
[NX v21.6.11 Daemon Server] - 2026-06-30T17:58:14.643Z - [REQUEST]: Responding to the client. handleRunPostTasksExecution
[NX v21.6.11 Daemon Server] - 2026-06-30T17:58:14.643Z - Done responding to the client handleRunPostTasksExecution
[NX v21.6.11 Daemon Server] - 2026-06-30T17:58:14.643Z - Handled POST_TASKS_EXECUTION. Handling time: 0. Response time: 0.
[NX v21.6.11 Daemon Server] - 2026-06-30T17:58:14.643Z - Time taken for 'postTasksExecution' 0.07487500002025627ms
[NX v21.6.11 Daemon Server] - 2026-06-30T17:58:14.647Z - Closed a connection. Number of open connections: 0
[NX v21.6.11 Daemon Server] - 2026-06-30T17:59:32.207Z - Established a connection. Number of open connections: 1
[NX v21.6.11 Daemon Server] - 2026-06-30T17:59:32.210Z - Established a connection. Number of open connections: 2
[NX v21.6.11 Daemon Server] - 2026-06-30T17:59:32.211Z - Closed a connection. Number of open connections: 1
[NX v21.6.11 Daemon Server] - 2026-06-30T17:59:32.215Z - [REQUEST]: Client Request for Project Graph Received
[NX v21.6.11 Daemon Server] - 2026-06-30T17:59:32.215Z - Reusing in-memory cached project graph because no files changed.
[NX v21.6.11 Daemon Server] - 2026-06-30T17:59:32.219Z - Wrote project graph cache to /Users/leonardosegars/Repos/foodtrack/.nx/workspace-data/project-graph.json
[NX v21.6.11 Daemon Server] - 2026-06-30T17:59:32.220Z - [REQUEST]: Responding to the client. project-graph
[NX v21.6.11 Daemon Server] - 2026-06-30T17:59:32.220Z - Time taken for 'total for creating and serializing project graph' 4.487250000005588ms
[NX v21.6.11 Daemon Server] - 2026-06-30T17:59:32.222Z - Done responding to the client project-graph
[NX v21.6.11 Daemon Server] - 2026-06-30T17:59:32.222Z - Handled REQUEST_PROJECT_GRAPH. Handling time: 5. Response time: 2.
[NX v21.6.11 Daemon Server] - 2026-06-30T17:59:32.226Z - [REQUEST]: Responding to the client. handleRunPreTasksExecution
[NX v21.6.11 Daemon Server] - 2026-06-30T17:59:32.226Z - Done responding to the client handleRunPreTasksExecution
[NX v21.6.11 Daemon Server] - 2026-06-30T17:59:32.226Z - Handled PRE_TASKS_EXECUTION. Handling time: 0. Response time: 0.
[NX v21.6.11 Daemon Server] - 2026-06-30T17:59:32.226Z - Time taken for 'preTasksExecution' 0.09412500000325963ms
[NX v21.6.11 Daemon Server] - 2026-06-30T17:59:32.264Z - Reusing in-memory cached project graph because no files changed.
[NX v21.6.11 Daemon Server] - 2026-06-30T17:59:32.267Z - Wrote project graph cache to /Users/leonardosegars/Repos/foodtrack/.nx/workspace-data/project-graph.json
DEBUG nx::native::tasks::hash_planner: get_plans_internal COMPLETED in 1.925625ms - processed 1 tasks (setup: 1.661041ms, parallel_planning: 262.042µs)
DEBUG nx::native::tasks::task_hasher: hash_plans COMPLETED in 1.541958ms - processed 1 plans (setup: 249.417µs, hashing: 1.291416ms, assembly: 504.792µs)
[NX v21.6.11 Daemon Server] - 2026-06-30T17:59:32.271Z - [REQUEST]: Responding to the client. handleHashTasks
[NX v21.6.11 Daemon Server] - 2026-06-30T17:59:32.272Z - Time taken for 'write cache' 3.2569580000126734ms
[NX v21.6.11 Daemon Server] - 2026-06-30T17:59:32.272Z - Done responding to the client handleHashTasks
[NX v21.6.11 Daemon Server] - 2026-06-30T17:59:32.272Z - Handled HASH_TASKS. Handling time: 7. Response time: 1.
[NX v21.6.11 Daemon Server] - 2026-06-30T17:59:32.325Z - [REQUEST]: Responding to the client. handleGetEstimatedTaskTimings
[NX v21.6.11 Daemon Server] - 2026-06-30T17:59:32.325Z - Done responding to the client handleGetEstimatedTaskTimings
[NX v21.6.11 Daemon Server] - 2026-06-30T17:59:32.325Z - Handled GET_ESTIMATED_TASK_TIMINGS. Handling time: 0. Response time: 0.
[NX v21.6.11 Daemon Server] - 2026-06-30T17:59:33.498Z - [REQUEST]: Responding to the client. recordOutputsHash
[NX v21.6.11 Daemon Server] - 2026-06-30T17:59:33.498Z - Done responding to the client recordOutputsHash
[NX v21.6.11 Daemon Server] - 2026-06-30T17:59:33.498Z - Handled RECORD_OUTPUTS_HASH. Handling time: 0. Response time: 0.
[NX v21.6.11 Daemon Server] - 2026-06-30T17:59:33.499Z - [REQUEST]: Responding to the client. handleRecordTaskRuns
[NX v21.6.11 Daemon Server] - 2026-06-30T17:59:33.499Z - Done responding to the client handleRecordTaskRuns
[NX v21.6.11 Daemon Server] - 2026-06-30T17:59:33.499Z - Handled RECORD_TASK_RUNS. Handling time: 0. Response time: 0.
[NX v21.6.11 Daemon Server] - 2026-06-30T17:59:33.500Z - [REQUEST]: Responding to the client. handleGetFlakyTasks
[NX v21.6.11 Daemon Server] - 2026-06-30T17:59:33.500Z - Done responding to the client handleGetFlakyTasks
[NX v21.6.11 Daemon Server] - 2026-06-30T17:59:33.500Z - Handled GET_FLAKY_TASKS. Handling time: 0. Response time: 0.
[NX v21.6.11 Daemon Server] - 2026-06-30T17:59:33.608Z - [REQUEST]: Responding to the client. handleRunPostTasksExecution
[NX v21.6.11 Daemon Server] - 2026-06-30T17:59:33.608Z - Done responding to the client handleRunPostTasksExecution
[NX v21.6.11 Daemon Server] - 2026-06-30T17:59:33.608Z - Handled POST_TASKS_EXECUTION. Handling time: 0. Response time: 0.
[NX v21.6.11 Daemon Server] - 2026-06-30T17:59:33.608Z - Time taken for 'postTasksExecution' 0.06575000000884756ms
[NX v21.6.11 Daemon Server] - 2026-06-30T17:59:33.613Z - Closed a connection. Number of open connections: 0
[NX v21.6.11 Daemon Server] - 2026-06-30T18:00:12.194Z - [WATCHER]: apps/bff/src/facility/facility.service.spec.ts was created or restored
[NX v21.6.11 Daemon Server] - 2026-06-30T18:00:12.195Z - [WATCHER]: Processing file changes in outputs
[NX v21.6.11 Daemon Server] - 2026-06-30T18:00:12.296Z - [REQUEST]: Updated workspace context based on watched changes, recomputing project graph...
[NX v21.6.11 Daemon Server] - 2026-06-30T18:00:12.296Z - [REQUEST]: apps/bff/src/facility/facility.service.spec.ts
[NX v21.6.11 Daemon Server] - 2026-06-30T18:00:12.296Z - [REQUEST]: 
[NX v21.6.11 Daemon Server] - 2026-06-30T18:00:12.298Z - Time taken for 'hash changed files from watcher' 0.24279099999694154ms
Time for 'nx/core/project-json:createNodes' 2.9905840000137687
Time for 'nx/core/package-json:createNodes' 4.072583000001032
Time for 'nx/js/dependencies-and-lockfile:createNodes' 17.903499999956694
[NX v21.6.11 Daemon Server] - 2026-06-30T18:00:12.334Z - Time taken for 'build-project-configs' 31.676083000027575ms
Time for 'build typescript dependencies' 3.426249999960419
[NX v21.6.11 Daemon Server] - 2026-06-30T18:00:12.373Z - [SYNC]: collect registered sync generators
[NX v21.6.11 Daemon Server] - 2026-06-30T18:00:12.373Z - [SYNC]: project graph hash is the same, not collecting task sync generators
[NX v21.6.11 Daemon Server] - 2026-06-30T18:00:12.373Z - [SYNC]: nx.json hash is the same, not collecting global sync generators
[NX v21.6.11 Daemon Server] - 2026-06-30T18:00:12.374Z - Time taken for 'total execution time for createProjectGraph()' 42.85587500000838ms
[NX v21.6.11 Daemon Server] - 2026-06-30T18:00:23.784Z - Established a connection. Number of open connections: 1
[NX v21.6.11 Daemon Server] - 2026-06-30T18:00:23.788Z - Established a connection. Number of open connections: 2
[NX v21.6.11 Daemon Server] - 2026-06-30T18:00:23.788Z - Closed a connection. Number of open connections: 1
[NX v21.6.11 Daemon Server] - 2026-06-30T18:00:23.791Z - [REQUEST]: Client Request for Project Graph Received
[NX v21.6.11 Daemon Server] - 2026-06-30T18:00:23.792Z - Reusing in-memory cached project graph because no files changed.
[NX v21.6.11 Daemon Server] - 2026-06-30T18:00:23.808Z - Wrote project graph cache to /Users/leonardosegars/Repos/foodtrack/.nx/workspace-data/project-graph.json
[NX v21.6.11 Daemon Server] - 2026-06-30T18:00:23.808Z - [REQUEST]: Responding to the client. project-graph
[NX v21.6.11 Daemon Server] - 2026-06-30T18:00:23.809Z - Time taken for 'total for creating and serializing project graph' 16.89329199999338ms
[NX v21.6.11 Daemon Server] - 2026-06-30T18:00:23.813Z - Done responding to the client project-graph
[NX v21.6.11 Daemon Server] - 2026-06-30T18:00:23.813Z - Handled REQUEST_PROJECT_GRAPH. Handling time: 17. Response time: 5.
[NX v21.6.11 Daemon Server] - 2026-06-30T18:00:23.821Z - [REQUEST]: Responding to the client. handleRunPreTasksExecution
[NX v21.6.11 Daemon Server] - 2026-06-30T18:00:23.821Z - Done responding to the client handleRunPreTasksExecution
[NX v21.6.11 Daemon Server] - 2026-06-30T18:00:23.821Z - Handled PRE_TASKS_EXECUTION. Handling time: 1. Response time: 0.
[NX v21.6.11 Daemon Server] - 2026-06-30T18:00:23.821Z - Time taken for 'preTasksExecution' 0.31537500000558794ms
[NX v21.6.11 Daemon Server] - 2026-06-30T18:00:23.882Z - Reusing in-memory cached project graph because no files changed.
[NX v21.6.11 Daemon Server] - 2026-06-30T18:00:23.885Z - Wrote project graph cache to /Users/leonardosegars/Repos/foodtrack/.nx/workspace-data/project-graph.json
DEBUG nx::native::tasks::hash_planner: get_plans_internal COMPLETED in 1.760959ms - processed 1 tasks (setup: 1.550375ms, parallel_planning: 207.5µs)
DEBUG nx::native::tasks::hashers::hash_workspace_files: Hashing workspace fileset{cache_key="nx.json,.gitignore,.nxignore"}: Adding "6093914340072391811" (".gitignore") to hash
DEBUG nx::native::tasks::hashers::hash_workspace_files: Hashing workspace fileset{cache_key="nx.json,.gitignore,.nxignore"}: Adding "1132752945439744087" ("nx.json") to hash
DEBUG nx::native::tasks::hashers::hash_workspace_files: Hashing workspace fileset{cache_key="nx.json,.gitignore,.nxignore"}: Hash Value: "3983678509802823269"
DEBUG nx::native::tasks::task_hasher: hash_plans COMPLETED in 1.455917ms - processed 1 plans (setup: 209.875µs, hashing: 1.245083ms, assembly: 428.083µs)
[NX v21.6.11 Daemon Server] - 2026-06-30T18:00:23.897Z - [REQUEST]: Responding to the client. handleHashTasks
[NX v21.6.11 Daemon Server] - 2026-06-30T18:00:23.897Z - Time taken for 'write cache' 3.486250000016298ms
[NX v21.6.11 Daemon Server] - 2026-06-30T18:00:23.897Z - Done responding to the client handleHashTasks
[NX v21.6.11 Daemon Server] - 2026-06-30T18:00:23.897Z - Handled HASH_TASKS. Handling time: 15. Response time: 0.
[NX v21.6.11 Daemon Server] - 2026-06-30T18:00:23.947Z - [REQUEST]: Responding to the client. handleGetEstimatedTaskTimings
[NX v21.6.11 Daemon Server] - 2026-06-30T18:00:23.947Z - Done responding to the client handleGetEstimatedTaskTimings
[NX v21.6.11 Daemon Server] - 2026-06-30T18:00:23.947Z - Handled GET_ESTIMATED_TASK_TIMINGS. Handling time: 0. Response time: 0.
[NX v21.6.11 Daemon Server] - 2026-06-30T18:00:25.527Z - [REQUEST]: Responding to the client. recordOutputsHash
[NX v21.6.11 Daemon Server] - 2026-06-30T18:00:25.527Z - Done responding to the client recordOutputsHash
[NX v21.6.11 Daemon Server] - 2026-06-30T18:00:25.527Z - Handled RECORD_OUTPUTS_HASH. Handling time: 0. Response time: 0.
[NX v21.6.11 Daemon Server] - 2026-06-30T18:00:25.533Z - [REQUEST]: Responding to the client. handleRecordTaskRuns
[NX v21.6.11 Daemon Server] - 2026-06-30T18:00:25.533Z - Done responding to the client handleRecordTaskRuns
[NX v21.6.11 Daemon Server] - 2026-06-30T18:00:25.533Z - Handled RECORD_TASK_RUNS. Handling time: 1. Response time: 0.
[NX v21.6.11 Daemon Server] - 2026-06-30T18:00:25.535Z - [REQUEST]: Responding to the client. handleGetFlakyTasks
[NX v21.6.11 Daemon Server] - 2026-06-30T18:00:25.535Z - Done responding to the client handleGetFlakyTasks
[NX v21.6.11 Daemon Server] - 2026-06-30T18:00:25.535Z - Handled GET_FLAKY_TASKS. Handling time: 0. Response time: 0.
[NX v21.6.11 Daemon Server] - 2026-06-30T18:00:25.655Z - [REQUEST]: Responding to the client. handleRunPostTasksExecution
[NX v21.6.11 Daemon Server] - 2026-06-30T18:00:25.655Z - Done responding to the client handleRunPostTasksExecution
[NX v21.6.11 Daemon Server] - 2026-06-30T18:00:25.655Z - Handled POST_TASKS_EXECUTION. Handling time: 0. Response time: 0.
[NX v21.6.11 Daemon Server] - 2026-06-30T18:00:25.656Z - Time taken for 'postTasksExecution' 0.07745899999281392ms
[NX v21.6.11 Daemon Server] - 2026-06-30T18:00:25.660Z - Closed a connection. Number of open connections: 0
[NX v21.6.11 Daemon Server] - 2026-06-30T18:00:44.230Z - [WATCHER]: 0 file(s) created or restored, 2 file(s) modified, 0 file(s) deleted
[NX v21.6.11 Daemon Server] - 2026-06-30T18:00:44.231Z - [WATCHER]: Processing file changes in outputs
[NX v21.6.11 Daemon Server] - 2026-06-30T18:00:44.332Z - [REQUEST]: Updated workspace context based on watched changes, recomputing project graph...
[NX v21.6.11 Daemon Server] - 2026-06-30T18:00:44.332Z - [REQUEST]: .kiro/specs/food-truck-locator/tasks.meta.json,.kiro/specs/food-truck-locator/tasks.md
[NX v21.6.11 Daemon Server] - 2026-06-30T18:00:44.332Z - [REQUEST]: 
[NX v21.6.11 Daemon Server] - 2026-06-30T18:00:44.334Z - Time taken for 'hash changed files from watcher' 0.25200000003678724ms
Time for 'nx/core/package-json:createNodes' 1.2229999999981374
Time for 'nx/core/project-json:createNodes' 1.440915999992285
Time for 'nx/js/dependencies-and-lockfile:createNodes' 9.633833999978378
[NX v21.6.11 Daemon Server] - 2026-06-30T18:00:44.355Z - Time taken for 'build-project-configs' 17.896499999973457ms
Time for 'build typescript dependencies' 0.023083999985828996
[NX v21.6.11 Daemon Server] - 2026-06-30T18:00:44.368Z - [SYNC]: collect registered sync generators
[NX v21.6.11 Daemon Server] - 2026-06-30T18:00:44.369Z - [SYNC]: project graph hash is the same, not collecting task sync generators
[NX v21.6.11 Daemon Server] - 2026-06-30T18:00:44.369Z - [SYNC]: nx.json hash is the same, not collecting global sync generators
[NX v21.6.11 Daemon Server] - 2026-06-30T18:00:44.369Z - Time taken for 'total execution time for createProjectGraph()' 16.285625000018626ms
[NX v21.6.11 Daemon Server] - 2026-06-30T18:00:45.116Z - [WATCHER]: 0 file(s) created or restored, 2 file(s) modified, 0 file(s) deleted
[NX v21.6.11 Daemon Server] - 2026-06-30T18:00:45.116Z - [WATCHER]: Processing file changes in outputs
[NX v21.6.11 Daemon Server] - 2026-06-30T18:00:45.317Z - [REQUEST]: Updated workspace context based on watched changes, recomputing project graph...
[NX v21.6.11 Daemon Server] - 2026-06-30T18:00:45.317Z - [REQUEST]: .kiro/specs/food-truck-locator/tasks.meta.json,.kiro/specs/food-truck-locator/tasks.md
[NX v21.6.11 Daemon Server] - 2026-06-30T18:00:45.317Z - [REQUEST]: 
[NX v21.6.11 Daemon Server] - 2026-06-30T18:00:45.318Z - Time taken for 'hash changed files from watcher' 0.1648329999879934ms
Time for 'nx/core/project-json:createNodes' 0.1594580000382848
Time for 'nx/core/package-json:createNodes' 0.2980000000097789
Time for 'nx/js/dependencies-and-lockfile:createNodes' 3.7957500000484288
[NX v21.6.11 Daemon Server] - 2026-06-30T18:00:45.330Z - Time taken for 'build-project-configs' 8.155708000005689ms
Time for 'build typescript dependencies' 0.017500000016298145
[NX v21.6.11 Daemon Server] - 2026-06-30T18:00:45.342Z - [SYNC]: collect registered sync generators
[NX v21.6.11 Daemon Server] - 2026-06-30T18:00:45.343Z - [SYNC]: project graph hash is the same, not collecting task sync generators
[NX v21.6.11 Daemon Server] - 2026-06-30T18:00:45.343Z - [SYNC]: nx.json hash is the same, not collecting global sync generators
[NX v21.6.11 Daemon Server] - 2026-06-30T18:00:45.343Z - Time taken for 'total execution time for createProjectGraph()' 15.298041000030935ms
[NX v21.6.11 Daemon Server] - 2026-06-30T18:00:46.081Z - [WATCHER]: .kiro/specs/food-truck-locator/tasks.md was modified
[NX v21.6.11 Daemon Server] - 2026-06-30T18:00:46.081Z - [WATCHER]: Processing file changes in outputs
[NX v21.6.11 Daemon Server] - 2026-06-30T18:00:46.131Z - [WATCHER]: Processing file changes in outputs
[NX v21.6.11 Daemon Server] - 2026-06-30T18:00:46.132Z - [WATCHER]: .kiro/specs/food-truck-locator/tasks.meta.json was modified
[NX v21.6.11 Daemon Server] - 2026-06-30T18:00:46.483Z - [REQUEST]: Updated workspace context based on watched changes, recomputing project graph...
[NX v21.6.11 Daemon Server] - 2026-06-30T18:00:46.483Z - [REQUEST]: .kiro/specs/food-truck-locator/tasks.md,.kiro/specs/food-truck-locator/tasks.meta.json
[NX v21.6.11 Daemon Server] - 2026-06-30T18:00:46.483Z - [REQUEST]: 
[NX v21.6.11 Daemon Server] - 2026-06-30T18:00:46.486Z - Time taken for 'hash changed files from watcher' 0.26762500003678724ms
Time for 'nx/core/project-json:createNodes' 0.15866700001060963
Time for 'nx/core/package-json:createNodes' 0.24641600000904873
Time for 'nx/js/dependencies-and-lockfile:createNodes' 7.303750000020955
[NX v21.6.11 Daemon Server] - 2026-06-30T18:00:46.499Z - Time taken for 'build-project-configs' 12.734915999986697ms
Time for 'build typescript dependencies' 0.012541999982204288
[NX v21.6.11 Daemon Server] - 2026-06-30T18:00:46.512Z - [SYNC]: collect registered sync generators
[NX v21.6.11 Daemon Server] - 2026-06-30T18:00:46.513Z - [SYNC]: project graph hash is the same, not collecting task sync generators
[NX v21.6.11 Daemon Server] - 2026-06-30T18:00:46.513Z - [SYNC]: nx.json hash is the same, not collecting global sync generators
[NX v21.6.11 Daemon Server] - 2026-06-30T18:00:46.513Z - Time taken for 'total execution time for createProjectGraph()' 14.65812499995809ms
[NX v21.6.11 Daemon Server] - 2026-06-30T18:00:51.089Z - [WATCHER]: 0 file(s) created or restored, 2 file(s) modified, 0 file(s) deleted
[NX v21.6.11 Daemon Server] - 2026-06-30T18:00:51.089Z - [WATCHER]: Processing file changes in outputs
[NX v21.6.11 Daemon Server] - 2026-06-30T18:00:51.838Z - [WATCHER]: 0 file(s) created or restored, 2 file(s) modified, 0 file(s) deleted
[NX v21.6.11 Daemon Server] - 2026-06-30T18:00:51.838Z - [WATCHER]: Processing file changes in outputs
[NX v21.6.11 Daemon Server] - 2026-06-30T18:00:51.891Z - [REQUEST]: Updated workspace context based on watched changes, recomputing project graph...
[NX v21.6.11 Daemon Server] - 2026-06-30T18:00:51.891Z - [REQUEST]: .kiro/specs/food-truck-locator/tasks.md,.kiro/specs/food-truck-locator/tasks.meta.json
[NX v21.6.11 Daemon Server] - 2026-06-30T18:00:51.891Z - [REQUEST]: 
[NX v21.6.11 Daemon Server] - 2026-06-30T18:00:51.892Z - Time taken for 'hash changed files from watcher' 0.15266600000904873ms
Time for 'nx/core/project-json:createNodes' 0.16724999999860302
Time for 'nx/core/package-json:createNodes' 0.28499999997438863
Time for 'nx/js/dependencies-and-lockfile:createNodes' 2.824957999982871
[NX v21.6.11 Daemon Server] - 2026-06-30T18:00:51.901Z - Time taken for 'build-project-configs' 6.259250000002794ms
Time for 'build typescript dependencies' 0.013749999983701855
[NX v21.6.11 Daemon Server] - 2026-06-30T18:00:51.916Z - [SYNC]: collect registered sync generators
[NX v21.6.11 Daemon Server] - 2026-06-30T18:00:51.916Z - [SYNC]: project graph hash is the same, not collecting task sync generators
[NX v21.6.11 Daemon Server] - 2026-06-30T18:00:51.916Z - [SYNC]: nx.json hash is the same, not collecting global sync generators
[NX v21.6.11 Daemon Server] - 2026-06-30T18:00:51.916Z - Time taken for 'total execution time for createProjectGraph()' 16.48708400002215ms
[NX v21.6.11 Daemon Server] - 2026-06-30T18:00:52.649Z - [WATCHER]: Processing file changes in outputs
[NX v21.6.11 Daemon Server] - 2026-06-30T18:00:52.651Z - [WATCHER]: .kiro/specs/food-truck-locator/tasks.md was modified
[NX v21.6.11 Daemon Server] - 2026-06-30T18:00:52.717Z - [WATCHER]: .kiro/specs/food-truck-locator/tasks.meta.json was modified
[NX v21.6.11 Daemon Server] - 2026-06-30T18:00:52.717Z - [WATCHER]: Processing file changes in outputs
[NX v21.6.11 Daemon Server] - 2026-06-30T18:00:53.486Z - [WATCHER]: 0 file(s) created or restored, 2 file(s) modified, 0 file(s) deleted
[NX v21.6.11 Daemon Server] - 2026-06-30T18:00:53.486Z - [WATCHER]: Processing file changes in outputs
[NX v21.6.11 Daemon Server] - 2026-06-30T18:00:54.253Z - [REQUEST]: Updated workspace context based on watched changes, recomputing project graph...
[NX v21.6.11 Daemon Server] - 2026-06-30T18:00:54.253Z - [REQUEST]: .kiro/specs/food-truck-locator/tasks.md,.kiro/specs/food-truck-locator/tasks.meta.json
[NX v21.6.11 Daemon Server] - 2026-06-30T18:00:54.253Z - [REQUEST]: 
[NX v21.6.11 Daemon Server] - 2026-06-30T18:00:54.255Z - Time taken for 'hash changed files from watcher' 0.4656669999822043ms
Time for 'nx/core/project-json:createNodes' 2.123041999991983
Time for 'nx/core/package-json:createNodes' 2.884957999980543
Time for 'nx/js/dependencies-and-lockfile:createNodes' 10.05808300001081
[NX v21.6.11 Daemon Server] - 2026-06-30T18:00:54.276Z - Time taken for 'build-project-configs' 18.136750000005122ms
Time for 'build typescript dependencies' 0.034499999950639904
[NX v21.6.11 Daemon Server] - 2026-06-30T18:00:54.288Z - [SYNC]: collect registered sync generators
[NX v21.6.11 Daemon Server] - 2026-06-30T18:00:54.288Z - [SYNC]: project graph hash is the same, not collecting task sync generators
[NX v21.6.11 Daemon Server] - 2026-06-30T18:00:54.288Z - [SYNC]: nx.json hash is the same, not collecting global sync generators
[NX v21.6.11 Daemon Server] - 2026-06-30T18:00:54.288Z - Time taken for 'total execution time for createProjectGraph()' 14.21837499999674ms
[NX v21.6.11 Daemon Server] - 2026-06-30T18:02:24.242Z - [WATCHER]: apps/bff/src/facility/facility.controller.ts was created or restored
[NX v21.6.11 Daemon Server] - 2026-06-30T18:02:24.243Z - [WATCHER]: Processing file changes in outputs
[NX v21.6.11 Daemon Server] - 2026-06-30T18:02:24.344Z - [REQUEST]: Updated workspace context based on watched changes, recomputing project graph...
[NX v21.6.11 Daemon Server] - 2026-06-30T18:02:24.344Z - [REQUEST]: apps/bff/src/facility/facility.controller.ts
[NX v21.6.11 Daemon Server] - 2026-06-30T18:02:24.344Z - [REQUEST]: 
[NX v21.6.11 Daemon Server] - 2026-06-30T18:02:24.346Z - Time taken for 'hash changed files from watcher' 0.22295799996936694ms
Time for 'nx/core/project-json:createNodes' 1.2058750000433065
Time for 'nx/core/package-json:createNodes' 1.3278750000172295
Time for 'nx/js/dependencies-and-lockfile:createNodes' 7.397166999988258
[NX v21.6.11 Daemon Server] - 2026-06-30T18:02:24.363Z - Time taken for 'build-project-configs' 14.029290999984369ms
Time for 'build typescript dependencies' 5.432000000029802
[NX v21.6.11 Daemon Server] - 2026-06-30T18:02:24.391Z - [SYNC]: collect registered sync generators
[NX v21.6.11 Daemon Server] - 2026-06-30T18:02:24.391Z - [SYNC]: project graph hash is the same, not collecting task sync generators
[NX v21.6.11 Daemon Server] - 2026-06-30T18:02:24.391Z - [SYNC]: nx.json hash is the same, not collecting global sync generators
[NX v21.6.11 Daemon Server] - 2026-06-30T18:02:24.391Z - Time taken for 'total execution time for createProjectGraph()' 30.192000000039116ms
[NX v21.6.11 Daemon Server] - 2026-06-30T18:02:25.280Z - [WATCHER]: apps/back/src/facility/ingestion.service.spec.ts was created or restored
[NX v21.6.11 Daemon Server] - 2026-06-30T18:02:25.280Z - [WATCHER]: Processing file changes in outputs
[NX v21.6.11 Daemon Server] - 2026-06-30T18:02:25.381Z - [REQUEST]: Updated workspace context based on watched changes, recomputing project graph...
[NX v21.6.11 Daemon Server] - 2026-06-30T18:02:25.381Z - [REQUEST]: apps/back/src/facility/ingestion.service.spec.ts
[NX v21.6.11 Daemon Server] - 2026-06-30T18:02:25.381Z - [REQUEST]: 
[NX v21.6.11 Daemon Server] - 2026-06-30T18:02:25.382Z - Time taken for 'hash changed files from watcher' 0.09816700004739687ms
Time for 'nx/core/project-json:createNodes' 0.15829200000735
Time for 'nx/core/package-json:createNodes' 0.28879100002814084
Time for 'nx/js/dependencies-and-lockfile:createNodes' 3.697875000012573
[NX v21.6.11 Daemon Server] - 2026-06-30T18:02:25.392Z - Time taken for 'build-project-configs' 7.481958999997005ms
Time for 'build typescript dependencies' 2.7680420000106096
[NX v21.6.11 Daemon Server] - 2026-06-30T18:02:25.405Z - [SYNC]: collect registered sync generators
[NX v21.6.11 Daemon Server] - 2026-06-30T18:02:25.406Z - [SYNC]: project graph hash is the same, not collecting task sync generators
[NX v21.6.11 Daemon Server] - 2026-06-30T18:02:25.406Z - [SYNC]: nx.json hash is the same, not collecting global sync generators
[NX v21.6.11 Daemon Server] - 2026-06-30T18:02:25.406Z - Time taken for 'total execution time for createProjectGraph()' 15.008666999987327ms
[NX v21.6.11 Daemon Server] - 2026-06-30T18:02:30.124Z - [WATCHER]: apps/front/src/features/food-truck-locator/types/facility.types.ts was created or restored
[NX v21.6.11 Daemon Server] - 2026-06-30T18:02:30.124Z - [WATCHER]: Processing file changes in outputs
[NX v21.6.11 Daemon Server] - 2026-06-30T18:02:30.226Z - [REQUEST]: Updated workspace context based on watched changes, recomputing project graph...
[NX v21.6.11 Daemon Server] - 2026-06-30T18:02:30.226Z - [REQUEST]: apps/front/src/features/food-truck-locator/types/facility.types.ts
[NX v21.6.11 Daemon Server] - 2026-06-30T18:02:30.226Z - [REQUEST]: 
[NX v21.6.11 Daemon Server] - 2026-06-30T18:02:30.227Z - Time taken for 'hash changed files from watcher' 0.17374999995809048ms
Time for 'nx/core/package-json:createNodes' 0.4624999999650754
Time for 'nx/core/project-json:createNodes' 0.43483300000661984
Time for 'nx/js/dependencies-and-lockfile:createNodes' 4.6213750000461005
[NX v21.6.11 Daemon Server] - 2026-06-30T18:02:30.239Z - Time taken for 'build-project-configs' 9.630208000016864ms
Time for 'build typescript dependencies' 0.014000000024680048
[NX v21.6.11 Daemon Server] - 2026-06-30T18:02:30.255Z - [SYNC]: collect registered sync generators
[NX v21.6.11 Daemon Server] - 2026-06-30T18:02:30.255Z - [SYNC]: project graph hash is the same, not collecting task sync generators
[NX v21.6.11 Daemon Server] - 2026-06-30T18:02:30.255Z - [SYNC]: nx.json hash is the same, not collecting global sync generators
[NX v21.6.11 Daemon Server] - 2026-06-30T18:02:30.255Z - Time taken for 'total execution time for createProjectGraph()' 17.541208999988157ms
[NX v21.6.11 Daemon Server] - 2026-06-30T18:02:37.964Z - [WATCHER]: apps/front/src/features/food-truck-locator/services/facilityApi.ts was created or restored
[NX v21.6.11 Daemon Server] - 2026-06-30T18:02:37.964Z - [WATCHER]: Processing file changes in outputs
[NX v21.6.11 Daemon Server] - 2026-06-30T18:02:38.065Z - [REQUEST]: Updated workspace context based on watched changes, recomputing project graph...
[NX v21.6.11 Daemon Server] - 2026-06-30T18:02:38.065Z - [REQUEST]: apps/front/src/features/food-truck-locator/services/facilityApi.ts
[NX v21.6.11 Daemon Server] - 2026-06-30T18:02:38.065Z - [REQUEST]: 
[NX v21.6.11 Daemon Server] - 2026-06-30T18:02:38.066Z - Time taken for 'hash changed files from watcher' 0.19420799997169524ms
Time for 'nx/core/project-json:createNodes' 0.586583000025712
Time for 'nx/core/package-json:createNodes' 0.7517079999670386
Time for 'nx/js/dependencies-and-lockfile:createNodes' 4.059124999970663
[NX v21.6.11 Daemon Server] - 2026-06-30T18:02:38.078Z - Time taken for 'build-project-configs' 7.953333000012208ms
Time for 'build typescript dependencies' 0.014666000031866133
[NX v21.6.11 Daemon Server] - 2026-06-30T18:02:38.094Z - [SYNC]: collect registered sync generators
[NX v21.6.11 Daemon Server] - 2026-06-30T18:02:38.094Z - [SYNC]: project graph hash is the same, not collecting task sync generators
[NX v21.6.11 Daemon Server] - 2026-06-30T18:02:38.094Z - [SYNC]: nx.json hash is the same, not collecting global sync generators
[NX v21.6.11 Daemon Server] - 2026-06-30T18:02:38.095Z - Time taken for 'total execution time for createProjectGraph()' 18.58970800001407ms
[NX v21.6.11 Daemon Server] - 2026-06-30T18:02:38.914Z - Established a connection. Number of open connections: 1
[NX v21.6.11 Daemon Server] - 2026-06-30T18:02:38.915Z - Closed a connection. Number of open connections: 0
[NX v21.6.11 Daemon Server] - 2026-06-30T18:02:38.915Z - Established a connection. Number of open connections: 1
[NX v21.6.11 Daemon Server] - 2026-06-30T18:02:38.916Z - [REQUEST]: Client Request for Project Graph Received
[NX v21.6.11 Daemon Server] - 2026-06-30T18:02:38.916Z - Reusing in-memory cached project graph because no files changed.
[NX v21.6.11 Daemon Server] - 2026-06-30T18:02:38.920Z - Wrote project graph cache to /Users/leonardosegars/Repos/foodtrack/.nx/workspace-data/project-graph.json
[NX v21.6.11 Daemon Server] - 2026-06-30T18:02:38.920Z - [REQUEST]: Responding to the client. project-graph
[NX v21.6.11 Daemon Server] - 2026-06-30T18:02:38.920Z - Time taken for 'total for creating and serializing project graph' 3.6634590000030585ms
[NX v21.6.11 Daemon Server] - 2026-06-30T18:02:38.922Z - Done responding to the client project-graph
[NX v21.6.11 Daemon Server] - 2026-06-30T18:02:38.922Z - Handled REQUEST_PROJECT_GRAPH. Handling time: 4. Response time: 2.
[NX v21.6.11 Daemon Server] - 2026-06-30T18:02:38.926Z - [REQUEST]: Responding to the client. handleRunPreTasksExecution
[NX v21.6.11 Daemon Server] - 2026-06-30T18:02:38.926Z - Done responding to the client handleRunPreTasksExecution
[NX v21.6.11 Daemon Server] - 2026-06-30T18:02:38.926Z - Handled PRE_TASKS_EXECUTION. Handling time: 0. Response time: 0.
[NX v21.6.11 Daemon Server] - 2026-06-30T18:02:38.926Z - Time taken for 'preTasksExecution' 0.11758399999234825ms
[NX v21.6.11 Daemon Server] - 2026-06-30T18:02:38.969Z - Reusing in-memory cached project graph because no files changed.
[NX v21.6.11 Daemon Server] - 2026-06-30T18:02:38.972Z - Wrote project graph cache to /Users/leonardosegars/Repos/foodtrack/.nx/workspace-data/project-graph.json
DEBUG nx::native::tasks::hash_planner: get_plans_internal COMPLETED in 1.5365ms - processed 1 tasks (setup: 1.351334ms, parallel_planning: 182.833µs)
DEBUG nx::native::tasks::hashers::hash_workspace_files: Hashing workspace fileset{cache_key="nx.json,.gitignore,.nxignore"}: Adding "6093914340072391811" (".gitignore") to hash
DEBUG nx::native::tasks::hashers::hash_workspace_files: Hashing workspace fileset{cache_key="nx.json,.gitignore,.nxignore"}: Adding "1132752945439744087" ("nx.json") to hash
DEBUG nx::native::tasks::hashers::hash_workspace_files: Hashing workspace fileset{cache_key="nx.json,.gitignore,.nxignore"}: Hash Value: "3983678509802823269"
DEBUG nx::native::tasks::task_hasher: hash_plans COMPLETED in 1.516667ms - processed 1 plans (setup: 207.875µs, hashing: 1.307542ms, assembly: 449.125µs)
[NX v21.6.11 Daemon Server] - 2026-06-30T18:02:38.979Z - [REQUEST]: Responding to the client. handleHashTasks
[NX v21.6.11 Daemon Server] - 2026-06-30T18:02:38.979Z - Time taken for 'write cache' 3.212541999993846ms
[NX v21.6.11 Daemon Server] - 2026-06-30T18:02:38.980Z - Done responding to the client handleHashTasks
[NX v21.6.11 Daemon Server] - 2026-06-30T18:02:38.980Z - Handled HASH_TASKS. Handling time: 10. Response time: 1.
[NX v21.6.11 Daemon Server] - 2026-06-30T18:02:39.019Z - [REQUEST]: Responding to the client. handleGetEstimatedTaskTimings
[NX v21.6.11 Daemon Server] - 2026-06-30T18:02:39.019Z - Done responding to the client handleGetEstimatedTaskTimings
[NX v21.6.11 Daemon Server] - 2026-06-30T18:02:39.019Z - Handled GET_ESTIMATED_TASK_TIMINGS. Handling time: 0. Response time: 0.
[NX v21.6.11 Daemon Server] - 2026-06-30T18:02:40.457Z - [REQUEST]: Responding to the client. recordOutputsHash
[NX v21.6.11 Daemon Server] - 2026-06-30T18:02:40.457Z - Done responding to the client recordOutputsHash
[NX v21.6.11 Daemon Server] - 2026-06-30T18:02:40.457Z - Handled RECORD_OUTPUTS_HASH. Handling time: 0. Response time: 0.
[NX v21.6.11 Daemon Server] - 2026-06-30T18:02:40.460Z - [REQUEST]: Responding to the client. handleRecordTaskRuns
[NX v21.6.11 Daemon Server] - 2026-06-30T18:02:40.460Z - Done responding to the client handleRecordTaskRuns
[NX v21.6.11 Daemon Server] - 2026-06-30T18:02:40.460Z - Handled RECORD_TASK_RUNS. Handling time: 0. Response time: 0.
[NX v21.6.11 Daemon Server] - 2026-06-30T18:02:40.461Z - [REQUEST]: Responding to the client. handleGetFlakyTasks
[NX v21.6.11 Daemon Server] - 2026-06-30T18:02:40.461Z - Done responding to the client handleGetFlakyTasks
[NX v21.6.11 Daemon Server] - 2026-06-30T18:02:40.461Z - Handled GET_FLAKY_TASKS. Handling time: 1. Response time: 0.
[NX v21.6.11 Daemon Server] - 2026-06-30T18:02:40.567Z - [REQUEST]: Responding to the client. handleRunPostTasksExecution
[NX v21.6.11 Daemon Server] - 2026-06-30T18:02:40.568Z - Done responding to the client handleRunPostTasksExecution
[NX v21.6.11 Daemon Server] - 2026-06-30T18:02:40.568Z - Handled POST_TASKS_EXECUTION. Handling time: 0. Response time: 1.
[NX v21.6.11 Daemon Server] - 2026-06-30T18:02:40.568Z - Time taken for 'postTasksExecution' 0.11700000002747402ms
[NX v21.6.11 Daemon Server] - 2026-06-30T18:02:40.572Z - Closed a connection. Number of open connections: 0
[NX v21.6.11 Daemon Server] - 2026-06-30T18:02:51.963Z - [WATCHER]: Processing file changes in outputs
[NX v21.6.11 Daemon Server] - 2026-06-30T18:02:51.964Z - [WATCHER]: Stopping the watcher for /Users/leonardosegars/Repos/foodtrack (sources)
[NX v21.6.11 Daemon Server] - 2026-06-30T18:02:51.964Z - [WATCHER]: Stopping the watcher for /Users/leonardosegars/Repos/foodtrack (outputs)
[NX v21.6.11 Daemon Server] - 2026-06-30T18:02:51.967Z - Server stopped because: "LOCK_FILES_CHANGED"
[NX v21.6.11 Daemon Server] - 2026-06-30T18:03:15.028Z - Started listening on: /private/var/folders/x6/5jp8k3c557z3j1_fs2kdgs9h0000gn/T/d0686dd68821c042e245/d.sock
[NX v21.6.11 Daemon Server] - 2026-06-30T18:03:15.031Z - [WATCHER]: Subscribed to changes within: /Users/leonardosegars/Repos/foodtrack (native)
[NX v21.6.11 Daemon Server] - 2026-06-30T18:03:15.036Z - Established a connection. Number of open connections: 1
[NX v21.6.11 Daemon Server] - 2026-06-30T18:03:15.036Z - Established a connection. Number of open connections: 2
[NX v21.6.11 Daemon Server] - 2026-06-30T18:03:15.037Z - Closed a connection. Number of open connections: 1
[NX v21.6.11 Daemon Server] - 2026-06-30T18:03:15.038Z - [REQUEST]: Client Request for Project Graph Received
[NX v21.6.11 Daemon Server] - 2026-06-30T18:03:15.041Z - Time taken for 'loadSpecifiedNxPlugins' 0.6468330000000009ms
Time for 'plugin worker 45944 code loading' 8.041833
Time for 'plugin worker 45942 code loading' 7.976792000000001
Time for 'plugin worker 45943 code loading' 7.979249999999999
[NX v21.6.11 Daemon Server] - 2026-06-30T18:03:15.142Z - [WATCHER]: Processing file changes in outputs
[NX v21.6.11 Daemon Server] - 2026-06-30T18:03:15.183Z - Time taken for 'Load Nx Plugin: /Users/leonardosegars/Repos/foodtrack/node_modules/nx/src/plugins/package-json' 144.05475ms
[NX v21.6.11 Daemon Server] - 2026-06-30T18:03:15.183Z - Time taken for 'Load Nx Plugin: /Users/leonardosegars/Repos/foodtrack/node_modules/nx/src/plugins/project-json/build-nodes/project-json' 144.23841700000003ms
[NX v21.6.11 Daemon Server] - 2026-06-30T18:03:15.203Z - [REQUEST]: Updated workspace context based on watched changes, recomputing project graph...
[NX v21.6.11 Daemon Server] - 2026-06-30T18:03:15.203Z - [REQUEST]: 
[NX v21.6.11 Daemon Server] - 2026-06-30T18:03:15.203Z - [REQUEST]: 
[NX v21.6.11 Daemon Server] - 2026-06-30T18:03:15.203Z - No files changed, but no in-memory cached project graph found. Recomputing it...
[NX v21.6.11 Daemon Server] - 2026-06-30T18:03:15.207Z - Time taken for 'loadDefaultNxPlugins' 164.016041ms
Time for 'nx/core/project-json:createNodes' 0.73112500000002
Time for 'nx/core/package-json:createNodes' 2.2102079999999944
Time for 'nx/js/dependencies-and-lockfile:createNodes' 321.830209
[NX v21.6.11 Daemon Server] - 2026-06-30T18:03:15.557Z - Time taken for 'build-project-configs' 340.24512500000003ms
Time for 'build typescript dependencies' 134.237125
[NX v21.6.11 Daemon Server] - 2026-06-30T18:03:15.718Z - [SYNC]: collect registered sync generators
[NX v21.6.11 Daemon Server] - 2026-06-30T18:03:15.721Z - Wrote project graph cache to /Users/leonardosegars/Repos/foodtrack/.nx/workspace-data/project-graph.json
[NX v21.6.11 Daemon Server] - 2026-06-30T18:03:15.722Z - [REQUEST]: Responding to the client. project-graph
[NX v21.6.11 Daemon Server] - 2026-06-30T18:03:15.722Z - Time taken for 'total for creating and serializing project graph' 683.689666ms
[NX v21.6.11 Daemon Server] - 2026-06-30T18:03:15.729Z - Done responding to the client project-graph
[NX v21.6.11 Daemon Server] - 2026-06-30T18:03:15.729Z - Handled REQUEST_PROJECT_GRAPH. Handling time: 684. Response time: 7.
[NX v21.6.11 Daemon Server] - 2026-06-30T18:03:15.734Z - [REQUEST]: Responding to the client. handleRunPreTasksExecution
[NX v21.6.11 Daemon Server] - 2026-06-30T18:03:15.734Z - Done responding to the client handleRunPreTasksExecution
[NX v21.6.11 Daemon Server] - 2026-06-30T18:03:15.734Z - Handled PRE_TASKS_EXECUTION. Handling time: 0. Response time: 0.
[NX v21.6.11 Daemon Server] - 2026-06-30T18:03:15.734Z - Time taken for 'preTasksExecution' 0.2713749999999209ms
[NX v21.6.11 Daemon Server] - 2026-06-30T18:03:15.781Z - Reusing in-memory cached project graph because no files changed.
[NX v21.6.11 Daemon Server] - 2026-06-30T18:03:15.783Z - Wrote project graph cache to /Users/leonardosegars/Repos/foodtrack/.nx/workspace-data/project-graph.json
DEBUG nx::native::tasks::hash_planner: get_plans_internal COMPLETED in 1.852125ms - processed 1 tasks (setup: 1.2925ms, parallel_planning: 557.458µs)
DEBUG nx::native::tasks::hashers::hash_workspace_files: Hashing workspace fileset{cache_key="nx.json,.gitignore,.nxignore"}: Adding "6093914340072391811" (".gitignore") to hash
DEBUG nx::native::tasks::hashers::hash_workspace_files: Hashing workspace fileset{cache_key="nx.json,.gitignore,.nxignore"}: Adding "1132752945439744087" ("nx.json") to hash
DEBUG nx::native::tasks::hashers::hash_workspace_files: Hashing workspace fileset{cache_key="nx.json,.gitignore,.nxignore"}: Hash Value: "3983678509802823269"
DEBUG nx::native::tasks::task_hasher: hash_plans COMPLETED in 1.55325ms - processed 1 plans (setup: 237.625µs, hashing: 1.313833ms, assembly: 419.334µs)
[NX v21.6.11 Daemon Server] - 2026-06-30T18:03:15.791Z - [REQUEST]: Responding to the client. handleHashTasks
[NX v21.6.11 Daemon Server] - 2026-06-30T18:03:15.791Z - Time taken for 'write cache' 2.2736660000000484ms
[NX v21.6.11 Daemon Server] - 2026-06-30T18:03:15.791Z - Done responding to the client handleHashTasks
[NX v21.6.11 Daemon Server] - 2026-06-30T18:03:15.791Z - Handled HASH_TASKS. Handling time: 10. Response time: 0.
[NX v21.6.11 Daemon Server] - 2026-06-30T18:03:15.856Z - [REQUEST]: Responding to the client. handleGetEstimatedTaskTimings
[NX v21.6.11 Daemon Server] - 2026-06-30T18:03:15.856Z - Done responding to the client handleGetEstimatedTaskTimings
[NX v21.6.11 Daemon Server] - 2026-06-30T18:03:15.857Z - Handled GET_ESTIMATED_TASK_TIMINGS. Handling time: 21. Response time: 1.
[NX v21.6.11 Daemon Server] - 2026-06-30T18:03:17.270Z - [REQUEST]: Responding to the client. recordOutputsHash
[NX v21.6.11 Daemon Server] - 2026-06-30T18:03:17.270Z - Done responding to the client recordOutputsHash
[NX v21.6.11 Daemon Server] - 2026-06-30T18:03:17.270Z - Handled RECORD_OUTPUTS_HASH. Handling time: 0. Response time: 0.
[NX v21.6.11 Daemon Server] - 2026-06-30T18:03:17.273Z - [REQUEST]: Responding to the client. handleRecordTaskRuns
[NX v21.6.11 Daemon Server] - 2026-06-30T18:03:17.273Z - Done responding to the client handleRecordTaskRuns
[NX v21.6.11 Daemon Server] - 2026-06-30T18:03:17.273Z - Handled RECORD_TASK_RUNS. Handling time: 1. Response time: 0.
[NX v21.6.11 Daemon Server] - 2026-06-30T18:03:17.273Z - [REQUEST]: Responding to the client. handleGetFlakyTasks
[NX v21.6.11 Daemon Server] - 2026-06-30T18:03:17.274Z - Done responding to the client handleGetFlakyTasks
[NX v21.6.11 Daemon Server] - 2026-06-30T18:03:17.274Z - Handled GET_FLAKY_TASKS. Handling time: 0. Response time: 1.
[NX v21.6.11 Daemon Server] - 2026-06-30T18:03:17.415Z - [REQUEST]: Responding to the client. handleRunPostTasksExecution
[NX v21.6.11 Daemon Server] - 2026-06-30T18:03:17.416Z - Done responding to the client handleRunPostTasksExecution
[NX v21.6.11 Daemon Server] - 2026-06-30T18:03:17.416Z - Handled POST_TASKS_EXECUTION. Handling time: 0. Response time: 1.
[NX v21.6.11 Daemon Server] - 2026-06-30T18:03:17.416Z - Time taken for 'postTasksExecution' 0.13283400000000256ms
[NX v21.6.11 Daemon Server] - 2026-06-30T18:03:17.421Z - Closed a connection. Number of open connections: 0
[NX v21.6.11 Daemon Server] - 2026-06-30T18:03:19.939Z - Established a connection. Number of open connections: 1
[NX v21.6.11 Daemon Server] - 2026-06-30T18:03:19.939Z - Closed a connection. Number of open connections: 0
[NX v21.6.11 Daemon Server] - 2026-06-30T18:03:19.940Z - Established a connection. Number of open connections: 1
[NX v21.6.11 Daemon Server] - 2026-06-30T18:03:19.941Z - [REQUEST]: Client Request for Project Graph Received
[NX v21.6.11 Daemon Server] - 2026-06-30T18:03:19.941Z - Reusing in-memory cached project graph because no files changed.
[NX v21.6.11 Daemon Server] - 2026-06-30T18:03:19.944Z - Wrote project graph cache to /Users/leonardosegars/Repos/foodtrack/.nx/workspace-data/project-graph.json
[NX v21.6.11 Daemon Server] - 2026-06-30T18:03:19.944Z - [REQUEST]: Responding to the client. project-graph
[NX v21.6.11 Daemon Server] - 2026-06-30T18:03:19.944Z - Time taken for 'total for creating and serializing project graph' 3.0787499999996726ms
[NX v21.6.11 Daemon Server] - 2026-06-30T18:03:19.946Z - Done responding to the client project-graph
[NX v21.6.11 Daemon Server] - 2026-06-30T18:03:19.946Z - Handled REQUEST_PROJECT_GRAPH. Handling time: 3. Response time: 2.
[NX v21.6.11 Daemon Server] - 2026-06-30T18:03:19.950Z - [REQUEST]: Responding to the client. handleRunPreTasksExecution
[NX v21.6.11 Daemon Server] - 2026-06-30T18:03:19.950Z - Done responding to the client handleRunPreTasksExecution
[NX v21.6.11 Daemon Server] - 2026-06-30T18:03:19.950Z - Handled PRE_TASKS_EXECUTION. Handling time: 1. Response time: 0.
[NX v21.6.11 Daemon Server] - 2026-06-30T18:03:19.950Z - Time taken for 'preTasksExecution' 0.08162499999980355ms
[NX v21.6.11 Daemon Server] - 2026-06-30T18:03:19.979Z - Reusing in-memory cached project graph because no files changed.
[NX v21.6.11 Daemon Server] - 2026-06-30T18:03:19.982Z - Wrote project graph cache to /Users/leonardosegars/Repos/foodtrack/.nx/workspace-data/project-graph.json
DEBUG nx::native::tasks::hash_planner: get_plans_internal COMPLETED in 1.539459ms - processed 1 tasks (setup: 1.364125ms, parallel_planning: 172.959µs)
DEBUG nx::native::tasks::task_hasher: hash_plans COMPLETED in 1.344667ms - processed 1 plans (setup: 202.875µs, hashing: 1.140791ms, assembly: 438.542µs)
[NX v21.6.11 Daemon Server] - 2026-06-30T18:03:19.985Z - [REQUEST]: Responding to the client. handleHashTasks
[NX v21.6.11 Daemon Server] - 2026-06-30T18:03:19.986Z - Time taken for 'write cache' 2.6899590000002718ms
[NX v21.6.11 Daemon Server] - 2026-06-30T18:03:19.986Z - Done responding to the client handleHashTasks
[NX v21.6.11 Daemon Server] - 2026-06-30T18:03:19.986Z - Handled HASH_TASKS. Handling time: 6. Response time: 1.
[NX v21.6.11 Daemon Server] - 2026-06-30T18:03:20.023Z - [REQUEST]: Responding to the client. handleGetEstimatedTaskTimings
[NX v21.6.11 Daemon Server] - 2026-06-30T18:03:20.023Z - Done responding to the client handleGetEstimatedTaskTimings
[NX v21.6.11 Daemon Server] - 2026-06-30T18:03:20.023Z - Handled GET_ESTIMATED_TASK_TIMINGS. Handling time: 0. Response time: 0.
[NX v21.6.11 Daemon Server] - 2026-06-30T18:03:21.081Z - [REQUEST]: Responding to the client. recordOutputsHash
[NX v21.6.11 Daemon Server] - 2026-06-30T18:03:21.081Z - Done responding to the client recordOutputsHash
[NX v21.6.11 Daemon Server] - 2026-06-30T18:03:21.081Z - Handled RECORD_OUTPUTS_HASH. Handling time: 1. Response time: 0.
[NX v21.6.11 Daemon Server] - 2026-06-30T18:03:21.083Z - [REQUEST]: Responding to the client. handleRecordTaskRuns
[NX v21.6.11 Daemon Server] - 2026-06-30T18:03:21.083Z - Done responding to the client handleRecordTaskRuns
[NX v21.6.11 Daemon Server] - 2026-06-30T18:03:21.083Z - Handled RECORD_TASK_RUNS. Handling time: 1. Response time: 0.
[NX v21.6.11 Daemon Server] - 2026-06-30T18:03:21.083Z - [REQUEST]: Responding to the client. handleGetFlakyTasks
[NX v21.6.11 Daemon Server] - 2026-06-30T18:03:21.083Z - Done responding to the client handleGetFlakyTasks
[NX v21.6.11 Daemon Server] - 2026-06-30T18:03:21.083Z - Handled GET_FLAKY_TASKS. Handling time: 0. Response time: 0.
[NX v21.6.11 Daemon Server] - 2026-06-30T18:03:21.185Z - [REQUEST]: Responding to the client. handleRunPostTasksExecution
[NX v21.6.11 Daemon Server] - 2026-06-30T18:03:21.185Z - Done responding to the client handleRunPostTasksExecution
[NX v21.6.11 Daemon Server] - 2026-06-30T18:03:21.185Z - Handled POST_TASKS_EXECUTION. Handling time: 0. Response time: 0.
[NX v21.6.11 Daemon Server] - 2026-06-30T18:03:21.185Z - Time taken for 'postTasksExecution' 0.06679100000019389ms
[NX v21.6.11 Daemon Server] - 2026-06-30T18:03:21.189Z - Closed a connection. Number of open connections: 0
[NX v21.6.11 Daemon Server] - 2026-06-30T18:03:32.752Z - [WATCHER]: apps/back/src/facility/constants.ts was created or restored
[NX v21.6.11 Daemon Server] - 2026-06-30T18:03:32.753Z - [WATCHER]: Processing file changes in outputs
[NX v21.6.11 Daemon Server] - 2026-06-30T18:03:32.855Z - [REQUEST]: Updated workspace context based on watched changes, recomputing project graph...
[NX v21.6.11 Daemon Server] - 2026-06-30T18:03:32.855Z - [REQUEST]: apps/back/src/facility/constants.ts
[NX v21.6.11 Daemon Server] - 2026-06-30T18:03:32.855Z - [REQUEST]: 
[NX v21.6.11 Daemon Server] - 2026-06-30T18:03:32.858Z - Time taken for 'hash changed files from watcher' 0.2992919999996957ms
Time for 'nx/core/project-json:createNodes' 1.7254160000011325
Time for 'nx/core/package-json:createNodes' 1.9155420000024606
Time for 'nx/js/dependencies-and-lockfile:createNodes' 7.056541999998444
[NX v21.6.11 Daemon Server] - 2026-06-30T18:03:32.874Z - Time taken for 'build-project-configs' 12.777208999999857ms
Time for 'build typescript dependencies' 1.8385420000013255
[NX v21.6.11 Daemon Server] - 2026-06-30T18:03:32.889Z - [SYNC]: collect registered sync generators
[NX v21.6.11 Daemon Server] - 2026-06-30T18:03:32.890Z - [SYNC]: project graph hash is the same, not collecting task sync generators
[NX v21.6.11 Daemon Server] - 2026-06-30T18:03:32.890Z - [SYNC]: nx.json hash is the same, not collecting global sync generators
[NX v21.6.11 Daemon Server] - 2026-06-30T18:03:32.890Z - Time taken for 'total execution time for createProjectGraph()' 18.02966699999888ms
[NX v21.6.11 Daemon Server] - 2026-06-30T18:03:34.264Z - [WATCHER]: apps/back/src/facility/ingestion.service.property.spec.ts was created or restored
[NX v21.6.11 Daemon Server] - 2026-06-30T18:03:34.264Z - [WATCHER]: Processing file changes in outputs
[NX v21.6.11 Daemon Server] - 2026-06-30T18:03:34.366Z - [REQUEST]: Updated workspace context based on watched changes, recomputing project graph...
[NX v21.6.11 Daemon Server] - 2026-06-30T18:03:34.366Z - [REQUEST]: apps/back/src/facility/ingestion.service.property.spec.ts
[NX v21.6.11 Daemon Server] - 2026-06-30T18:03:34.366Z - [REQUEST]: 
[NX v21.6.11 Daemon Server] - 2026-06-30T18:03:34.367Z - Time taken for 'hash changed files from watcher' 0.09695800000190502ms
Time for 'nx/core/project-json:createNodes' 0.29045899999982794
Time for 'nx/core/package-json:createNodes' 0.806458000002749
Time for 'nx/js/dependencies-and-lockfile:createNodes' 3.6474579999994603
[NX v21.6.11 Daemon Server] - 2026-06-30T18:03:34.381Z - Time taken for 'build-project-configs' 10.522415999999794ms
Time for 'build typescript dependencies' 5.585875000000669
[NX v21.6.11 Daemon Server] - 2026-06-30T18:03:34.400Z - [SYNC]: collect registered sync generators
[NX v21.6.11 Daemon Server] - 2026-06-30T18:03:34.401Z - [SYNC]: project graph hash is the same, not collecting task sync generators
[NX v21.6.11 Daemon Server] - 2026-06-30T18:03:34.401Z - [SYNC]: nx.json hash is the same, not collecting global sync generators
[NX v21.6.11 Daemon Server] - 2026-06-30T18:03:34.401Z - Time taken for 'total execution time for createProjectGraph()' 22.474833000000217ms
[NX v21.6.11 Daemon Server] - 2026-06-30T18:03:53.492Z - Established a connection. Number of open connections: 1
[NX v21.6.11 Daemon Server] - 2026-06-30T18:03:53.492Z - Established a connection. Number of open connections: 2
[NX v21.6.11 Daemon Server] - 2026-06-30T18:03:53.493Z - Closed a connection. Number of open connections: 1
[NX v21.6.11 Daemon Server] - 2026-06-30T18:03:53.494Z - [REQUEST]: Client Request for Project Graph Received
[NX v21.6.11 Daemon Server] - 2026-06-30T18:03:53.495Z - Reusing in-memory cached project graph because no files changed.
[NX v21.6.11 Daemon Server] - 2026-06-30T18:03:53.500Z - Wrote project graph cache to /Users/leonardosegars/Repos/foodtrack/.nx/workspace-data/project-graph.json
[NX v21.6.11 Daemon Server] - 2026-06-30T18:03:53.500Z - [REQUEST]: Responding to the client. project-graph
[NX v21.6.11 Daemon Server] - 2026-06-30T18:03:53.501Z - Time taken for 'total for creating and serializing project graph' 5.639666999995825ms
[NX v21.6.11 Daemon Server] - 2026-06-30T18:03:53.503Z - Done responding to the client project-graph
[NX v21.6.11 Daemon Server] - 2026-06-30T18:03:53.503Z - Handled REQUEST_PROJECT_GRAPH. Handling time: 6. Response time: 3.
[NX v21.6.11 Daemon Server] - 2026-06-30T18:03:53.506Z - [REQUEST]: Responding to the client. handleRunPreTasksExecution
[NX v21.6.11 Daemon Server] - 2026-06-30T18:03:53.506Z - Done responding to the client handleRunPreTasksExecution
[NX v21.6.11 Daemon Server] - 2026-06-30T18:03:53.506Z - Handled PRE_TASKS_EXECUTION. Handling time: 0. Response time: 0.
[NX v21.6.11 Daemon Server] - 2026-06-30T18:03:53.506Z - Time taken for 'preTasksExecution' 0.078125ms
[NX v21.6.11 Daemon Server] - 2026-06-30T18:03:53.546Z - Reusing in-memory cached project graph because no files changed.
[NX v21.6.11 Daemon Server] - 2026-06-30T18:03:53.548Z - Wrote project graph cache to /Users/leonardosegars/Repos/foodtrack/.nx/workspace-data/project-graph.json
DEBUG nx::native::tasks::hash_planner: get_plans_internal COMPLETED in 1.577417ms - processed 1 tasks (setup: 1.37275ms, parallel_planning: 202.666µs)
DEBUG nx::native::tasks::hashers::hash_workspace_files: Hashing workspace fileset{cache_key="nx.json,.gitignore,.nxignore"}: Adding "6093914340072391811" (".gitignore") to hash
DEBUG nx::native::tasks::hashers::hash_workspace_files: Hashing workspace fileset{cache_key="nx.json,.gitignore,.nxignore"}: Adding "1132752945439744087" ("nx.json") to hash
DEBUG nx::native::tasks::hashers::hash_workspace_files: Hashing workspace fileset{cache_key="nx.json,.gitignore,.nxignore"}: Hash Value: "3983678509802823269"
DEBUG nx::native::tasks::task_hasher: hash_plans COMPLETED in 1.265917ms - processed 1 plans (setup: 199.833µs, hashing: 1.065167ms, assembly: 472.708µs)
[NX v21.6.11 Daemon Server] - 2026-06-30T18:03:53.555Z - [REQUEST]: Responding to the client. handleHashTasks
[NX v21.6.11 Daemon Server] - 2026-06-30T18:03:53.555Z - Time taken for 'write cache' 2.3991670000032173ms
[NX v21.6.11 Daemon Server] - 2026-06-30T18:03:53.556Z - Done responding to the client handleHashTasks
[NX v21.6.11 Daemon Server] - 2026-06-30T18:03:53.556Z - Handled HASH_TASKS. Handling time: 10. Response time: 1.
[NX v21.6.11 Daemon Server] - 2026-06-30T18:03:53.592Z - [REQUEST]: Responding to the client. handleGetEstimatedTaskTimings
[NX v21.6.11 Daemon Server] - 2026-06-30T18:03:53.592Z - Done responding to the client handleGetEstimatedTaskTimings
[NX v21.6.11 Daemon Server] - 2026-06-30T18:03:53.592Z - Handled GET_ESTIMATED_TASK_TIMINGS. Handling time: 0. Response time: 0.
[NX v21.6.11 Daemon Server] - 2026-06-30T18:03:55.011Z - [REQUEST]: Responding to the client. recordOutputsHash
[NX v21.6.11 Daemon Server] - 2026-06-30T18:03:55.011Z - Done responding to the client recordOutputsHash
[NX v21.6.11 Daemon Server] - 2026-06-30T18:03:55.012Z - Handled RECORD_OUTPUTS_HASH. Handling time: 0. Response time: 1.
[NX v21.6.11 Daemon Server] - 2026-06-30T18:03:55.015Z - [REQUEST]: Responding to the client. handleRecordTaskRuns
[NX v21.6.11 Daemon Server] - 2026-06-30T18:03:55.015Z - Done responding to the client handleRecordTaskRuns
[NX v21.6.11 Daemon Server] - 2026-06-30T18:03:55.015Z - Handled RECORD_TASK_RUNS. Handling time: 1. Response time: 0.
[NX v21.6.11 Daemon Server] - 2026-06-30T18:03:55.015Z - [REQUEST]: Responding to the client. handleGetFlakyTasks
[NX v21.6.11 Daemon Server] - 2026-06-30T18:03:55.015Z - Done responding to the client handleGetFlakyTasks
[NX v21.6.11 Daemon Server] - 2026-06-30T18:03:55.015Z - Handled GET_FLAKY_TASKS. Handling time: 0. Response time: 0.
[NX v21.6.11 Daemon Server] - 2026-06-30T18:03:55.119Z - [REQUEST]: Responding to the client. handleRunPostTasksExecution
[NX v21.6.11 Daemon Server] - 2026-06-30T18:03:55.119Z - Done responding to the client handleRunPostTasksExecution
[NX v21.6.11 Daemon Server] - 2026-06-30T18:03:55.119Z - Handled POST_TASKS_EXECUTION. Handling time: 1. Response time: 0.
[NX v21.6.11 Daemon Server] - 2026-06-30T18:03:55.119Z - Time taken for 'postTasksExecution' 0.12641699999949196ms
[NX v21.6.11 Daemon Server] - 2026-06-30T18:03:55.123Z - Closed a connection. Number of open connections: 0
[NX v21.6.11 Daemon Server] - 2026-06-30T18:03:57.765Z - [WATCHER]: apps/back/src/facility/ingestion.service.ts was modified
[NX v21.6.11 Daemon Server] - 2026-06-30T18:03:57.765Z - [WATCHER]: Processing file changes in outputs
[NX v21.6.11 Daemon Server] - 2026-06-30T18:03:57.866Z - [REQUEST]: Updated workspace context based on watched changes, recomputing project graph...
[NX v21.6.11 Daemon Server] - 2026-06-30T18:03:57.866Z - [REQUEST]: apps/back/src/facility/ingestion.service.ts
[NX v21.6.11 Daemon Server] - 2026-06-30T18:03:57.866Z - [REQUEST]: 
[NX v21.6.11 Daemon Server] - 2026-06-30T18:03:57.867Z - Time taken for 'hash changed files from watcher' 0.14862499999435386ms
Time for 'nx/core/package-json:createNodes' 2.3109170000025188
Time for 'nx/core/project-json:createNodes' 2.075542000005953
Time for 'nx/js/dependencies-and-lockfile:createNodes' 9.9310420000038
[NX v21.6.11 Daemon Server] - 2026-06-30T18:03:57.890Z - Time taken for 'build-project-configs' 20.06945799999812ms
Time for 'build typescript dependencies' 2.2068750000034925
[NX v21.6.11 Daemon Server] - 2026-06-30T18:03:57.917Z - [SYNC]: collect registered sync generators
[NX v21.6.11 Daemon Server] - 2026-06-30T18:03:57.917Z - [SYNC]: project graph hash is the same, not collecting task sync generators
[NX v21.6.11 Daemon Server] - 2026-06-30T18:03:57.918Z - [SYNC]: nx.json hash is the same, not collecting global sync generators
[NX v21.6.11 Daemon Server] - 2026-06-30T18:03:57.918Z - Time taken for 'total execution time for createProjectGraph()' 29.203291999998328ms
[NX v21.6.11 Daemon Server] - 2026-06-30T18:04:05.753Z - [WATCHER]: apps/back/src/facility/facility.module.ts was modified
[NX v21.6.11 Daemon Server] - 2026-06-30T18:04:05.753Z - [WATCHER]: Processing file changes in outputs
[NX v21.6.11 Daemon Server] - 2026-06-30T18:04:05.955Z - [REQUEST]: Updated workspace context based on watched changes, recomputing project graph...
[NX v21.6.11 Daemon Server] - 2026-06-30T18:04:05.955Z - [REQUEST]: apps/back/src/facility/facility.module.ts
[NX v21.6.11 Daemon Server] - 2026-06-30T18:04:05.955Z - [REQUEST]: 
[NX v21.6.11 Daemon Server] - 2026-06-30T18:04:05.956Z - Time taken for 'hash changed files from watcher' 0.16824999999516876ms
Time for 'nx/core/package-json:createNodes' 0.6681249999965075
Time for 'nx/core/project-json:createNodes' 0.6492090000028838
Time for 'nx/js/dependencies-and-lockfile:createNodes' 3.924542000000656
[NX v21.6.11 Daemon Server] - 2026-06-30T18:04:05.972Z - Time taken for 'build-project-configs' 11.435917000002519ms
Time for 'build typescript dependencies' 2.629165999998804
[NX v21.6.11 Daemon Server] - 2026-06-30T18:04:05.989Z - [SYNC]: collect registered sync generators
[NX v21.6.11 Daemon Server] - 2026-06-30T18:04:05.989Z - [SYNC]: project graph hash is the same, not collecting task sync generators
[NX v21.6.11 Daemon Server] - 2026-06-30T18:04:05.989Z - [SYNC]: nx.json hash is the same, not collecting global sync generators
[NX v21.6.11 Daemon Server] - 2026-06-30T18:04:05.989Z - Time taken for 'total execution time for createProjectGraph()' 20.013417000001937ms
[NX v21.6.11 Daemon Server] - 2026-06-30T18:04:11.212Z - [WATCHER]: apps/back/src/facility/ingestion.service.property.spec.ts was modified
[NX v21.6.11 Daemon Server] - 2026-06-30T18:04:11.213Z - [WATCHER]: Processing file changes in outputs
[NX v21.6.11 Daemon Server] - 2026-06-30T18:04:11.614Z - [REQUEST]: Updated workspace context based on watched changes, recomputing project graph...
[NX v21.6.11 Daemon Server] - 2026-06-30T18:04:11.614Z - [REQUEST]: apps/back/src/facility/ingestion.service.property.spec.ts
[NX v21.6.11 Daemon Server] - 2026-06-30T18:04:11.614Z - [REQUEST]: 
[NX v21.6.11 Daemon Server] - 2026-06-30T18:04:11.616Z - Time taken for 'hash changed files from watcher' 0.1169579999987036ms
Time for 'nx/core/project-json:createNodes' 2.9627919999984442
Time for 'nx/core/package-json:createNodes' 3.6625000000058208
Time for 'nx/js/dependencies-and-lockfile:createNodes' 13.371041999998852
[NX v21.6.11 Daemon Server] - 2026-06-30T18:04:11.639Z - Time taken for 'build-project-configs' 19.418707999997423ms
Time for 'build typescript dependencies' 3.4152499999981956
[NX v21.6.11 Daemon Server] - 2026-06-30T18:04:11.654Z - [SYNC]: collect registered sync generators
[NX v21.6.11 Daemon Server] - 2026-06-30T18:04:11.654Z - [SYNC]: project graph hash is the same, not collecting task sync generators
[NX v21.6.11 Daemon Server] - 2026-06-30T18:04:11.654Z - [SYNC]: nx.json hash is the same, not collecting global sync generators
[NX v21.6.11 Daemon Server] - 2026-06-30T18:04:11.654Z - Time taken for 'total execution time for createProjectGraph()' 17.268457999998645ms
[NX v21.6.11 Daemon Server] - 2026-06-30T18:04:13.225Z - [WATCHER]: apps/back/src/facility/ingestion.service.spec.ts was modified
[NX v21.6.11 Daemon Server] - 2026-06-30T18:04:13.225Z - [WATCHER]: Processing file changes in outputs
[NX v21.6.11 Daemon Server] - 2026-06-30T18:04:14.026Z - [REQUEST]: Updated workspace context based on watched changes, recomputing project graph...
[NX v21.6.11 Daemon Server] - 2026-06-30T18:04:14.026Z - [REQUEST]: apps/back/src/facility/ingestion.service.spec.ts
[NX v21.6.11 Daemon Server] - 2026-06-30T18:04:14.026Z - [REQUEST]: 
[NX v21.6.11 Daemon Server] - 2026-06-30T18:04:14.028Z - Time taken for 'hash changed files from watcher' 0.15812500000174623ms
Time for 'nx/core/project-json:createNodes' 0.4835000000020955
Time for 'nx/core/package-json:createNodes' 0.5620830000043497
Time for 'nx/js/dependencies-and-lockfile:createNodes' 4.5083749999976135
[NX v21.6.11 Daemon Server] - 2026-06-30T18:04:14.041Z - Time taken for 'build-project-configs' 9.627250000005006ms
Time for 'build typescript dependencies' 1.8140419999981532
[NX v21.6.11 Daemon Server] - 2026-06-30T18:04:14.058Z - [SYNC]: collect registered sync generators
[NX v21.6.11 Daemon Server] - 2026-06-30T18:04:14.058Z - [SYNC]: project graph hash is the same, not collecting task sync generators
[NX v21.6.11 Daemon Server] - 2026-06-30T18:04:14.059Z - [SYNC]: nx.json hash is the same, not collecting global sync generators
[NX v21.6.11 Daemon Server] - 2026-06-30T18:04:14.059Z - Time taken for 'total execution time for createProjectGraph()' 19.958249999996042ms
[NX v21.6.11 Daemon Server] - 2026-06-30T18:04:22.299Z - Established a connection. Number of open connections: 1
[NX v21.6.11 Daemon Server] - 2026-06-30T18:04:22.299Z - Established a connection. Number of open connections: 2
[NX v21.6.11 Daemon Server] - 2026-06-30T18:04:22.300Z - Closed a connection. Number of open connections: 1
[NX v21.6.11 Daemon Server] - 2026-06-30T18:04:22.304Z - [REQUEST]: Client Request for Project Graph Received
[NX v21.6.11 Daemon Server] - 2026-06-30T18:04:22.305Z - Reusing in-memory cached project graph because no files changed.
[NX v21.6.11 Daemon Server] - 2026-06-30T18:04:22.309Z - Wrote project graph cache to /Users/leonardosegars/Repos/foodtrack/.nx/workspace-data/project-graph.json
[NX v21.6.11 Daemon Server] - 2026-06-30T18:04:22.309Z - [REQUEST]: Responding to the client. project-graph
[NX v21.6.11 Daemon Server] - 2026-06-30T18:04:22.309Z - Time taken for 'total for creating and serializing project graph' 4.547083999990718ms
[NX v21.6.11 Daemon Server] - 2026-06-30T18:04:22.312Z - Done responding to the client project-graph
[NX v21.6.11 Daemon Server] - 2026-06-30T18:04:22.312Z - Handled REQUEST_PROJECT_GRAPH. Handling time: 5. Response time: 3.
[NX v21.6.11 Daemon Server] - 2026-06-30T18:04:22.316Z - [REQUEST]: Responding to the client. handleRunPreTasksExecution
[NX v21.6.11 Daemon Server] - 2026-06-30T18:04:22.316Z - Done responding to the client handleRunPreTasksExecution
[NX v21.6.11 Daemon Server] - 2026-06-30T18:04:22.316Z - Handled PRE_TASKS_EXECUTION. Handling time: 0. Response time: 0.
[NX v21.6.11 Daemon Server] - 2026-06-30T18:04:22.317Z - Time taken for 'preTasksExecution' 0.12229100000695325ms
[NX v21.6.11 Daemon Server] - 2026-06-30T18:04:22.359Z - Reusing in-memory cached project graph because no files changed.
[NX v21.6.11 Daemon Server] - 2026-06-30T18:04:22.362Z - Wrote project graph cache to /Users/leonardosegars/Repos/foodtrack/.nx/workspace-data/project-graph.json
DEBUG nx::native::tasks::hash_planner: get_plans_internal COMPLETED in 1.540459ms - processed 1 tasks (setup: 1.324167ms, parallel_planning: 213.583µs)
DEBUG nx::native::tasks::hashers::hash_workspace_files: Hashing workspace fileset{cache_key="nx.json,.gitignore,.nxignore"}: Adding "6093914340072391811" (".gitignore") to hash
DEBUG nx::native::tasks::hashers::hash_workspace_files: Hashing workspace fileset{cache_key="nx.json,.gitignore,.nxignore"}: Adding "1132752945439744087" ("nx.json") to hash
DEBUG nx::native::tasks::hashers::hash_workspace_files: Hashing workspace fileset{cache_key="nx.json,.gitignore,.nxignore"}: Hash Value: "3983678509802823269"
DEBUG nx::native::tasks::task_hasher: hash_plans COMPLETED in 1.330041ms - processed 1 plans (setup: 219.708µs, hashing: 1.108917ms, assembly: 432.958µs)
[NX v21.6.11 Daemon Server] - 2026-06-30T18:04:22.370Z - [REQUEST]: Responding to the client. handleHashTasks
[NX v21.6.11 Daemon Server] - 2026-06-30T18:04:22.370Z - Time taken for 'write cache' 3.366249999991851ms
[NX v21.6.11 Daemon Server] - 2026-06-30T18:04:22.370Z - Done responding to the client handleHashTasks
[NX v21.6.11 Daemon Server] - 2026-06-30T18:04:22.370Z - Handled HASH_TASKS. Handling time: 11. Response time: 0.
[NX v21.6.11 Daemon Server] - 2026-06-30T18:04:22.414Z - [REQUEST]: Responding to the client. handleGetEstimatedTaskTimings
[NX v21.6.11 Daemon Server] - 2026-06-30T18:04:22.414Z - Done responding to the client handleGetEstimatedTaskTimings
[NX v21.6.11 Daemon Server] - 2026-06-30T18:04:22.414Z - Handled GET_ESTIMATED_TASK_TIMINGS. Handling time: 1. Response time: 0.
[NX v21.6.11 Daemon Server] - 2026-06-30T18:04:24.026Z - [REQUEST]: Responding to the client. recordOutputsHash
[NX v21.6.11 Daemon Server] - 2026-06-30T18:04:24.026Z - Done responding to the client recordOutputsHash
[NX v21.6.11 Daemon Server] - 2026-06-30T18:04:24.027Z - Handled RECORD_OUTPUTS_HASH. Handling time: 0. Response time: 1.
[NX v21.6.11 Daemon Server] - 2026-06-30T18:04:24.030Z - [REQUEST]: Responding to the client. handleRecordTaskRuns
[NX v21.6.11 Daemon Server] - 2026-06-30T18:04:24.030Z - Done responding to the client handleRecordTaskRuns
[NX v21.6.11 Daemon Server] - 2026-06-30T18:04:24.030Z - Handled RECORD_TASK_RUNS. Handling time: 1. Response time: 0.
[NX v21.6.11 Daemon Server] - 2026-06-30T18:04:24.030Z - [REQUEST]: Responding to the client. handleGetFlakyTasks
[NX v21.6.11 Daemon Server] - 2026-06-30T18:04:24.030Z - Done responding to the client handleGetFlakyTasks
[NX v21.6.11 Daemon Server] - 2026-06-30T18:04:24.030Z - Handled GET_FLAKY_TASKS. Handling time: 0. Response time: 0.
[NX v21.6.11 Daemon Server] - 2026-06-30T18:04:24.147Z - [REQUEST]: Responding to the client. handleRunPostTasksExecution
[NX v21.6.11 Daemon Server] - 2026-06-30T18:04:24.147Z - Done responding to the client handleRunPostTasksExecution
[NX v21.6.11 Daemon Server] - 2026-06-30T18:04:24.147Z - Handled POST_TASKS_EXECUTION. Handling time: 0. Response time: 0.
[NX v21.6.11 Daemon Server] - 2026-06-30T18:04:24.147Z - Time taken for 'postTasksExecution' 0.13241700000071432ms
[NX v21.6.11 Daemon Server] - 2026-06-30T18:04:24.152Z - Closed a connection. Number of open connections: 0
[NX v21.6.11 Daemon Server] - 2026-06-30T18:04:24.399Z - Established a connection. Number of open connections: 1
[NX v21.6.11 Daemon Server] - 2026-06-30T18:04:24.400Z - Closed a connection. Number of open connections: 0
[NX v21.6.11 Daemon Server] - 2026-06-30T18:04:24.400Z - Established a connection. Number of open connections: 1
[NX v21.6.11 Daemon Server] - 2026-06-30T18:04:24.401Z - [REQUEST]: Client Request for Project Graph Received
[NX v21.6.11 Daemon Server] - 2026-06-30T18:04:24.401Z - Reusing in-memory cached project graph because no files changed.
[NX v21.6.11 Daemon Server] - 2026-06-30T18:04:24.404Z - Wrote project graph cache to /Users/leonardosegars/Repos/foodtrack/.nx/workspace-data/project-graph.json
[NX v21.6.11 Daemon Server] - 2026-06-30T18:04:24.404Z - [REQUEST]: Responding to the client. project-graph
[NX v21.6.11 Daemon Server] - 2026-06-30T18:04:24.405Z - Time taken for 'total for creating and serializing project graph' 3.1948750000010477ms
[NX v21.6.11 Daemon Server] - 2026-06-30T18:04:24.407Z - Done responding to the client project-graph
[NX v21.6.11 Daemon Server] - 2026-06-30T18:04:24.407Z - Handled REQUEST_PROJECT_GRAPH. Handling time: 3. Response time: 3.
[NX v21.6.11 Daemon Server] - 2026-06-30T18:04:24.411Z - [REQUEST]: Responding to the client. handleRunPreTasksExecution
[NX v21.6.11 Daemon Server] - 2026-06-30T18:04:24.411Z - Done responding to the client handleRunPreTasksExecution
[NX v21.6.11 Daemon Server] - 2026-06-30T18:04:24.411Z - Handled PRE_TASKS_EXECUTION. Handling time: 0. Response time: 0.
[NX v21.6.11 Daemon Server] - 2026-06-30T18:04:24.411Z - Time taken for 'preTasksExecution' 0.08816700000897981ms
[NX v21.6.11 Daemon Server] - 2026-06-30T18:04:24.442Z - Reusing in-memory cached project graph because no files changed.
[NX v21.6.11 Daemon Server] - 2026-06-30T18:04:24.445Z - Wrote project graph cache to /Users/leonardosegars/Repos/foodtrack/.nx/workspace-data/project-graph.json
DEBUG nx::native::tasks::hash_planner: get_plans_internal COMPLETED in 1.922208ms - processed 1 tasks (setup: 1.733625ms, parallel_planning: 182µs)
DEBUG nx::native::tasks::task_hasher: hash_plans COMPLETED in 1.343125ms - processed 1 plans (setup: 196.166µs, hashing: 1.146084ms, assembly: 456.333µs)
[NX v21.6.11 Daemon Server] - 2026-06-30T18:04:24.449Z - [REQUEST]: Responding to the client. handleHashTasks
[NX v21.6.11 Daemon Server] - 2026-06-30T18:04:24.449Z - Time taken for 'write cache' 3.3381660000013653ms
[NX v21.6.11 Daemon Server] - 2026-06-30T18:04:24.450Z - Done responding to the client handleHashTasks
[NX v21.6.11 Daemon Server] - 2026-06-30T18:04:24.450Z - Handled HASH_TASKS. Handling time: 7. Response time: 1.
[NX v21.6.11 Daemon Server] - 2026-06-30T18:04:24.494Z - [REQUEST]: Responding to the client. handleGetEstimatedTaskTimings
[NX v21.6.11 Daemon Server] - 2026-06-30T18:04:24.494Z - Done responding to the client handleGetEstimatedTaskTimings
[NX v21.6.11 Daemon Server] - 2026-06-30T18:04:24.494Z - Handled GET_ESTIMATED_TASK_TIMINGS. Handling time: 0. Response time: 0.
[NX v21.6.11 Daemon Server] - 2026-06-30T18:04:25.411Z - [REQUEST]: Responding to the client. recordOutputsHash
[NX v21.6.11 Daemon Server] - 2026-06-30T18:04:25.411Z - Done responding to the client recordOutputsHash
[NX v21.6.11 Daemon Server] - 2026-06-30T18:04:25.411Z - Handled RECORD_OUTPUTS_HASH. Handling time: 0. Response time: 0.
[NX v21.6.11 Daemon Server] - 2026-06-30T18:04:25.414Z - [REQUEST]: Responding to the client. handleRecordTaskRuns
[NX v21.6.11 Daemon Server] - 2026-06-30T18:04:25.414Z - Done responding to the client handleRecordTaskRuns
[NX v21.6.11 Daemon Server] - 2026-06-30T18:04:25.414Z - Handled RECORD_TASK_RUNS. Handling time: 0. Response time: 0.
[NX v21.6.11 Daemon Server] - 2026-06-30T18:04:25.414Z - [REQUEST]: Responding to the client. handleGetFlakyTasks
[NX v21.6.11 Daemon Server] - 2026-06-30T18:04:25.414Z - Done responding to the client handleGetFlakyTasks
[NX v21.6.11 Daemon Server] - 2026-06-30T18:04:25.414Z - Handled GET_FLAKY_TASKS. Handling time: 0. Response time: 0.
[NX v21.6.11 Daemon Server] - 2026-06-30T18:04:25.517Z - [REQUEST]: Responding to the client. handleRunPostTasksExecution
[NX v21.6.11 Daemon Server] - 2026-06-30T18:04:25.517Z - Done responding to the client handleRunPostTasksExecution
[NX v21.6.11 Daemon Server] - 2026-06-30T18:04:25.517Z - Handled POST_TASKS_EXECUTION. Handling time: 1. Response time: 0.
[NX v21.6.11 Daemon Server] - 2026-06-30T18:04:25.517Z - Time taken for 'postTasksExecution' 0.19679200000246055ms
[NX v21.6.11 Daemon Server] - 2026-06-30T18:04:25.521Z - Closed a connection. Number of open connections: 0
[NX v21.6.11 Daemon Server] - 2026-06-30T18:04:35.100Z - [WATCHER]: apps/back/src/facility/ingestion.service.spec.ts was modified
[NX v21.6.11 Daemon Server] - 2026-06-30T18:04:35.104Z - [WATCHER]: Processing file changes in outputs
[NX v21.6.11 Daemon Server] - 2026-06-30T18:04:35.208Z - [REQUEST]: Updated workspace context based on watched changes, recomputing project graph...
[NX v21.6.11 Daemon Server] - 2026-06-30T18:04:35.208Z - [REQUEST]: apps/back/src/facility/ingestion.service.spec.ts
[NX v21.6.11 Daemon Server] - 2026-06-30T18:04:35.208Z - [REQUEST]: 
[NX v21.6.11 Daemon Server] - 2026-06-30T18:04:35.210Z - Time taken for 'hash changed files from watcher' 0.22941699999500997ms
Time for 'nx/core/package-json:createNodes' 1.9117499999993015
Time for 'nx/core/project-json:createNodes' 2.205999999991036
Time for 'nx/js/dependencies-and-lockfile:createNodes' 7.290750000000116
[NX v21.6.11 Daemon Server] - 2026-06-30T18:04:35.238Z - Time taken for 'build-project-configs' 25.9210410000087ms
Time for 'build typescript dependencies' 3.280417000001762
[NX v21.6.11 Daemon Server] - 2026-06-30T18:04:35.255Z - [SYNC]: collect registered sync generators
[NX v21.6.11 Daemon Server] - 2026-06-30T18:04:35.255Z - [SYNC]: project graph hash is the same, not collecting task sync generators
[NX v21.6.11 Daemon Server] - 2026-06-30T18:04:35.255Z - [SYNC]: nx.json hash is the same, not collecting global sync generators
[NX v21.6.11 Daemon Server] - 2026-06-30T18:04:35.255Z - Time taken for 'total execution time for createProjectGraph()' 18.333041999998386ms
[NX v21.6.11 Daemon Server] - 2026-06-30T18:04:54.605Z - Established a connection. Number of open connections: 1
[NX v21.6.11 Daemon Server] - 2026-06-30T18:04:54.606Z - Established a connection. Number of open connections: 2
[NX v21.6.11 Daemon Server] - 2026-06-30T18:04:54.607Z - Closed a connection. Number of open connections: 1
[NX v21.6.11 Daemon Server] - 2026-06-30T18:04:54.608Z - [REQUEST]: Client Request for Project Graph Received
[NX v21.6.11 Daemon Server] - 2026-06-30T18:04:54.609Z - Reusing in-memory cached project graph because no files changed.
[NX v21.6.11 Daemon Server] - 2026-06-30T18:04:54.612Z - Wrote project graph cache to /Users/leonardosegars/Repos/foodtrack/.nx/workspace-data/project-graph.json
[NX v21.6.11 Daemon Server] - 2026-06-30T18:04:54.612Z - [REQUEST]: Responding to the client. project-graph
[NX v21.6.11 Daemon Server] - 2026-06-30T18:04:54.613Z - Time taken for 'total for creating and serializing project graph' 3.8050829999992857ms
[NX v21.6.11 Daemon Server] - 2026-06-30T18:04:54.615Z - Done responding to the client project-graph
[NX v21.6.11 Daemon Server] - 2026-06-30T18:04:54.615Z - Handled REQUEST_PROJECT_GRAPH. Handling time: 4. Response time: 3.
[NX v21.6.11 Daemon Server] - 2026-06-30T18:04:54.619Z - [REQUEST]: Responding to the client. handleRunPreTasksExecution
[NX v21.6.11 Daemon Server] - 2026-06-30T18:04:54.619Z - Done responding to the client handleRunPreTasksExecution
[NX v21.6.11 Daemon Server] - 2026-06-30T18:04:54.619Z - Handled PRE_TASKS_EXECUTION. Handling time: 1. Response time: 0.
[NX v21.6.11 Daemon Server] - 2026-06-30T18:04:54.619Z - Time taken for 'preTasksExecution' 0.11966599999868777ms
[NX v21.6.11 Daemon Server] - 2026-06-30T18:04:54.658Z - Reusing in-memory cached project graph because no files changed.
[NX v21.6.11 Daemon Server] - 2026-06-30T18:04:54.661Z - Wrote project graph cache to /Users/leonardosegars/Repos/foodtrack/.nx/workspace-data/project-graph.json
DEBUG nx::native::tasks::hash_planner: get_plans_internal COMPLETED in 1.726375ms - processed 1 tasks (setup: 1.4665ms, parallel_planning: 257.666µs)
DEBUG nx::native::tasks::hashers::hash_workspace_files: Hashing workspace fileset{cache_key="nx.json,.gitignore,.nxignore"}: Adding "6093914340072391811" (".gitignore") to hash
DEBUG nx::native::tasks::hashers::hash_workspace_files: Hashing workspace fileset{cache_key="nx.json,.gitignore,.nxignore"}: Adding "1132752945439744087" ("nx.json") to hash
DEBUG nx::native::tasks::hashers::hash_workspace_files: Hashing workspace fileset{cache_key="nx.json,.gitignore,.nxignore"}: Hash Value: "3983678509802823269"
DEBUG nx::native::tasks::task_hasher: hash_plans COMPLETED in 1.561708ms - processed 1 plans (setup: 231.167µs, hashing: 1.329125ms, assembly: 467µs)
[NX v21.6.11 Daemon Server] - 2026-06-30T18:04:54.670Z - [REQUEST]: Responding to the client. handleHashTasks
[NX v21.6.11 Daemon Server] - 2026-06-30T18:04:54.670Z - Time taken for 'write cache' 3.0142499999928987ms
[NX v21.6.11 Daemon Server] - 2026-06-30T18:04:54.670Z - Done responding to the client handleHashTasks
[NX v21.6.11 Daemon Server] - 2026-06-30T18:04:54.670Z - Handled HASH_TASKS. Handling time: 12. Response time: 0.
[NX v21.6.11 Daemon Server] - 2026-06-30T18:04:54.711Z - [REQUEST]: Responding to the client. handleGetEstimatedTaskTimings
[NX v21.6.11 Daemon Server] - 2026-06-30T18:04:54.711Z - Done responding to the client handleGetEstimatedTaskTimings
[NX v21.6.11 Daemon Server] - 2026-06-30T18:04:54.711Z - Handled GET_ESTIMATED_TASK_TIMINGS. Handling time: 0. Response time: 0.
[NX v21.6.11 Daemon Server] - 2026-06-30T18:04:56.062Z - [REQUEST]: Responding to the client. recordOutputsHash
[NX v21.6.11 Daemon Server] - 2026-06-30T18:04:56.062Z - Done responding to the client recordOutputsHash
[NX v21.6.11 Daemon Server] - 2026-06-30T18:04:56.062Z - Handled RECORD_OUTPUTS_HASH. Handling time: 0. Response time: 0.
[NX v21.6.11 Daemon Server] - 2026-06-30T18:04:56.065Z - [REQUEST]: Responding to the client. handleRecordTaskRuns
[NX v21.6.11 Daemon Server] - 2026-06-30T18:04:56.065Z - Done responding to the client handleRecordTaskRuns
[NX v21.6.11 Daemon Server] - 2026-06-30T18:04:56.065Z - Handled RECORD_TASK_RUNS. Handling time: 0. Response time: 0.
[NX v21.6.11 Daemon Server] - 2026-06-30T18:04:56.066Z - [REQUEST]: Responding to the client. handleGetFlakyTasks
[NX v21.6.11 Daemon Server] - 2026-06-30T18:04:56.066Z - Done responding to the client handleGetFlakyTasks
[NX v21.6.11 Daemon Server] - 2026-06-30T18:04:56.066Z - Handled GET_FLAKY_TASKS. Handling time: 0. Response time: 0.
[NX v21.6.11 Daemon Server] - 2026-06-30T18:04:56.171Z - [REQUEST]: Responding to the client. handleRunPostTasksExecution
[NX v21.6.11 Daemon Server] - 2026-06-30T18:04:56.171Z - Done responding to the client handleRunPostTasksExecution
[NX v21.6.11 Daemon Server] - 2026-06-30T18:04:56.171Z - Handled POST_TASKS_EXECUTION. Handling time: 0. Response time: 0.
[NX v21.6.11 Daemon Server] - 2026-06-30T18:04:56.171Z - Time taken for 'postTasksExecution' 0.16212500000256114ms
[NX v21.6.11 Daemon Server] - 2026-06-30T18:04:56.176Z - Closed a connection. Number of open connections: 0
[NX v21.6.11 Daemon Server] - 2026-06-30T18:05:40.499Z - [WATCHER]: apps/back/src/facility/ingestion.service.property.spec.ts was modified
[NX v21.6.11 Daemon Server] - 2026-06-30T18:05:40.500Z - [WATCHER]: Processing file changes in outputs
[NX v21.6.11 Daemon Server] - 2026-06-30T18:05:40.602Z - [REQUEST]: Updated workspace context based on watched changes, recomputing project graph...
[NX v21.6.11 Daemon Server] - 2026-06-30T18:05:40.602Z - [REQUEST]: apps/back/src/facility/ingestion.service.property.spec.ts
[NX v21.6.11 Daemon Server] - 2026-06-30T18:05:40.602Z - [REQUEST]: 
[NX v21.6.11 Daemon Server] - 2026-06-30T18:05:40.604Z - Time taken for 'hash changed files from watcher' 0.2102500000037253ms
Time for 'nx/core/project-json:createNodes' 7.89187499997206
Time for 'nx/core/package-json:createNodes' 9.117542000021785
Time for 'nx/js/dependencies-and-lockfile:createNodes' 18.3626660000009
[NX v21.6.11 Daemon Server] - 2026-06-30T18:05:40.633Z - Time taken for 'build-project-configs' 26.197541000001365ms
Time for 'build typescript dependencies' 2.221917000017129
[NX v21.6.11 Daemon Server] - 2026-06-30T18:05:40.649Z - [SYNC]: collect registered sync generators
[NX v21.6.11 Daemon Server] - 2026-06-30T18:05:40.649Z - [SYNC]: project graph hash is the same, not collecting task sync generators
[NX v21.6.11 Daemon Server] - 2026-06-30T18:05:40.649Z - [SYNC]: nx.json hash is the same, not collecting global sync generators
[NX v21.6.11 Daemon Server] - 2026-06-30T18:05:40.649Z - Time taken for 'total execution time for createProjectGraph()' 17.999540999997407ms
[NX v21.6.11 Daemon Server] - 2026-06-30T18:05:48.633Z - Established a connection. Number of open connections: 1
[NX v21.6.11 Daemon Server] - 2026-06-30T18:05:48.636Z - Established a connection. Number of open connections: 2
[NX v21.6.11 Daemon Server] - 2026-06-30T18:05:48.636Z - Closed a connection. Number of open connections: 1
[NX v21.6.11 Daemon Server] - 2026-06-30T18:05:48.637Z - [REQUEST]: Client Request for Project Graph Received
[NX v21.6.11 Daemon Server] - 2026-06-30T18:05:48.637Z - Reusing in-memory cached project graph because no files changed.
[NX v21.6.11 Daemon Server] - 2026-06-30T18:05:48.641Z - Wrote project graph cache to /Users/leonardosegars/Repos/foodtrack/.nx/workspace-data/project-graph.json
[NX v21.6.11 Daemon Server] - 2026-06-30T18:05:48.641Z - [REQUEST]: Responding to the client. project-graph
[NX v21.6.11 Daemon Server] - 2026-06-30T18:05:48.643Z - Time taken for 'total for creating and serializing project graph' 4.194916999986162ms
[NX v21.6.11 Daemon Server] - 2026-06-30T18:05:48.644Z - Done responding to the client project-graph
[NX v21.6.11 Daemon Server] - 2026-06-30T18:05:48.644Z - Handled REQUEST_PROJECT_GRAPH. Handling time: 4. Response time: 3.
[NX v21.6.11 Daemon Server] - 2026-06-30T18:05:48.649Z - [REQUEST]: Responding to the client. handleRunPreTasksExecution
[NX v21.6.11 Daemon Server] - 2026-06-30T18:05:48.649Z - Done responding to the client handleRunPreTasksExecution
[NX v21.6.11 Daemon Server] - 2026-06-30T18:05:48.649Z - Handled PRE_TASKS_EXECUTION. Handling time: 0. Response time: 0.
[NX v21.6.11 Daemon Server] - 2026-06-30T18:05:48.649Z - Time taken for 'preTasksExecution' 0.14029099998879246ms
[NX v21.6.11 Daemon Server] - 2026-06-30T18:05:48.688Z - Reusing in-memory cached project graph because no files changed.
[NX v21.6.11 Daemon Server] - 2026-06-30T18:05:48.691Z - Wrote project graph cache to /Users/leonardosegars/Repos/foodtrack/.nx/workspace-data/project-graph.json
DEBUG nx::native::tasks::hash_planner: get_plans_internal COMPLETED in 1.594667ms - processed 1 tasks (setup: 1.372875ms, parallel_planning: 219.583µs)
DEBUG nx::native::tasks::hashers::hash_workspace_files: Hashing workspace fileset{cache_key="nx.json,.gitignore,.nxignore"}: Adding "6093914340072391811" (".gitignore") to hash
DEBUG nx::native::tasks::hashers::hash_workspace_files: Hashing workspace fileset{cache_key="nx.json,.gitignore,.nxignore"}: Adding "1132752945439744087" ("nx.json") to hash
DEBUG nx::native::tasks::hashers::hash_workspace_files: Hashing workspace fileset{cache_key="nx.json,.gitignore,.nxignore"}: Hash Value: "3983678509802823269"
DEBUG nx::native::tasks::task_hasher: hash_plans COMPLETED in 1.416ms - processed 1 plans (setup: 235.625µs, hashing: 1.179375ms, assembly: 453.959µs)
[NX v21.6.11 Daemon Server] - 2026-06-30T18:05:48.699Z - [REQUEST]: Responding to the client. handleHashTasks
[NX v21.6.11 Daemon Server] - 2026-06-30T18:05:48.699Z - Time taken for 'write cache' 2.901791999989655ms
[NX v21.6.11 Daemon Server] - 2026-06-30T18:05:48.699Z - Done responding to the client handleHashTasks
[NX v21.6.11 Daemon Server] - 2026-06-30T18:05:48.699Z - Handled HASH_TASKS. Handling time: 11. Response time: 0.
[NX v21.6.11 Daemon Server] - 2026-06-30T18:05:48.744Z - [REQUEST]: Responding to the client. handleGetEstimatedTaskTimings
[NX v21.6.11 Daemon Server] - 2026-06-30T18:05:48.745Z - Done responding to the client handleGetEstimatedTaskTimings
[NX v21.6.11 Daemon Server] - 2026-06-30T18:05:48.745Z - Handled GET_ESTIMATED_TASK_TIMINGS. Handling time: 0. Response time: 1.
[NX v21.6.11 Daemon Server] - 2026-06-30T18:05:50.688Z - [REQUEST]: Responding to the client. recordOutputsHash
[NX v21.6.11 Daemon Server] - 2026-06-30T18:05:50.688Z - Done responding to the client recordOutputsHash
[NX v21.6.11 Daemon Server] - 2026-06-30T18:05:50.688Z - Handled RECORD_OUTPUTS_HASH. Handling time: 0. Response time: 0.
[NX v21.6.11 Daemon Server] - 2026-06-30T18:05:50.691Z - [REQUEST]: Responding to the client. handleRecordTaskRuns
[NX v21.6.11 Daemon Server] - 2026-06-30T18:05:50.691Z - Done responding to the client handleRecordTaskRuns
[NX v21.6.11 Daemon Server] - 2026-06-30T18:05:50.691Z - Handled RECORD_TASK_RUNS. Handling time: 1. Response time: 0.
[NX v21.6.11 Daemon Server] - 2026-06-30T18:05:50.691Z - [REQUEST]: Responding to the client. handleGetFlakyTasks
[NX v21.6.11 Daemon Server] - 2026-06-30T18:05:50.691Z - Done responding to the client handleGetFlakyTasks
[NX v21.6.11 Daemon Server] - 2026-06-30T18:05:50.691Z - Handled GET_FLAKY_TASKS. Handling time: 0. Response time: 0.
[NX v21.6.11 Daemon Server] - 2026-06-30T18:05:50.799Z - [REQUEST]: Responding to the client. handleRunPostTasksExecution
[NX v21.6.11 Daemon Server] - 2026-06-30T18:05:50.799Z - Done responding to the client handleRunPostTasksExecution
[NX v21.6.11 Daemon Server] - 2026-06-30T18:05:50.799Z - Handled POST_TASKS_EXECUTION. Handling time: 0. Response time: 0.
[NX v21.6.11 Daemon Server] - 2026-06-30T18:05:50.799Z - Time taken for 'postTasksExecution' 0.06483300001127645ms
[NX v21.6.11 Daemon Server] - 2026-06-30T18:05:50.805Z - Closed a connection. Number of open connections: 0
[NX v21.6.11 Daemon Server] - 2026-06-30T18:05:52.021Z - Established a connection. Number of open connections: 1
[NX v21.6.11 Daemon Server] - 2026-06-30T18:05:52.022Z - Closed a connection. Number of open connections: 0
[NX v21.6.11 Daemon Server] - 2026-06-30T18:05:52.022Z - Established a connection. Number of open connections: 1
[NX v21.6.11 Daemon Server] - 2026-06-30T18:05:52.023Z - [REQUEST]: Client Request for Project Graph Received
[NX v21.6.11 Daemon Server] - 2026-06-30T18:05:52.023Z - Reusing in-memory cached project graph because no files changed.
[NX v21.6.11 Daemon Server] - 2026-06-30T18:05:52.027Z - Wrote project graph cache to /Users/leonardosegars/Repos/foodtrack/.nx/workspace-data/project-graph.json
[NX v21.6.11 Daemon Server] - 2026-06-30T18:05:52.027Z - [REQUEST]: Responding to the client. project-graph
[NX v21.6.11 Daemon Server] - 2026-06-30T18:05:52.028Z - Time taken for 'total for creating and serializing project graph' 3.8254159999778494ms
[NX v21.6.11 Daemon Server] - 2026-06-30T18:05:52.030Z - Done responding to the client project-graph
[NX v21.6.11 Daemon Server] - 2026-06-30T18:05:52.030Z - Handled REQUEST_PROJECT_GRAPH. Handling time: 4. Response time: 3.
[NX v21.6.11 Daemon Server] - 2026-06-30T18:05:52.033Z - [REQUEST]: Responding to the client. handleRunPreTasksExecution
[NX v21.6.11 Daemon Server] - 2026-06-30T18:05:52.033Z - Done responding to the client handleRunPreTasksExecution
[NX v21.6.11 Daemon Server] - 2026-06-30T18:05:52.033Z - Handled PRE_TASKS_EXECUTION. Handling time: 0. Response time: 0.
[NX v21.6.11 Daemon Server] - 2026-06-30T18:05:52.033Z - Time taken for 'preTasksExecution' 0.07733299999381416ms
[NX v21.6.11 Daemon Server] - 2026-06-30T18:05:52.065Z - Reusing in-memory cached project graph because no files changed.
[NX v21.6.11 Daemon Server] - 2026-06-30T18:05:52.068Z - Wrote project graph cache to /Users/leonardosegars/Repos/foodtrack/.nx/workspace-data/project-graph.json
DEBUG nx::native::tasks::hash_planner: get_plans_internal COMPLETED in 1.637667ms - processed 1 tasks (setup: 1.465667ms, parallel_planning: 169µs)
DEBUG nx::native::tasks::task_hasher: hash_plans COMPLETED in 1.378541ms - processed 1 plans (setup: 191.958µs, hashing: 1.185709ms, assembly: 446.625µs)
[NX v21.6.11 Daemon Server] - 2026-06-30T18:05:52.072Z - [REQUEST]: Responding to the client. handleHashTasks
[NX v21.6.11 Daemon Server] - 2026-06-30T18:05:52.072Z - Time taken for 'write cache' 2.7775840000249445ms
[NX v21.6.11 Daemon Server] - 2026-06-30T18:05:52.072Z - Done responding to the client handleHashTasks
[NX v21.6.11 Daemon Server] - 2026-06-30T18:05:52.072Z - Handled HASH_TASKS. Handling time: 7. Response time: 0.
[NX v21.6.11 Daemon Server] - 2026-06-30T18:05:52.118Z - [REQUEST]: Responding to the client. handleGetEstimatedTaskTimings
[NX v21.6.11 Daemon Server] - 2026-06-30T18:05:52.118Z - Done responding to the client handleGetEstimatedTaskTimings
[NX v21.6.11 Daemon Server] - 2026-06-30T18:05:52.118Z - Handled GET_ESTIMATED_TASK_TIMINGS. Handling time: 0. Response time: 0.
[NX v21.6.11 Daemon Server] - 2026-06-30T18:05:53.526Z - [REQUEST]: Responding to the client. recordOutputsHash
[NX v21.6.11 Daemon Server] - 2026-06-30T18:05:53.527Z - Done responding to the client recordOutputsHash
[NX v21.6.11 Daemon Server] - 2026-06-30T18:05:53.527Z - Handled RECORD_OUTPUTS_HASH. Handling time: 0. Response time: 1.
[NX v21.6.11 Daemon Server] - 2026-06-30T18:05:53.529Z - [REQUEST]: Responding to the client. handleRecordTaskRuns
[NX v21.6.11 Daemon Server] - 2026-06-30T18:05:53.530Z - Done responding to the client handleRecordTaskRuns
[NX v21.6.11 Daemon Server] - 2026-06-30T18:05:53.530Z - Handled RECORD_TASK_RUNS. Handling time: 0. Response time: 1.
[NX v21.6.11 Daemon Server] - 2026-06-30T18:05:53.530Z - [REQUEST]: Responding to the client. handleGetFlakyTasks
[NX v21.6.11 Daemon Server] - 2026-06-30T18:05:53.530Z - Done responding to the client handleGetFlakyTasks
[NX v21.6.11 Daemon Server] - 2026-06-30T18:05:53.530Z - Handled GET_FLAKY_TASKS. Handling time: 0. Response time: 0.
[NX v21.6.11 Daemon Server] - 2026-06-30T18:05:53.634Z - [REQUEST]: Responding to the client. handleRunPostTasksExecution
[NX v21.6.11 Daemon Server] - 2026-06-30T18:05:53.634Z - Done responding to the client handleRunPostTasksExecution
[NX v21.6.11 Daemon Server] - 2026-06-30T18:05:53.634Z - Handled POST_TASKS_EXECUTION. Handling time: 0. Response time: 0.
[NX v21.6.11 Daemon Server] - 2026-06-30T18:05:53.634Z - Time taken for 'postTasksExecution' 0.0674169999838341ms
[NX v21.6.11 Daemon Server] - 2026-06-30T18:05:53.640Z - Closed a connection. Number of open connections: 0
[NX v21.6.11 Daemon Server] - 2026-06-30T18:06:15.483Z - [WATCHER]: .kiro/specs/food-truck-locator/tasks.meta.json was modified
[NX v21.6.11 Daemon Server] - 2026-06-30T18:06:15.486Z - [WATCHER]: Processing file changes in outputs
[NX v21.6.11 Daemon Server] - 2026-06-30T18:06:15.587Z - [REQUEST]: Updated workspace context based on watched changes, recomputing project graph...
[NX v21.6.11 Daemon Server] - 2026-06-30T18:06:15.587Z - [REQUEST]: .kiro/specs/food-truck-locator/tasks.meta.json
[NX v21.6.11 Daemon Server] - 2026-06-30T18:06:15.587Z - [REQUEST]: 
[NX v21.6.11 Daemon Server] - 2026-06-30T18:06:15.589Z - Time taken for 'hash changed files from watcher' 0.2537080000038259ms
Time for 'nx/core/package-json:createNodes' 2.1615830000082497
Time for 'nx/core/project-json:createNodes' 2.236124999995809
Time for 'nx/js/dependencies-and-lockfile:createNodes' 8.158416999998735
[NX v21.6.11 Daemon Server] - 2026-06-30T18:06:15.612Z - Time taken for 'build-project-configs' 17.730374999984633ms
Time for 'build typescript dependencies' 0.039957999979378656
[NX v21.6.11 Daemon Server] - 2026-06-30T18:06:15.629Z - [SYNC]: collect registered sync generators
[NX v21.6.11 Daemon Server] - 2026-06-30T18:06:15.629Z - [SYNC]: project graph hash is the same, not collecting task sync generators
[NX v21.6.11 Daemon Server] - 2026-06-30T18:06:15.629Z - [SYNC]: nx.json hash is the same, not collecting global sync generators
[NX v21.6.11 Daemon Server] - 2026-06-30T18:06:15.629Z - Time taken for 'total execution time for createProjectGraph()' 21.09083300002385ms
[NX v21.6.11 Daemon Server] - 2026-06-30T18:06:36.422Z - [WATCHER]: 0 file(s) created or restored, 2 file(s) modified, 0 file(s) deleted
[NX v21.6.11 Daemon Server] - 2026-06-30T18:06:36.422Z - [WATCHER]: Processing file changes in outputs
[NX v21.6.11 Daemon Server] - 2026-06-30T18:06:36.623Z - [REQUEST]: Updated workspace context based on watched changes, recomputing project graph...
[NX v21.6.11 Daemon Server] - 2026-06-30T18:06:36.623Z - [REQUEST]: .kiro/specs/food-truck-locator/tasks.md,.kiro/specs/food-truck-locator/tasks.meta.json
[NX v21.6.11 Daemon Server] - 2026-06-30T18:06:36.623Z - [REQUEST]: 
[NX v21.6.11 Daemon Server] - 2026-06-30T18:06:36.627Z - Time taken for 'hash changed files from watcher' 0.2580420000012964ms
Time for 'nx/core/project-json:createNodes' 3.6616250000079162
Time for 'nx/core/package-json:createNodes' 8.876874999987194
Time for 'nx/js/dependencies-and-lockfile:createNodes' 19.173833000008017
[NX v21.6.11 Daemon Server] - 2026-06-30T18:06:36.661Z - Time taken for 'build-project-configs' 32.53895799999009ms
Time for 'build typescript dependencies' 0.017958000011276454
[NX v21.6.11 Daemon Server] - 2026-06-30T18:06:36.674Z - [SYNC]: collect registered sync generators
[NX v21.6.11 Daemon Server] - 2026-06-30T18:06:36.675Z - [SYNC]: project graph hash is the same, not collecting task sync generators
[NX v21.6.11 Daemon Server] - 2026-06-30T18:06:36.675Z - [SYNC]: nx.json hash is the same, not collecting global sync generators
[NX v21.6.11 Daemon Server] - 2026-06-30T18:06:36.675Z - Time taken for 'total execution time for createProjectGraph()' 15.251708000025246ms
[NX v21.6.11 Daemon Server] - 2026-06-30T18:06:37.254Z - [WATCHER]: 0 file(s) created or restored, 2 file(s) modified, 0 file(s) deleted
[NX v21.6.11 Daemon Server] - 2026-06-30T18:06:37.254Z - [WATCHER]: Processing file changes in outputs
[NX v21.6.11 Daemon Server] - 2026-06-30T18:06:37.332Z - [WATCHER]: .kiro/specs/food-truck-locator/tasks.md was modified
[NX v21.6.11 Daemon Server] - 2026-06-30T18:06:37.332Z - [WATCHER]: Processing file changes in outputs
[NX v21.6.11 Daemon Server] - 2026-06-30T18:06:37.401Z - [WATCHER]: .kiro/specs/food-truck-locator/tasks.meta.json was modified
[NX v21.6.11 Daemon Server] - 2026-06-30T18:06:37.401Z - [WATCHER]: Processing file changes in outputs
[NX v21.6.11 Daemon Server] - 2026-06-30T18:06:37.655Z - [REQUEST]: Updated workspace context based on watched changes, recomputing project graph...
[NX v21.6.11 Daemon Server] - 2026-06-30T18:06:37.655Z - [REQUEST]: .kiro/specs/food-truck-locator/tasks.md,.kiro/specs/food-truck-locator/tasks.meta.json
[NX v21.6.11 Daemon Server] - 2026-06-30T18:06:37.655Z - [REQUEST]: 
[NX v21.6.11 Daemon Server] - 2026-06-30T18:06:37.656Z - Time taken for 'hash changed files from watcher' 0.19262499999604188ms
Time for 'nx/core/package-json:createNodes' 0.2705829999758862
Time for 'nx/core/project-json:createNodes' 0.4324590000032913
Time for 'nx/js/dependencies-and-lockfile:createNodes' 3.294499999989057
[NX v21.6.11 Daemon Server] - 2026-06-30T18:06:37.667Z - Time taken for 'build-project-configs' 8.121875000011642ms
Time for 'build typescript dependencies' 0.015375000017229468
[NX v21.6.11 Daemon Server] - 2026-06-30T18:06:37.680Z - [SYNC]: collect registered sync generators
[NX v21.6.11 Daemon Server] - 2026-06-30T18:06:37.680Z - [SYNC]: project graph hash is the same, not collecting task sync generators
[NX v21.6.11 Daemon Server] - 2026-06-30T18:06:37.680Z - [SYNC]: nx.json hash is the same, not collecting global sync generators
[NX v21.6.11 Daemon Server] - 2026-06-30T18:06:37.680Z - Time taken for 'total execution time for createProjectGraph()' 14.812583999999333ms
[NX v21.6.11 Daemon Server] - 2026-06-30T18:06:38.151Z - [WATCHER]: Processing file changes in outputs
[NX v21.6.11 Daemon Server] - 2026-06-30T18:06:38.151Z - [WATCHER]: 0 file(s) created or restored, 2 file(s) modified, 0 file(s) deleted
[NX v21.6.11 Daemon Server] - 2026-06-30T18:06:38.215Z - [WATCHER]: .kiro/specs/food-truck-locator/tasks.meta.json was modified
[NX v21.6.11 Daemon Server] - 2026-06-30T18:06:38.215Z - [WATCHER]: Processing file changes in outputs
[NX v21.6.11 Daemon Server] - 2026-06-30T18:06:38.952Z - [REQUEST]: Updated workspace context based on watched changes, recomputing project graph...
[NX v21.6.11 Daemon Server] - 2026-06-30T18:06:38.952Z - [REQUEST]: .kiro/specs/food-truck-locator/tasks.meta.json,.kiro/specs/food-truck-locator/tasks.md
[NX v21.6.11 Daemon Server] - 2026-06-30T18:06:38.952Z - [REQUEST]: 
[NX v21.6.11 Daemon Server] - 2026-06-30T18:06:38.954Z - Time taken for 'hash changed files from watcher' 0.15804199999547563ms
Time for 'nx/core/project-json:createNodes' 0.1920420000096783
Time for 'nx/core/package-json:createNodes' 0.2510830000101123
Time for 'nx/js/dependencies-and-lockfile:createNodes' 2.872124999994412
[NX v21.6.11 Daemon Server] - 2026-06-30T18:06:38.964Z - Time taken for 'build-project-configs' 6.609542000020156ms
Time for 'build typescript dependencies' 0.020334000000730157
[NX v21.6.11 Daemon Server] - 2026-06-30T18:06:38.981Z - [SYNC]: collect registered sync generators
[NX v21.6.11 Daemon Server] - 2026-06-30T18:06:38.981Z - [SYNC]: project graph hash is the same, not collecting task sync generators
[NX v21.6.11 Daemon Server] - 2026-06-30T18:06:38.981Z - [SYNC]: nx.json hash is the same, not collecting global sync generators
[NX v21.6.11 Daemon Server] - 2026-06-30T18:06:38.982Z - Time taken for 'total execution time for createProjectGraph()' 19.7465830000001ms
[NX v21.6.11 Daemon Server] - 2026-06-30T18:06:39.067Z - [WATCHER]: 0 file(s) created or restored, 2 file(s) modified, 0 file(s) deleted
[NX v21.6.11 Daemon Server] - 2026-06-30T18:06:39.068Z - [WATCHER]: Processing file changes in outputs
[NX v21.6.11 Daemon Server] - 2026-06-30T18:06:40.668Z - [REQUEST]: Updated workspace context based on watched changes, recomputing project graph...
[NX v21.6.11 Daemon Server] - 2026-06-30T18:06:40.668Z - [REQUEST]: .kiro/specs/food-truck-locator/tasks.meta.json,.kiro/specs/food-truck-locator/tasks.md
[NX v21.6.11 Daemon Server] - 2026-06-30T18:06:40.668Z - [REQUEST]: 
[NX v21.6.11 Daemon Server] - 2026-06-30T18:06:40.669Z - Time taken for 'hash changed files from watcher' 0.21474999998463318ms
Time for 'nx/core/project-json:createNodes' 0.16329100000439212
Time for 'nx/core/package-json:createNodes' 0.2602910000132397
Time for 'nx/js/dependencies-and-lockfile:createNodes' 3.0541659999871626
[NX v21.6.11 Daemon Server] - 2026-06-30T18:06:40.678Z - Time taken for 'build-project-configs' 6.063250000006519ms
Time for 'build typescript dependencies' 0.011541000014403835
[NX v21.6.11 Daemon Server] - 2026-06-30T18:06:40.687Z - [SYNC]: collect registered sync generators
[NX v21.6.11 Daemon Server] - 2026-06-30T18:06:40.687Z - [SYNC]: project graph hash is the same, not collecting task sync generators
[NX v21.6.11 Daemon Server] - 2026-06-30T18:06:40.687Z - [SYNC]: nx.json hash is the same, not collecting global sync generators
[NX v21.6.11 Daemon Server] - 2026-06-30T18:06:40.687Z - Time taken for 'total execution time for createProjectGraph()' 10.944583000004059ms
[NX v21.6.11 Daemon Server] - 2026-06-30T18:06:44.253Z - [WATCHER]: 0 file(s) created or restored, 2 file(s) modified, 0 file(s) deleted
[NX v21.6.11 Daemon Server] - 2026-06-30T18:06:44.254Z - [WATCHER]: Processing file changes in outputs
[NX v21.6.11 Daemon Server] - 2026-06-30T18:06:45.027Z - [WATCHER]: 0 file(s) created or restored, 2 file(s) modified, 0 file(s) deleted
[NX v21.6.11 Daemon Server] - 2026-06-30T18:06:45.027Z - [WATCHER]: Processing file changes in outputs
[NX v21.6.11 Daemon Server] - 2026-06-30T18:06:45.894Z - [WATCHER]: Processing file changes in outputs
[NX v21.6.11 Daemon Server] - 2026-06-30T18:06:45.895Z - [WATCHER]: 0 file(s) created or restored, 2 file(s) modified, 0 file(s) deleted
[NX v21.6.11 Daemon Server] - 2026-06-30T18:06:46.771Z - [WATCHER]: 0 file(s) created or restored, 2 file(s) modified, 0 file(s) deleted
[NX v21.6.11 Daemon Server] - 2026-06-30T18:06:46.771Z - [WATCHER]: Processing file changes in outputs
[NX v21.6.11 Daemon Server] - 2026-06-30T18:06:47.456Z - [REQUEST]: Updated workspace context based on watched changes, recomputing project graph...
[NX v21.6.11 Daemon Server] - 2026-06-30T18:06:47.456Z - [REQUEST]: .kiro/specs/food-truck-locator/tasks.meta.json,.kiro/specs/food-truck-locator/tasks.md
[NX v21.6.11 Daemon Server] - 2026-06-30T18:06:47.456Z - [REQUEST]: 
[NX v21.6.11 Daemon Server] - 2026-06-30T18:06:47.458Z - Time taken for 'hash changed files from watcher' 0.2800829999905545ms
Time for 'nx/core/project-json:createNodes' 3.6149999999906868
Time for 'nx/core/package-json:createNodes' 4.311042000015732
Time for 'nx/js/dependencies-and-lockfile:createNodes' 15.845624999987194
[NX v21.6.11 Daemon Server] - 2026-06-30T18:06:47.489Z - Time taken for 'build-project-configs' 24.427915999986ms
Time for 'build typescript dependencies' 0.01662499998928979
[NX v21.6.11 Daemon Server] - 2026-06-30T18:06:47.506Z - [SYNC]: collect registered sync generators
[NX v21.6.11 Daemon Server] - 2026-06-30T18:06:47.506Z - [SYNC]: project graph hash is the same, not collecting task sync generators
[NX v21.6.11 Daemon Server] - 2026-06-30T18:06:47.506Z - [SYNC]: nx.json hash is the same, not collecting global sync generators
[NX v21.6.11 Daemon Server] - 2026-06-30T18:06:47.506Z - Time taken for 'total execution time for createProjectGraph()' 22.917583000002196ms
[NX v21.6.11 Daemon Server] - 2026-06-30T18:06:47.668Z - [WATCHER]: .kiro/specs/food-truck-locator/tasks.md was modified
[NX v21.6.11 Daemon Server] - 2026-06-30T18:06:47.668Z - [WATCHER]: Processing file changes in outputs
[NX v21.6.11 Daemon Server] - 2026-06-30T18:06:47.721Z - [WATCHER]: .kiro/specs/food-truck-locator/tasks.meta.json was modified
[NX v21.6.11 Daemon Server] - 2026-06-30T18:06:47.721Z - [WATCHER]: Processing file changes in outputs
[NX v21.6.11 Daemon Server] - 2026-06-30T18:06:54.069Z - [REQUEST]: Updated workspace context based on watched changes, recomputing project graph...
[NX v21.6.11 Daemon Server] - 2026-06-30T18:06:54.069Z - [REQUEST]: .kiro/specs/food-truck-locator/tasks.md,.kiro/specs/food-truck-locator/tasks.meta.json
[NX v21.6.11 Daemon Server] - 2026-06-30T18:06:54.070Z - [REQUEST]: 
[NX v21.6.11 Daemon Server] - 2026-06-30T18:06:54.071Z - Time taken for 'hash changed files from watcher' 0.328125ms
Time for 'nx/core/project-json:createNodes' 0.1687499999825377
Time for 'nx/core/package-json:createNodes' 0.27749999999650754
Time for 'nx/js/dependencies-and-lockfile:createNodes' 3.985958000004757
[NX v21.6.11 Daemon Server] - 2026-06-30T18:06:54.083Z - Time taken for 'build-project-configs' 9.348874999996042ms
Time for 'build typescript dependencies' 0.013207999989390373
[NX v21.6.11 Daemon Server] - 2026-06-30T18:06:54.097Z - [SYNC]: collect registered sync generators
[NX v21.6.11 Daemon Server] - 2026-06-30T18:06:54.097Z - [SYNC]: project graph hash is the same, not collecting task sync generators
[NX v21.6.11 Daemon Server] - 2026-06-30T18:06:54.097Z - [SYNC]: nx.json hash is the same, not collecting global sync generators
[NX v21.6.11 Daemon Server] - 2026-06-30T18:06:54.097Z - Time taken for 'total execution time for createProjectGraph()' 15.05220800000825ms
[NX v21.6.11 Daemon Server] - 2026-06-30T18:08:27.504Z - [WATCHER]: Processing file changes in outputs
[NX v21.6.11 Daemon Server] - 2026-06-30T18:08:27.507Z - [WATCHER]: apps/bff/src/facility/facility.module.ts was created or restored
[NX v21.6.11 Daemon Server] - 2026-06-30T18:08:27.607Z - [REQUEST]: Updated workspace context based on watched changes, recomputing project graph...
[NX v21.6.11 Daemon Server] - 2026-06-30T18:08:27.607Z - [REQUEST]: apps/bff/src/facility/facility.module.ts
[NX v21.6.11 Daemon Server] - 2026-06-30T18:08:27.607Z - [REQUEST]: 
[NX v21.6.11 Daemon Server] - 2026-06-30T18:08:27.608Z - Time taken for 'hash changed files from watcher' 0.20933300000615418ms
Time for 'nx/core/project-json:createNodes' 0.9836660000146367
Time for 'nx/core/package-json:createNodes' 1.3841660000034608
Time for 'nx/js/dependencies-and-lockfile:createNodes' 10.136791999975685
[NX v21.6.11 Daemon Server] - 2026-06-30T18:08:27.628Z - Time taken for 'build-project-configs' 17.111957999994047ms
Time for 'build typescript dependencies' 3.2769579999730922
[NX v21.6.11 Daemon Server] - 2026-06-30T18:08:27.643Z - [SYNC]: collect registered sync generators
[NX v21.6.11 Daemon Server] - 2026-06-30T18:08:27.644Z - [SYNC]: project graph hash is the same, not collecting task sync generators
[NX v21.6.11 Daemon Server] - 2026-06-30T18:08:27.644Z - [SYNC]: nx.json hash is the same, not collecting global sync generators
[NX v21.6.11 Daemon Server] - 2026-06-30T18:08:27.644Z - Time taken for 'total execution time for createProjectGraph()' 16.652166999992914ms
[NX v21.6.11 Daemon Server] - 2026-06-30T18:08:29.192Z - [WATCHER]: apps/bff/src/facility/facility.controller.spec.ts was created or restored
[NX v21.6.11 Daemon Server] - 2026-06-30T18:08:29.192Z - [WATCHER]: Processing file changes in outputs
[NX v21.6.11 Daemon Server] - 2026-06-30T18:08:29.293Z - [REQUEST]: Updated workspace context based on watched changes, recomputing project graph...
[NX v21.6.11 Daemon Server] - 2026-06-30T18:08:29.293Z - [REQUEST]: apps/bff/src/facility/facility.controller.spec.ts
[NX v21.6.11 Daemon Server] - 2026-06-30T18:08:29.293Z - [REQUEST]: 
[NX v21.6.11 Daemon Server] - 2026-06-30T18:08:29.295Z - Time taken for 'hash changed files from watcher' 0.10670899995602667ms
Time for 'nx/core/project-json:createNodes' 0.22258300002431497
Time for 'nx/core/package-json:createNodes' 0.3511250000447035
Time for 'nx/js/dependencies-and-lockfile:createNodes' 3.4102920000441372
[NX v21.6.11 Daemon Server] - 2026-06-30T18:08:29.308Z - Time taken for 'build-project-configs' 10.23137500003213ms
Time for 'build typescript dependencies' 1.9187500000116415
[NX v21.6.11 Daemon Server] - 2026-06-30T18:08:29.320Z - [SYNC]: collect registered sync generators
[NX v21.6.11 Daemon Server] - 2026-06-30T18:08:29.321Z - [SYNC]: project graph hash is the same, not collecting task sync generators
[NX v21.6.11 Daemon Server] - 2026-06-30T18:08:29.321Z - [SYNC]: nx.json hash is the same, not collecting global sync generators
[NX v21.6.11 Daemon Server] - 2026-06-30T18:08:29.321Z - Time taken for 'total execution time for createProjectGraph()' 14.304415999969933ms
[NX v21.6.11 Daemon Server] - 2026-06-30T18:08:53.794Z - [WATCHER]: Processing file changes in outputs
[NX v21.6.11 Daemon Server] - 2026-06-30T18:08:53.796Z - [WATCHER]: apps/bff/src/app.module.ts was created or restored
[NX v21.6.11 Daemon Server] - 2026-06-30T18:08:53.898Z - [REQUEST]: Updated workspace context based on watched changes, recomputing project graph...
[NX v21.6.11 Daemon Server] - 2026-06-30T18:08:53.898Z - [REQUEST]: apps/bff/src/app.module.ts
[NX v21.6.11 Daemon Server] - 2026-06-30T18:08:53.899Z - [REQUEST]: 
[NX v21.6.11 Daemon Server] - 2026-06-30T18:08:53.900Z - Time taken for 'hash changed files from watcher' 0.20291599998017773ms
Time for 'nx/core/project-json:createNodes' 1.2742499999585561
Time for 'nx/core/package-json:createNodes' 1.1739589999779128
Time for 'nx/js/dependencies-and-lockfile:createNodes' 8.35808299999917
[NX v21.6.11 Daemon Server] - 2026-06-30T18:08:53.923Z - Time taken for 'build-project-configs' 18.537540999997873ms
Time for 'build typescript dependencies' 3.655291999981273
[NX v21.6.11 Daemon Server] - 2026-06-30T18:08:53.939Z - [SYNC]: collect registered sync generators
[NX v21.6.11 Daemon Server] - 2026-06-30T18:08:53.939Z - [SYNC]: project graph hash is the same, not collecting task sync generators
[NX v21.6.11 Daemon Server] - 2026-06-30T18:08:53.939Z - [SYNC]: nx.json hash is the same, not collecting global sync generators
[NX v21.6.11 Daemon Server] - 2026-06-30T18:08:53.939Z - Time taken for 'total execution time for createProjectGraph()' 19.56195800000569ms
[NX v21.6.11 Daemon Server] - 2026-06-30T18:09:01.141Z - Established a connection. Number of open connections: 1
[NX v21.6.11 Daemon Server] - 2026-06-30T18:09:01.142Z - Closed a connection. Number of open connections: 0
[NX v21.6.11 Daemon Server] - 2026-06-30T18:09:01.142Z - Established a connection. Number of open connections: 1
[NX v21.6.11 Daemon Server] - 2026-06-30T18:09:01.143Z - [REQUEST]: Client Request for Project Graph Received
[NX v21.6.11 Daemon Server] - 2026-06-30T18:09:01.144Z - Reusing in-memory cached project graph because no files changed.
[NX v21.6.11 Daemon Server] - 2026-06-30T18:09:01.153Z - Wrote project graph cache to /Users/leonardosegars/Repos/foodtrack/.nx/workspace-data/project-graph.json
[NX v21.6.11 Daemon Server] - 2026-06-30T18:09:01.153Z - [REQUEST]: Responding to the client. project-graph
[NX v21.6.11 Daemon Server] - 2026-06-30T18:09:01.154Z - Time taken for 'total for creating and serializing project graph' 9.92895899998257ms
[NX v21.6.11 Daemon Server] - 2026-06-30T18:09:01.156Z - Done responding to the client project-graph
[NX v21.6.11 Daemon Server] - 2026-06-30T18:09:01.156Z - Handled REQUEST_PROJECT_GRAPH. Handling time: 10. Response time: 3.
[NX v21.6.11 Daemon Server] - 2026-06-30T18:09:01.160Z - [REQUEST]: Responding to the client. handleRunPreTasksExecution
[NX v21.6.11 Daemon Server] - 2026-06-30T18:09:01.160Z - Done responding to the client handleRunPreTasksExecution
[NX v21.6.11 Daemon Server] - 2026-06-30T18:09:01.160Z - Handled PRE_TASKS_EXECUTION. Handling time: 0. Response time: 0.
[NX v21.6.11 Daemon Server] - 2026-06-30T18:09:01.160Z - Time taken for 'preTasksExecution' 0.10354199999710545ms
[NX v21.6.11 Daemon Server] - 2026-06-30T18:09:01.201Z - Reusing in-memory cached project graph because no files changed.
[NX v21.6.11 Daemon Server] - 2026-06-30T18:09:01.204Z - Wrote project graph cache to /Users/leonardosegars/Repos/foodtrack/.nx/workspace-data/project-graph.json
DEBUG nx::native::tasks::hash_planner: get_plans_internal COMPLETED in 1.768208ms - processed 1 tasks (setup: 1.548083ms, parallel_planning: 213.834µs)
DEBUG nx::native::tasks::hashers::hash_workspace_files: Hashing workspace fileset{cache_key="nx.json,.gitignore,.nxignore"}: Adding "6093914340072391811" (".gitignore") to hash
DEBUG nx::native::tasks::hashers::hash_workspace_files: Hashing workspace fileset{cache_key="nx.json,.gitignore,.nxignore"}: Adding "1132752945439744087" ("nx.json") to hash
DEBUG nx::native::tasks::hashers::hash_workspace_files: Hashing workspace fileset{cache_key="nx.json,.gitignore,.nxignore"}: Hash Value: "3983678509802823269"
DEBUG nx::native::tasks::task_hasher: hash_plans COMPLETED in 1.493667ms - processed 1 plans (setup: 230.958µs, hashing: 1.259834ms, assembly: 493.167µs)
[NX v21.6.11 Daemon Server] - 2026-06-30T18:09:01.211Z - [REQUEST]: Responding to the client. handleHashTasks
[NX v21.6.11 Daemon Server] - 2026-06-30T18:09:01.212Z - Time taken for 'write cache' 2.670291999995243ms
[NX v21.6.11 Daemon Server] - 2026-06-30T18:09:01.212Z - Done responding to the client handleHashTasks
[NX v21.6.11 Daemon Server] - 2026-06-30T18:09:01.212Z - Handled HASH_TASKS. Handling time: 10. Response time: 1.
[NX v21.6.11 Daemon Server] - 2026-06-30T18:09:01.261Z - [REQUEST]: Responding to the client. handleGetEstimatedTaskTimings
[NX v21.6.11 Daemon Server] - 2026-06-30T18:09:01.261Z - Done responding to the client handleGetEstimatedTaskTimings
[NX v21.6.11 Daemon Server] - 2026-06-30T18:09:01.261Z - Handled GET_ESTIMATED_TASK_TIMINGS. Handling time: 1. Response time: 0.
[NX v21.6.11 Daemon Server] - 2026-06-30T18:09:01.873Z - [WATCHER]: apps/bff/src/main.ts was created or restored
[NX v21.6.11 Daemon Server] - 2026-06-30T18:09:01.873Z - [WATCHER]: Processing file changes in outputs
[NX v21.6.11 Daemon Server] - 2026-06-30T18:09:01.972Z - [REQUEST]: Updated workspace context based on watched changes, recomputing project graph...
[NX v21.6.11 Daemon Server] - 2026-06-30T18:09:01.973Z - [REQUEST]: apps/bff/src/main.ts
[NX v21.6.11 Daemon Server] - 2026-06-30T18:09:01.973Z - [REQUEST]: 
[NX v21.6.11 Daemon Server] - 2026-06-30T18:09:01.974Z - Time taken for 'hash changed files from watcher' 0.1035839999676682ms
Time for 'nx/core/package-json:createNodes' 0.44495800003642216
Time for 'nx/core/project-json:createNodes' 0.5549579999642447
Time for 'nx/js/dependencies-and-lockfile:createNodes' 3.2398749999701977
[NX v21.6.11 Daemon Server] - 2026-06-30T18:09:01.984Z - Time taken for 'build-project-configs' 7.1585830000112765ms
Time for 'build typescript dependencies' 3.1250830000499263
[NX v21.6.11 Daemon Server] - 2026-06-30T18:09:02.002Z - [SYNC]: collect registered sync generators
[NX v21.6.11 Daemon Server] - 2026-06-30T18:09:02.002Z - [SYNC]: project graph hash is the same, not collecting task sync generators
[NX v21.6.11 Daemon Server] - 2026-06-30T18:09:02.002Z - [SYNC]: nx.json hash is the same, not collecting global sync generators
[NX v21.6.11 Daemon Server] - 2026-06-30T18:09:02.002Z - Time taken for 'total execution time for createProjectGraph()' 19.77466599998297ms
[NX v21.6.11 Daemon Server] - 2026-06-30T18:09:03.155Z - [REQUEST]: Responding to the client. recordOutputsHash
[NX v21.6.11 Daemon Server] - 2026-06-30T18:09:03.155Z - Done responding to the client recordOutputsHash
[NX v21.6.11 Daemon Server] - 2026-06-30T18:09:03.155Z - Handled RECORD_OUTPUTS_HASH. Handling time: 0. Response time: 0.
[NX v21.6.11 Daemon Server] - 2026-06-30T18:09:03.158Z - [REQUEST]: Responding to the client. handleRecordTaskRuns
[NX v21.6.11 Daemon Server] - 2026-06-30T18:09:03.158Z - Done responding to the client handleRecordTaskRuns
[NX v21.6.11 Daemon Server] - 2026-06-30T18:09:03.159Z - Handled RECORD_TASK_RUNS. Handling time: 0. Response time: 1.
[NX v21.6.11 Daemon Server] - 2026-06-30T18:09:03.159Z - [REQUEST]: Responding to the client. handleGetFlakyTasks
[NX v21.6.11 Daemon Server] - 2026-06-30T18:09:03.159Z - Done responding to the client handleGetFlakyTasks
[NX v21.6.11 Daemon Server] - 2026-06-30T18:09:03.159Z - Handled GET_FLAKY_TASKS. Handling time: 0. Response time: 0.
[NX v21.6.11 Daemon Server] - 2026-06-30T18:09:03.267Z - [REQUEST]: Responding to the client. handleRunPostTasksExecution
[NX v21.6.11 Daemon Server] - 2026-06-30T18:09:03.267Z - Done responding to the client handleRunPostTasksExecution
[NX v21.6.11 Daemon Server] - 2026-06-30T18:09:03.267Z - Handled POST_TASKS_EXECUTION. Handling time: 0. Response time: 0.
[NX v21.6.11 Daemon Server] - 2026-06-30T18:09:03.267Z - Time taken for 'postTasksExecution' 0.17362499999580905ms
[NX v21.6.11 Daemon Server] - 2026-06-30T18:09:03.272Z - Closed a connection. Number of open connections: 0
[NX v21.6.11 Daemon Server] - 2026-06-30T18:09:11.265Z - [WATCHER]: Processing file changes in outputs
[NX v21.6.11 Daemon Server] - 2026-06-30T18:09:11.266Z - [WATCHER]: apps/front/src/features/food-truck-locator/hooks/useFacilitySearch.ts was created or restored
[NX v21.6.11 Daemon Server] - 2026-06-30T18:09:11.367Z - [REQUEST]: Updated workspace context based on watched changes, recomputing project graph...
[NX v21.6.11 Daemon Server] - 2026-06-30T18:09:11.368Z - [REQUEST]: apps/front/src/features/food-truck-locator/hooks/useFacilitySearch.ts
[NX v21.6.11 Daemon Server] - 2026-06-30T18:09:11.368Z - [REQUEST]: 
[NX v21.6.11 Daemon Server] - 2026-06-30T18:09:11.370Z - Time taken for 'hash changed files from watcher' 0.1275000000023283ms
Time for 'nx/core/project-json:createNodes' 2.4297500000102445
Time for 'nx/core/package-json:createNodes' 2.6211670000338927
Time for 'nx/js/dependencies-and-lockfile:createNodes' 9.207958000013605
[NX v21.6.11 Daemon Server] - 2026-06-30T18:09:11.391Z - Time taken for 'build-project-configs' 16.204957999987528ms
Time for 'build typescript dependencies' 0.02129200001945719
[NX v21.6.11 Daemon Server] - 2026-06-30T18:09:11.405Z - [SYNC]: collect registered sync generators
[NX v21.6.11 Daemon Server] - 2026-06-30T18:09:11.406Z - [SYNC]: project graph hash is the same, not collecting task sync generators
[NX v21.6.11 Daemon Server] - 2026-06-30T18:09:11.406Z - [SYNC]: nx.json hash is the same, not collecting global sync generators
[NX v21.6.11 Daemon Server] - 2026-06-30T18:09:11.406Z - Time taken for 'total execution time for createProjectGraph()' 19.31237499997951ms
[NX v21.6.11 Daemon Server] - 2026-06-30T18:09:13.375Z - Established a connection. Number of open connections: 1
[NX v21.6.11 Daemon Server] - 2026-06-30T18:09:13.376Z - Established a connection. Number of open connections: 2
[NX v21.6.11 Daemon Server] - 2026-06-30T18:09:13.376Z - Closed a connection. Number of open connections: 1
[NX v21.6.11 Daemon Server] - 2026-06-30T18:09:13.381Z - [REQUEST]: Client Request for Project Graph Received
[NX v21.6.11 Daemon Server] - 2026-06-30T18:09:13.382Z - Reusing in-memory cached project graph because no files changed.
[NX v21.6.11 Daemon Server] - 2026-06-30T18:09:13.385Z - Wrote project graph cache to /Users/leonardosegars/Repos/foodtrack/.nx/workspace-data/project-graph.json
[NX v21.6.11 Daemon Server] - 2026-06-30T18:09:13.385Z - [REQUEST]: Responding to the client. project-graph
[NX v21.6.11 Daemon Server] - 2026-06-30T18:09:13.386Z - Time taken for 'total for creating and serializing project graph' 3.821125000016764ms
[NX v21.6.11 Daemon Server] - 2026-06-30T18:09:13.388Z - Done responding to the client project-graph
[NX v21.6.11 Daemon Server] - 2026-06-30T18:09:13.388Z - Handled REQUEST_PROJECT_GRAPH. Handling time: 4. Response time: 3.
[NX v21.6.11 Daemon Server] - 2026-06-30T18:09:13.391Z - [REQUEST]: Responding to the client. handleRunPreTasksExecution
[NX v21.6.11 Daemon Server] - 2026-06-30T18:09:13.392Z - Done responding to the client handleRunPreTasksExecution
[NX v21.6.11 Daemon Server] - 2026-06-30T18:09:13.392Z - Handled PRE_TASKS_EXECUTION. Handling time: 0. Response time: 1.
[NX v21.6.11 Daemon Server] - 2026-06-30T18:09:13.392Z - Time taken for 'preTasksExecution' 0.15279199997894466ms
[NX v21.6.11 Daemon Server] - 2026-06-30T18:09:13.432Z - Reusing in-memory cached project graph because no files changed.
[NX v21.6.11 Daemon Server] - 2026-06-30T18:09:13.434Z - Wrote project graph cache to /Users/leonardosegars/Repos/foodtrack/.nx/workspace-data/project-graph.json
DEBUG nx::native::tasks::hash_planner: get_plans_internal COMPLETED in 2.613625ms - processed 1 tasks (setup: 1.955625ms, parallel_planning: 653.167µs)
DEBUG nx::native::tasks::hashers::hash_workspace_files: Hashing workspace fileset{cache_key="nx.json,.gitignore,.nxignore"}: Adding "6093914340072391811" (".gitignore") to hash
DEBUG nx::native::tasks::hashers::hash_workspace_files: Hashing workspace fileset{cache_key="nx.json,.gitignore,.nxignore"}: Adding "1132752945439744087" ("nx.json") to hash
DEBUG nx::native::tasks::hashers::hash_workspace_files: Hashing workspace fileset{cache_key="nx.json,.gitignore,.nxignore"}: Hash Value: "3983678509802823269"
DEBUG nx::native::tasks::task_hasher: hash_plans COMPLETED in 2.213917ms - processed 1 plans (setup: 261.417µs, hashing: 1.950708ms, assembly: 761.334µs)
[NX v21.6.11 Daemon Server] - 2026-06-30T18:09:13.445Z - [REQUEST]: Responding to the client. handleHashTasks
[NX v21.6.11 Daemon Server] - 2026-06-30T18:09:13.445Z - Time taken for 'write cache' 2.7583749999757856ms
[NX v21.6.11 Daemon Server] - 2026-06-30T18:09:13.445Z - Done responding to the client handleHashTasks
[NX v21.6.11 Daemon Server] - 2026-06-30T18:09:13.445Z - Handled HASH_TASKS. Handling time: 13. Response time: 0.
[NX v21.6.11 Daemon Server] - 2026-06-30T18:09:13.489Z - [REQUEST]: Responding to the client. handleGetEstimatedTaskTimings
[NX v21.6.11 Daemon Server] - 2026-06-30T18:09:13.489Z - Done responding to the client handleGetEstimatedTaskTimings
[NX v21.6.11 Daemon Server] - 2026-06-30T18:09:13.489Z - Handled GET_ESTIMATED_TASK_TIMINGS. Handling time: 0. Response time: 0.
[NX v21.6.11 Daemon Server] - 2026-06-30T18:09:14.309Z - [REQUEST]: Responding to the client. recordOutputsHash
[NX v21.6.11 Daemon Server] - 2026-06-30T18:09:14.309Z - Done responding to the client recordOutputsHash
[NX v21.6.11 Daemon Server] - 2026-06-30T18:09:14.309Z - Handled RECORD_OUTPUTS_HASH. Handling time: 0. Response time: 0.
[NX v21.6.11 Daemon Server] - 2026-06-30T18:09:14.313Z - [REQUEST]: Responding to the client. handleRecordTaskRuns
[NX v21.6.11 Daemon Server] - 2026-06-30T18:09:14.313Z - Done responding to the client handleRecordTaskRuns
[NX v21.6.11 Daemon Server] - 2026-06-30T18:09:14.313Z - Handled RECORD_TASK_RUNS. Handling time: 1. Response time: 0.
[NX v21.6.11 Daemon Server] - 2026-06-30T18:09:14.314Z - [REQUEST]: Responding to the client. handleGetFlakyTasks
[NX v21.6.11 Daemon Server] - 2026-06-30T18:09:14.314Z - Done responding to the client handleGetFlakyTasks
[NX v21.6.11 Daemon Server] - 2026-06-30T18:09:14.314Z - Handled GET_FLAKY_TASKS. Handling time: 0. Response time: 0.
[NX v21.6.11 Daemon Server] - 2026-06-30T18:09:14.421Z - [REQUEST]: Responding to the client. handleRunPostTasksExecution
[NX v21.6.11 Daemon Server] - 2026-06-30T18:09:14.421Z - Done responding to the client handleRunPostTasksExecution
[NX v21.6.11 Daemon Server] - 2026-06-30T18:09:14.421Z - Handled POST_TASKS_EXECUTION. Handling time: 0. Response time: 0.
[NX v21.6.11 Daemon Server] - 2026-06-30T18:09:14.421Z - Time taken for 'postTasksExecution' 0.13529100001323968ms
[NX v21.6.11 Daemon Server] - 2026-06-30T18:09:14.425Z - Closed a connection. Number of open connections: 0
[NX v21.6.11 Daemon Server] - 2026-06-30T18:09:24.405Z - [WATCHER]: apps/front/src/features/food-truck-locator/hooks/useGeocoding.ts was created or restored
[NX v21.6.11 Daemon Server] - 2026-06-30T18:09:24.406Z - [WATCHER]: Processing file changes in outputs
[NX v21.6.11 Daemon Server] - 2026-06-30T18:09:24.507Z - [REQUEST]: Updated workspace context based on watched changes, recomputing project graph...
[NX v21.6.11 Daemon Server] - 2026-06-30T18:09:24.508Z - [REQUEST]: apps/front/src/features/food-truck-locator/hooks/useGeocoding.ts
[NX v21.6.11 Daemon Server] - 2026-06-30T18:09:24.508Z - [REQUEST]: 
[NX v21.6.11 Daemon Server] - 2026-06-30T18:09:24.509Z - Time taken for 'hash changed files from watcher' 0.3231660000164993ms
Time for 'nx/core/project-json:createNodes' 2.307083000021521
Time for 'nx/core/package-json:createNodes' 2.574666000029538
Time for 'nx/js/dependencies-and-lockfile:createNodes' 11.215291999978945
[NX v21.6.11 Daemon Server] - 2026-06-30T18:09:24.533Z - Time taken for 'build-project-configs' 20.20408299996052ms
Time for 'build typescript dependencies' 0.020084000017959625
[NX v21.6.11 Daemon Server] - 2026-06-30T18:09:24.546Z - [SYNC]: collect registered sync generators
[NX v21.6.11 Daemon Server] - 2026-06-30T18:09:24.546Z - [SYNC]: project graph hash is the same, not collecting task sync generators
[NX v21.6.11 Daemon Server] - 2026-06-30T18:09:24.546Z - [SYNC]: nx.json hash is the same, not collecting global sync generators
[NX v21.6.11 Daemon Server] - 2026-06-30T18:09:24.546Z - Time taken for 'total execution time for createProjectGraph()' 14.985832999984268ms
[NX v21.6.11 Daemon Server] - 2026-06-30T18:09:33.479Z - [WATCHER]: apps/front/src/features/food-truck-locator/hooks/useFacilityDetail.ts was created or restored
[NX v21.6.11 Daemon Server] - 2026-06-30T18:09:33.479Z - [WATCHER]: Processing file changes in outputs
[NX v21.6.11 Daemon Server] - 2026-06-30T18:09:33.580Z - [REQUEST]: Updated workspace context based on watched changes, recomputing project graph...
[NX v21.6.11 Daemon Server] - 2026-06-30T18:09:33.580Z - [REQUEST]: apps/front/src/features/food-truck-locator/hooks/useFacilityDetail.ts
[NX v21.6.11 Daemon Server] - 2026-06-30T18:09:33.580Z - [REQUEST]: 
[NX v21.6.11 Daemon Server] - 2026-06-30T18:09:33.581Z - Time taken for 'hash changed files from watcher' 0.2767909999820404ms
Time for 'nx/core/project-json:createNodes' 2.5063330000266433
Time for 'nx/core/package-json:createNodes' 3.1092079999507405
Time for 'nx/js/dependencies-and-lockfile:createNodes' 9.040041000000201
[NX v21.6.11 Daemon Server] - 2026-06-30T18:09:33.603Z - Time taken for 'build-project-configs' 17.353624999988824ms
Time for 'build typescript dependencies' 0.02291599998716265
[NX v21.6.11 Daemon Server] - 2026-06-30T18:09:33.619Z - [SYNC]: collect registered sync generators
[NX v21.6.11 Daemon Server] - 2026-06-30T18:09:33.620Z - [SYNC]: project graph hash is the same, not collecting task sync generators
[NX v21.6.11 Daemon Server] - 2026-06-30T18:09:33.620Z - [SYNC]: nx.json hash is the same, not collecting global sync generators
[NX v21.6.11 Daemon Server] - 2026-06-30T18:09:33.620Z - Time taken for 'total execution time for createProjectGraph()' 19.674458000052255ms
[NX v21.6.11 Daemon Server] - 2026-06-30T18:09:44.434Z - [WATCHER]: apps/bff/src/facility/facility.service.property.spec.ts was created or restored
[NX v21.6.11 Daemon Server] - 2026-06-30T18:09:44.446Z - [WATCHER]: Processing file changes in outputs
[NX v21.6.11 Daemon Server] - 2026-06-30T18:09:44.537Z - [REQUEST]: Updated workspace context based on watched changes, recomputing project graph...
[NX v21.6.11 Daemon Server] - 2026-06-30T18:09:44.537Z - [REQUEST]: apps/bff/src/facility/facility.service.property.spec.ts
[NX v21.6.11 Daemon Server] - 2026-06-30T18:09:44.537Z - [REQUEST]: 
[NX v21.6.11 Daemon Server] - 2026-06-30T18:09:44.541Z - Time taken for 'hash changed files from watcher' 0.6821670000208542ms
Time for 'nx/core/package-json:createNodes' 1.605167000030633
Time for 'nx/core/project-json:createNodes' 1.7476250000181608
Time for 'nx/js/dependencies-and-lockfile:createNodes' 21.210041999991518
[NX v21.6.11 Daemon Server] - 2026-06-30T18:09:44.585Z - Time taken for 'build-project-configs' 41.75416699994821ms
Time for 'build typescript dependencies' 4.3063749999855645
[NX v21.6.11 Daemon Server] - 2026-06-30T18:09:44.613Z - [SYNC]: collect registered sync generators
[NX v21.6.11 Daemon Server] - 2026-06-30T18:09:44.614Z - [SYNC]: project graph hash is the same, not collecting task sync generators
[NX v21.6.11 Daemon Server] - 2026-06-30T18:09:44.614Z - [SYNC]: nx.json hash is the same, not collecting global sync generators
[NX v21.6.11 Daemon Server] - 2026-06-30T18:09:44.614Z - Time taken for 'total execution time for createProjectGraph()' 27.45008300000336ms
[NX v21.6.11 Daemon Server] - 2026-06-30T18:10:00.017Z - [WATCHER]: Processing file changes in outputs
[NX v21.6.11 Daemon Server] - 2026-06-30T18:10:00.020Z - [WATCHER]: apps/bff/src/facility/facility.property.spec.ts was created or restored
[NX v21.6.11 Daemon Server] - 2026-06-30T18:10:00.122Z - [REQUEST]: Updated workspace context based on watched changes, recomputing project graph...
[NX v21.6.11 Daemon Server] - 2026-06-30T18:10:00.122Z - [REQUEST]: apps/bff/src/facility/facility.property.spec.ts
[NX v21.6.11 Daemon Server] - 2026-06-30T18:10:00.122Z - [REQUEST]: 
[NX v21.6.11 Daemon Server] - 2026-06-30T18:10:00.124Z - Time taken for 'hash changed files from watcher' 0.18083299999125302ms
Time for 'nx/core/package-json:createNodes' 3.938416999997571
Time for 'nx/core/project-json:createNodes' 3.8019579999963753
Time for 'nx/js/dependencies-and-lockfile:createNodes' 11.324582999979611
[NX v21.6.11 Daemon Server] - 2026-06-30T18:10:00.156Z - Time taken for 'build-project-configs' 29.16954099998111ms
Time for 'build typescript dependencies' 3.8929169999901205
[NX v21.6.11 Daemon Server] - 2026-06-30T18:10:00.175Z - [SYNC]: collect registered sync generators
[NX v21.6.11 Daemon Server] - 2026-06-30T18:10:00.175Z - [SYNC]: project graph hash is the same, not collecting task sync generators
[NX v21.6.11 Daemon Server] - 2026-06-30T18:10:00.175Z - [SYNC]: nx.json hash is the same, not collecting global sync generators
[NX v21.6.11 Daemon Server] - 2026-06-30T18:10:00.175Z - Time taken for 'total execution time for createProjectGraph()' 18.84212500002468ms
[NX v21.6.11 Daemon Server] - 2026-06-30T18:10:07.110Z - Established a connection. Number of open connections: 1
[NX v21.6.11 Daemon Server] - 2026-06-30T18:10:07.111Z - Closed a connection. Number of open connections: 0
[NX v21.6.11 Daemon Server] - 2026-06-30T18:10:07.111Z - Established a connection. Number of open connections: 1
[NX v21.6.11 Daemon Server] - 2026-06-30T18:10:07.113Z - [REQUEST]: Client Request for Project Graph Received
[NX v21.6.11 Daemon Server] - 2026-06-30T18:10:07.113Z - Reusing in-memory cached project graph because no files changed.
[NX v21.6.11 Daemon Server] - 2026-06-30T18:10:07.119Z - Wrote project graph cache to /Users/leonardosegars/Repos/foodtrack/.nx/workspace-data/project-graph.json
[NX v21.6.11 Daemon Server] - 2026-06-30T18:10:07.119Z - [REQUEST]: Responding to the client. project-graph
[NX v21.6.11 Daemon Server] - 2026-06-30T18:10:07.120Z - Time taken for 'total for creating and serializing project graph' 6.145124999980908ms
[NX v21.6.11 Daemon Server] - 2026-06-30T18:10:07.122Z - Done responding to the client project-graph
[NX v21.6.11 Daemon Server] - 2026-06-30T18:10:07.122Z - Handled REQUEST_PROJECT_GRAPH. Handling time: 6. Response time: 3.
[NX v21.6.11 Daemon Server] - 2026-06-30T18:10:07.126Z - [REQUEST]: Responding to the client. handleRunPreTasksExecution
[NX v21.6.11 Daemon Server] - 2026-06-30T18:10:07.126Z - Done responding to the client handleRunPreTasksExecution
[NX v21.6.11 Daemon Server] - 2026-06-30T18:10:07.126Z - Handled PRE_TASKS_EXECUTION. Handling time: 0. Response time: 0.
[NX v21.6.11 Daemon Server] - 2026-06-30T18:10:07.126Z - Time taken for 'preTasksExecution' 0.09008299995912239ms
[NX v21.6.11 Daemon Server] - 2026-06-30T18:10:07.168Z - Reusing in-memory cached project graph because no files changed.
[NX v21.6.11 Daemon Server] - 2026-06-30T18:10:07.171Z - Wrote project graph cache to /Users/leonardosegars/Repos/foodtrack/.nx/workspace-data/project-graph.json
DEBUG nx::native::tasks::hash_planner: get_plans_internal COMPLETED in 1.978833ms - processed 1 tasks (setup: 1.73625ms, parallel_planning: 240µs)
DEBUG nx::native::tasks::hashers::hash_workspace_files: Hashing workspace fileset{cache_key="nx.json,.gitignore,.nxignore"}: Adding "6093914340072391811" (".gitignore") to hash
DEBUG nx::native::tasks::hashers::hash_workspace_files: Hashing workspace fileset{cache_key="nx.json,.gitignore,.nxignore"}: Adding "1132752945439744087" ("nx.json") to hash
DEBUG nx::native::tasks::hashers::hash_workspace_files: Hashing workspace fileset{cache_key="nx.json,.gitignore,.nxignore"}: Hash Value: "3983678509802823269"
DEBUG nx::native::tasks::task_hasher: hash_plans COMPLETED in 1.391833ms - processed 1 plans (setup: 211.208µs, hashing: 1.179458ms, assembly: 483.375µs)
[NX v21.6.11 Daemon Server] - 2026-06-30T18:10:07.179Z - [REQUEST]: Responding to the client. handleHashTasks
[NX v21.6.11 Daemon Server] - 2026-06-30T18:10:07.179Z - Time taken for 'write cache' 2.930166999984067ms
[NX v21.6.11 Daemon Server] - 2026-06-30T18:10:07.179Z - Done responding to the client handleHashTasks
[NX v21.6.11 Daemon Server] - 2026-06-30T18:10:07.179Z - Handled HASH_TASKS. Handling time: 11. Response time: 0.
[NX v21.6.11 Daemon Server] - 2026-06-30T18:10:07.221Z - [REQUEST]: Responding to the client. handleGetEstimatedTaskTimings
[NX v21.6.11 Daemon Server] - 2026-06-30T18:10:07.221Z - Done responding to the client handleGetEstimatedTaskTimings
[NX v21.6.11 Daemon Server] - 2026-06-30T18:10:07.221Z - Handled GET_ESTIMATED_TASK_TIMINGS. Handling time: 0. Response time: 0.
[NX v21.6.11 Daemon Server] - 2026-06-30T18:10:07.659Z - Established a connection. Number of open connections: 2
[NX v21.6.11 Daemon Server] - 2026-06-30T18:10:07.659Z - Closed a connection. Number of open connections: 1
[NX v21.6.11 Daemon Server] - 2026-06-30T18:10:07.660Z - Established a connection. Number of open connections: 2
[NX v21.6.11 Daemon Server] - 2026-06-30T18:10:07.661Z - [REQUEST]: Client Request for Project Graph Received
[NX v21.6.11 Daemon Server] - 2026-06-30T18:10:07.661Z - Reusing in-memory cached project graph because no files changed.
[NX v21.6.11 Daemon Server] - 2026-06-30T18:10:07.665Z - Wrote project graph cache to /Users/leonardosegars/Repos/foodtrack/.nx/workspace-data/project-graph.json
[NX v21.6.11 Daemon Server] - 2026-06-30T18:10:07.665Z - [REQUEST]: Responding to the client. project-graph
[NX v21.6.11 Daemon Server] - 2026-06-30T18:10:07.665Z - Time taken for 'total for creating and serializing project graph' 3.910457999969367ms
[NX v21.6.11 Daemon Server] - 2026-06-30T18:10:07.667Z - Done responding to the client project-graph
[NX v21.6.11 Daemon Server] - 2026-06-30T18:10:07.667Z - Handled REQUEST_PROJECT_GRAPH. Handling time: 4. Response time: 2.
[NX v21.6.11 Daemon Server] - 2026-06-30T18:10:07.670Z - [REQUEST]: Responding to the client. handleRunPreTasksExecution
[NX v21.6.11 Daemon Server] - 2026-06-30T18:10:07.670Z - Done responding to the client handleRunPreTasksExecution
[NX v21.6.11 Daemon Server] - 2026-06-30T18:10:07.670Z - Handled PRE_TASKS_EXECUTION. Handling time: 0. Response time: 0.
[NX v21.6.11 Daemon Server] - 2026-06-30T18:10:07.670Z - Time taken for 'preTasksExecution' 0.10625000001164153ms
[NX v21.6.11 Daemon Server] - 2026-06-30T18:10:07.711Z - Reusing in-memory cached project graph because no files changed.
[NX v21.6.11 Daemon Server] - 2026-06-30T18:10:07.716Z - Wrote project graph cache to /Users/leonardosegars/Repos/foodtrack/.nx/workspace-data/project-graph.json
DEBUG nx::native::tasks::hash_planner: get_plans_internal COMPLETED in 3.297417ms - processed 1 tasks (setup: 2.914792ms, parallel_planning: 372.208µs)
DEBUG nx::native::tasks::task_hasher: hash_plans COMPLETED in 8.676458ms - processed 1 plans (setup: 235.416µs, hashing: 8.440041ms, assembly: 3.678959ms)
[NX v21.6.11 Daemon Server] - 2026-06-30T18:10:07.731Z - [REQUEST]: Responding to the client. handleHashTasks
[NX v21.6.11 Daemon Server] - 2026-06-30T18:10:07.731Z - Time taken for 'write cache' 5.399499999999534ms
[NX v21.6.11 Daemon Server] - 2026-06-30T18:10:07.733Z - Done responding to the client handleHashTasks
[NX v21.6.11 Daemon Server] - 2026-06-30T18:10:07.733Z - Handled HASH_TASKS. Handling time: 21. Response time: 2.
[NX v21.6.11 Daemon Server] - 2026-06-30T18:10:07.787Z - [REQUEST]: Responding to the client. handleGetEstimatedTaskTimings
[NX v21.6.11 Daemon Server] - 2026-06-30T18:10:07.787Z - Done responding to the client handleGetEstimatedTaskTimings
[NX v21.6.11 Daemon Server] - 2026-06-30T18:10:07.787Z - Handled GET_ESTIMATED_TASK_TIMINGS. Handling time: 0. Response time: 0.
[NX v21.6.11 Daemon Server] - 2026-06-30T18:10:08.662Z - [REQUEST]: Responding to the client. recordOutputsHash
[NX v21.6.11 Daemon Server] - 2026-06-30T18:10:08.662Z - Done responding to the client recordOutputsHash
[NX v21.6.11 Daemon Server] - 2026-06-30T18:10:08.662Z - Handled RECORD_OUTPUTS_HASH. Handling time: 0. Response time: 0.
[NX v21.6.11 Daemon Server] - 2026-06-30T18:10:08.665Z - [REQUEST]: Responding to the client. handleRecordTaskRuns
[NX v21.6.11 Daemon Server] - 2026-06-30T18:10:08.665Z - Done responding to the client handleRecordTaskRuns
[NX v21.6.11 Daemon Server] - 2026-06-30T18:10:08.665Z - Handled RECORD_TASK_RUNS. Handling time: 1. Response time: 0.
[NX v21.6.11 Daemon Server] - 2026-06-30T18:10:08.666Z - [REQUEST]: Responding to the client. handleGetFlakyTasks
[NX v21.6.11 Daemon Server] - 2026-06-30T18:10:08.666Z - Done responding to the client handleGetFlakyTasks
[NX v21.6.11 Daemon Server] - 2026-06-30T18:10:08.666Z - Handled GET_FLAKY_TASKS. Handling time: 0. Response time: 0.
[NX v21.6.11 Daemon Server] - 2026-06-30T18:10:08.787Z - [REQUEST]: Responding to the client. handleRunPostTasksExecution
[NX v21.6.11 Daemon Server] - 2026-06-30T18:10:08.787Z - Done responding to the client handleRunPostTasksExecution
[NX v21.6.11 Daemon Server] - 2026-06-30T18:10:08.787Z - Handled POST_TASKS_EXECUTION. Handling time: 0. Response time: 0.
[NX v21.6.11 Daemon Server] - 2026-06-30T18:10:08.787Z - Time taken for 'postTasksExecution' 0.10591699997894466ms
[NX v21.6.11 Daemon Server] - 2026-06-30T18:10:08.792Z - Closed a connection. Number of open connections: 1
[NX v21.6.11 Daemon Server] - 2026-06-30T18:10:09.867Z - [REQUEST]: Responding to the client. recordOutputsHash
[NX v21.6.11 Daemon Server] - 2026-06-30T18:10:09.867Z - Done responding to the client recordOutputsHash
[NX v21.6.11 Daemon Server] - 2026-06-30T18:10:09.867Z - Handled RECORD_OUTPUTS_HASH. Handling time: 0. Response time: 0.
[NX v21.6.11 Daemon Server] - 2026-06-30T18:10:09.869Z - [REQUEST]: Responding to the client. handleRecordTaskRuns
[NX v21.6.11 Daemon Server] - 2026-06-30T18:10:09.869Z - Done responding to the client handleRecordTaskRuns
[NX v21.6.11 Daemon Server] - 2026-06-30T18:10:09.869Z - Handled RECORD_TASK_RUNS. Handling time: 0. Response time: 0.
[NX v21.6.11 Daemon Server] - 2026-06-30T18:10:09.870Z - [REQUEST]: Responding to the client. handleGetFlakyTasks
[NX v21.6.11 Daemon Server] - 2026-06-30T18:10:09.870Z - Done responding to the client handleGetFlakyTasks
[NX v21.6.11 Daemon Server] - 2026-06-30T18:10:09.870Z - Handled GET_FLAKY_TASKS. Handling time: 0. Response time: 0.
[NX v21.6.11 Daemon Server] - 2026-06-30T18:10:09.973Z - [REQUEST]: Responding to the client. handleRunPostTasksExecution
[NX v21.6.11 Daemon Server] - 2026-06-30T18:10:09.973Z - Done responding to the client handleRunPostTasksExecution
[NX v21.6.11 Daemon Server] - 2026-06-30T18:10:09.973Z - Handled POST_TASKS_EXECUTION. Handling time: 0. Response time: 0.
[NX v21.6.11 Daemon Server] - 2026-06-30T18:10:09.973Z - Time taken for 'postTasksExecution' 0.09366700000828132ms
[NX v21.6.11 Daemon Server] - 2026-06-30T18:10:09.977Z - Closed a connection. Number of open connections: 0
[NX v21.6.11 Daemon Server] - 2026-06-30T18:10:23.980Z - Established a connection. Number of open connections: 1
[NX v21.6.11 Daemon Server] - 2026-06-30T18:10:23.981Z - Established a connection. Number of open connections: 2
[NX v21.6.11 Daemon Server] - 2026-06-30T18:10:23.982Z - Closed a connection. Number of open connections: 1
[NX v21.6.11 Daemon Server] - 2026-06-30T18:10:23.989Z - [REQUEST]: Client Request for Project Graph Received
[NX v21.6.11 Daemon Server] - 2026-06-30T18:10:23.989Z - Reusing in-memory cached project graph because no files changed.
[NX v21.6.11 Daemon Server] - 2026-06-30T18:10:23.994Z - Wrote project graph cache to /Users/leonardosegars/Repos/foodtrack/.nx/workspace-data/project-graph.json
[NX v21.6.11 Daemon Server] - 2026-06-30T18:10:23.994Z - [REQUEST]: Responding to the client. project-graph
[NX v21.6.11 Daemon Server] - 2026-06-30T18:10:23.996Z - Time taken for 'total for creating and serializing project graph' 5.504957999975886ms
[NX v21.6.11 Daemon Server] - 2026-06-30T18:10:23.998Z - Done responding to the client project-graph
[NX v21.6.11 Daemon Server] - 2026-06-30T18:10:23.998Z - Handled REQUEST_PROJECT_GRAPH. Handling time: 5. Response time: 4.
[NX v21.6.11 Daemon Server] - 2026-06-30T18:10:24.002Z - [REQUEST]: Responding to the client. handleRunPreTasksExecution
[NX v21.6.11 Daemon Server] - 2026-06-30T18:10:24.002Z - Done responding to the client handleRunPreTasksExecution
[NX v21.6.11 Daemon Server] - 2026-06-30T18:10:24.002Z - Handled PRE_TASKS_EXECUTION. Handling time: 0. Response time: 0.
[NX v21.6.11 Daemon Server] - 2026-06-30T18:10:24.002Z - Time taken for 'preTasksExecution' 0.08708299999125302ms
[NX v21.6.11 Daemon Server] - 2026-06-30T18:10:24.044Z - Reusing in-memory cached project graph because no files changed.
[NX v21.6.11 Daemon Server] - 2026-06-30T18:10:24.046Z - Wrote project graph cache to /Users/leonardosegars/Repos/foodtrack/.nx/workspace-data/project-graph.json
DEBUG nx::native::tasks::hash_planner: get_plans_internal COMPLETED in 1.950042ms - processed 1 tasks (setup: 1.728792ms, parallel_planning: 218.792µs)
DEBUG nx::native::tasks::task_hasher: hash_plans COMPLETED in 1.408125ms - processed 1 plans (setup: 215.208µs, hashing: 1.191875ms, assembly: 455.25µs)
[NX v21.6.11 Daemon Server] - 2026-06-30T18:10:24.051Z - [REQUEST]: Responding to the client. handleHashTasks
[NX v21.6.11 Daemon Server] - 2026-06-30T18:10:24.051Z - Time taken for 'write cache' 2.7108749999897555ms
[NX v21.6.11 Daemon Server] - 2026-06-30T18:10:24.051Z - Done responding to the client handleHashTasks
[NX v21.6.11 Daemon Server] - 2026-06-30T18:10:24.051Z - Handled HASH_TASKS. Handling time: 8. Response time: 0.
[NX v21.6.11 Daemon Server] - 2026-06-30T18:10:24.093Z - [REQUEST]: Responding to the client. handleGetEstimatedTaskTimings
[NX v21.6.11 Daemon Server] - 2026-06-30T18:10:24.093Z - Done responding to the client handleGetEstimatedTaskTimings
[NX v21.6.11 Daemon Server] - 2026-06-30T18:10:24.093Z - Handled GET_ESTIMATED_TASK_TIMINGS. Handling time: 0. Response time: 0.
[NX v21.6.11 Daemon Server] - 2026-06-30T18:10:26.005Z - Established a connection. Number of open connections: 2
[NX v21.6.11 Daemon Server] - 2026-06-30T18:10:26.005Z - Closed a connection. Number of open connections: 1
[NX v21.6.11 Daemon Server] - 2026-06-30T18:10:26.005Z - Established a connection. Number of open connections: 2
[NX v21.6.11 Daemon Server] - 2026-06-30T18:10:26.008Z - [REQUEST]: Client Request for Project Graph Received
[NX v21.6.11 Daemon Server] - 2026-06-30T18:10:26.008Z - Reusing in-memory cached project graph because no files changed.
[NX v21.6.11 Daemon Server] - 2026-06-30T18:10:26.013Z - Wrote project graph cache to /Users/leonardosegars/Repos/foodtrack/.nx/workspace-data/project-graph.json
[NX v21.6.11 Daemon Server] - 2026-06-30T18:10:26.013Z - [REQUEST]: Responding to the client. project-graph
[NX v21.6.11 Daemon Server] - 2026-06-30T18:10:26.014Z - Time taken for 'total for creating and serializing project graph' 5.746749999991152ms
[NX v21.6.11 Daemon Server] - 2026-06-30T18:10:26.038Z - Done responding to the client project-graph
[NX v21.6.11 Daemon Server] - 2026-06-30T18:10:26.038Z - Handled REQUEST_PROJECT_GRAPH. Handling time: 5. Response time: 25.
[NX v21.6.11 Daemon Server] - 2026-06-30T18:10:26.047Z - [REQUEST]: Responding to the client. handleRunPreTasksExecution
[NX v21.6.11 Daemon Server] - 2026-06-30T18:10:26.047Z - Done responding to the client handleRunPreTasksExecution
[NX v21.6.11 Daemon Server] - 2026-06-30T18:10:26.047Z - Handled PRE_TASKS_EXECUTION. Handling time: 0. Response time: 0.
[NX v21.6.11 Daemon Server] - 2026-06-30T18:10:26.047Z - Time taken for 'preTasksExecution' 0.09262499999022111ms
[NX v21.6.11 Daemon Server] - 2026-06-30T18:10:26.100Z - Reusing in-memory cached project graph because no files changed.
[NX v21.6.11 Daemon Server] - 2026-06-30T18:10:26.105Z - Wrote project graph cache to /Users/leonardosegars/Repos/foodtrack/.nx/workspace-data/project-graph.json
DEBUG nx::native::tasks::hash_planner: get_plans_internal COMPLETED in 43.87275ms - processed 1 tasks (setup: 43.070542ms, parallel_planning: 737.916µs)
DEBUG nx::native::tasks::task_hasher: hash_plans COMPLETED in 9.934583ms - processed 1 plans (setup: 619.041µs, hashing: 9.312333ms, assembly: 2.964833ms)
[NX v21.6.11 Daemon Server] - 2026-06-30T18:10:26.163Z - [REQUEST]: Responding to the client. handleHashTasks
[NX v21.6.11 Daemon Server] - 2026-06-30T18:10:26.163Z - Time taken for 'write cache' 4.621417000016663ms
[NX v21.6.11 Daemon Server] - 2026-06-30T18:10:26.163Z - Done responding to the client handleHashTasks
[NX v21.6.11 Daemon Server] - 2026-06-30T18:10:26.164Z - Handled HASH_TASKS. Handling time: 63. Response time: 1.
[NX v21.6.11 Daemon Server] - 2026-06-30T18:10:26.231Z - [REQUEST]: Responding to the client. handleGetEstimatedTaskTimings
[NX v21.6.11 Daemon Server] - 2026-06-30T18:10:26.231Z - Done responding to the client handleGetEstimatedTaskTimings
[NX v21.6.11 Daemon Server] - 2026-06-30T18:10:26.231Z - Handled GET_ESTIMATED_TASK_TIMINGS. Handling time: 0. Response time: 0.
[NX v21.6.11 Daemon Server] - 2026-06-30T18:10:26.549Z - Established a connection. Number of open connections: 3
[NX v21.6.11 Daemon Server] - 2026-06-30T18:10:26.550Z - Closed a connection. Number of open connections: 2
[NX v21.6.11 Daemon Server] - 2026-06-30T18:10:26.550Z - Established a connection. Number of open connections: 3
[NX v21.6.11 Daemon Server] - 2026-06-30T18:10:26.551Z - [REQUEST]: Client Request for Project Graph Received
[NX v21.6.11 Daemon Server] - 2026-06-30T18:10:26.551Z - Reusing in-memory cached project graph because no files changed.
[NX v21.6.11 Daemon Server] - 2026-06-30T18:10:26.554Z - Wrote project graph cache to /Users/leonardosegars/Repos/foodtrack/.nx/workspace-data/project-graph.json
[NX v21.6.11 Daemon Server] - 2026-06-30T18:10:26.554Z - [REQUEST]: Responding to the client. project-graph
[NX v21.6.11 Daemon Server] - 2026-06-30T18:10:26.555Z - Time taken for 'total for creating and serializing project graph' 3.4132920000120066ms
[NX v21.6.11 Daemon Server] - 2026-06-30T18:10:26.571Z - Done responding to the client project-graph
[NX v21.6.11 Daemon Server] - 2026-06-30T18:10:26.571Z - Handled REQUEST_PROJECT_GRAPH. Handling time: 3. Response time: 17.
[NX v21.6.11 Daemon Server] - 2026-06-30T18:10:26.580Z - [REQUEST]: Responding to the client. handleRunPreTasksExecution
[NX v21.6.11 Daemon Server] - 2026-06-30T18:10:26.580Z - Done responding to the client handleRunPreTasksExecution
[NX v21.6.11 Daemon Server] - 2026-06-30T18:10:26.581Z - Handled PRE_TASKS_EXECUTION. Handling time: 1. Response time: 1.
[NX v21.6.11 Daemon Server] - 2026-06-30T18:10:26.581Z - Time taken for 'preTasksExecution' 0.3711670000338927ms
[NX v21.6.11 Daemon Server] - 2026-06-30T18:10:26.632Z - Reusing in-memory cached project graph because no files changed.
[NX v21.6.11 Daemon Server] - 2026-06-30T18:10:26.635Z - Wrote project graph cache to /Users/leonardosegars/Repos/foodtrack/.nx/workspace-data/project-graph.json
DEBUG nx::native::tasks::hash_planner: get_plans_internal COMPLETED in 1.734959ms - processed 1 tasks (setup: 1.525042ms, parallel_planning: 205.5µs)
DEBUG nx::native::tasks::task_hasher: hash_plans COMPLETED in 1.696625ms - processed 1 plans (setup: 221.417µs, hashing: 1.474167ms, assembly: 425.166µs)
[NX v21.6.11 Daemon Server] - 2026-06-30T18:10:26.640Z - [REQUEST]: Responding to the client. handleHashTasks
[NX v21.6.11 Daemon Server] - 2026-06-30T18:10:26.640Z - Time taken for 'write cache' 2.850791999953799ms
[NX v21.6.11 Daemon Server] - 2026-06-30T18:10:26.640Z - Done responding to the client handleHashTasks
[NX v21.6.11 Daemon Server] - 2026-06-30T18:10:26.640Z - Handled HASH_TASKS. Handling time: 8. Response time: 0.
[NX v21.6.11 Daemon Server] - 2026-06-30T18:10:26.693Z - [REQUEST]: Responding to the client. recordOutputsHash
[NX v21.6.11 Daemon Server] - 2026-06-30T18:10:26.693Z - Done responding to the client recordOutputsHash
[NX v21.6.11 Daemon Server] - 2026-06-30T18:10:26.693Z - Handled RECORD_OUTPUTS_HASH. Handling time: 0. Response time: 0.
[NX v21.6.11 Daemon Server] - 2026-06-30T18:10:26.696Z - [REQUEST]: Responding to the client. handleRecordTaskRuns
[NX v21.6.11 Daemon Server] - 2026-06-30T18:10:26.696Z - Done responding to the client handleRecordTaskRuns
[NX v21.6.11 Daemon Server] - 2026-06-30T18:10:26.696Z - Handled RECORD_TASK_RUNS. Handling time: 0. Response time: 0.
[NX v21.6.11 Daemon Server] - 2026-06-30T18:10:26.697Z - [REQUEST]: Responding to the client. handleGetFlakyTasks
[NX v21.6.11 Daemon Server] - 2026-06-30T18:10:26.697Z - Done responding to the client handleGetFlakyTasks
[NX v21.6.11 Daemon Server] - 2026-06-30T18:10:26.697Z - Handled GET_FLAKY_TASKS. Handling time: 0. Response time: 0.
[NX v21.6.11 Daemon Server] - 2026-06-30T18:10:26.714Z - [REQUEST]: Responding to the client. handleGetEstimatedTaskTimings
[NX v21.6.11 Daemon Server] - 2026-06-30T18:10:26.714Z - Done responding to the client handleGetEstimatedTaskTimings
[NX v21.6.11 Daemon Server] - 2026-06-30T18:10:26.714Z - Handled GET_ESTIMATED_TASK_TIMINGS. Handling time: 0. Response time: 0.
[NX v21.6.11 Daemon Server] - 2026-06-30T18:10:26.866Z - [REQUEST]: Responding to the client. handleRunPostTasksExecution
[NX v21.6.11 Daemon Server] - 2026-06-30T18:10:26.866Z - Done responding to the client handleRunPostTasksExecution
[NX v21.6.11 Daemon Server] - 2026-06-30T18:10:26.866Z - Handled POST_TASKS_EXECUTION. Handling time: 2. Response time: 0.
[NX v21.6.11 Daemon Server] - 2026-06-30T18:10:26.866Z - Time taken for 'postTasksExecution' 1.5649580000317656ms
[NX v21.6.11 Daemon Server] - 2026-06-30T18:10:26.874Z - Closed a connection. Number of open connections: 2
[NX v21.6.11 Daemon Server] - 2026-06-30T18:10:29.502Z - [REQUEST]: Responding to the client. recordOutputsHash
[NX v21.6.11 Daemon Server] - 2026-06-30T18:10:29.503Z - Done responding to the client recordOutputsHash
[NX v21.6.11 Daemon Server] - 2026-06-30T18:10:29.503Z - Handled RECORD_OUTPUTS_HASH. Handling time: 1. Response time: 1.
[NX v21.6.11 Daemon Server] - 2026-06-30T18:10:29.506Z - [REQUEST]: Responding to the client. handleRecordTaskRuns
[NX v21.6.11 Daemon Server] - 2026-06-30T18:10:29.506Z - Done responding to the client handleRecordTaskRuns
[NX v21.6.11 Daemon Server] - 2026-06-30T18:10:29.506Z - Handled RECORD_TASK_RUNS. Handling time: 1. Response time: 0.
[NX v21.6.11 Daemon Server] - 2026-06-30T18:10:29.508Z - [REQUEST]: Responding to the client. handleGetFlakyTasks
[NX v21.6.11 Daemon Server] - 2026-06-30T18:10:29.508Z - Done responding to the client handleGetFlakyTasks
[NX v21.6.11 Daemon Server] - 2026-06-30T18:10:29.508Z - Handled GET_FLAKY_TASKS. Handling time: 0. Response time: 0.
[NX v21.6.11 Daemon Server] - 2026-06-30T18:10:29.629Z - [REQUEST]: Responding to the client. handleRunPostTasksExecution
[NX v21.6.11 Daemon Server] - 2026-06-30T18:10:29.629Z - Done responding to the client handleRunPostTasksExecution
[NX v21.6.11 Daemon Server] - 2026-06-30T18:10:29.629Z - Handled POST_TASKS_EXECUTION. Handling time: 0. Response time: 0.
[NX v21.6.11 Daemon Server] - 2026-06-30T18:10:29.629Z - Time taken for 'postTasksExecution' 0.17904100002488121ms
[NX v21.6.11 Daemon Server] - 2026-06-30T18:10:29.637Z - Closed a connection. Number of open connections: 1
[NX v21.6.11 Daemon Server] - 2026-06-30T18:10:29.989Z - [REQUEST]: Responding to the client. recordOutputsHash
[NX v21.6.11 Daemon Server] - 2026-06-30T18:10:29.990Z - Done responding to the client recordOutputsHash
[NX v21.6.11 Daemon Server] - 2026-06-30T18:10:29.990Z - Handled RECORD_OUTPUTS_HASH. Handling time: 0. Response time: 1.
[NX v21.6.11 Daemon Server] - 2026-06-30T18:10:29.992Z - [REQUEST]: Responding to the client. handleRecordTaskRuns
[NX v21.6.11 Daemon Server] - 2026-06-30T18:10:29.992Z - Done responding to the client handleRecordTaskRuns
[NX v21.6.11 Daemon Server] - 2026-06-30T18:10:29.992Z - Handled RECORD_TASK_RUNS. Handling time: 0. Response time: 0.
[NX v21.6.11 Daemon Server] - 2026-06-30T18:10:29.993Z - [REQUEST]: Responding to the client. handleGetFlakyTasks
[NX v21.6.11 Daemon Server] - 2026-06-30T18:10:29.993Z - Done responding to the client handleGetFlakyTasks
[NX v21.6.11 Daemon Server] - 2026-06-30T18:10:29.993Z - Handled GET_FLAKY_TASKS. Handling time: 0. Response time: 0.
[NX v21.6.11 Daemon Server] - 2026-06-30T18:10:30.098Z - [REQUEST]: Responding to the client. handleRunPostTasksExecution
[NX v21.6.11 Daemon Server] - 2026-06-30T18:10:30.098Z - Done responding to the client handleRunPostTasksExecution
[NX v21.6.11 Daemon Server] - 2026-06-30T18:10:30.098Z - Handled POST_TASKS_EXECUTION. Handling time: 0. Response time: 0.
[NX v21.6.11 Daemon Server] - 2026-06-30T18:10:30.098Z - Time taken for 'postTasksExecution' 0.08391699998173863ms
[NX v21.6.11 Daemon Server] - 2026-06-30T18:10:30.103Z - Closed a connection. Number of open connections: 0
[NX v21.6.11 Daemon Server] - 2026-06-30T18:10:56.510Z - [WATCHER]: apps/bff/src/facility/facility.property.spec.ts was modified
[NX v21.6.11 Daemon Server] - 2026-06-30T18:10:56.511Z - [WATCHER]: Processing file changes in outputs
[NX v21.6.11 Daemon Server] - 2026-06-30T18:10:56.611Z - [REQUEST]: Updated workspace context based on watched changes, recomputing project graph...
[NX v21.6.11 Daemon Server] - 2026-06-30T18:10:56.611Z - [REQUEST]: apps/bff/src/facility/facility.property.spec.ts
[NX v21.6.11 Daemon Server] - 2026-06-30T18:10:56.611Z - [REQUEST]: 
[NX v21.6.11 Daemon Server] - 2026-06-30T18:10:56.612Z - Time taken for 'hash changed files from watcher' 0.14020799996796995ms
Time for 'nx/core/package-json:createNodes' 1.1347079999977723
Time for 'nx/core/project-json:createNodes' 1.3979169999947771
Time for 'nx/js/dependencies-and-lockfile:createNodes' 15.560959000024013
[NX v21.6.11 Daemon Server] - 2026-06-30T18:10:56.641Z - Time taken for 'build-project-configs' 25.060708000033628ms
Time for 'build typescript dependencies' 2.3428749999729916
[NX v21.6.11 Daemon Server] - 2026-06-30T18:10:56.659Z - [SYNC]: collect registered sync generators
[NX v21.6.11 Daemon Server] - 2026-06-30T18:10:56.660Z - [SYNC]: project graph hash is the same, not collecting task sync generators
[NX v21.6.11 Daemon Server] - 2026-06-30T18:10:56.660Z - [SYNC]: nx.json hash is the same, not collecting global sync generators
[NX v21.6.11 Daemon Server] - 2026-06-30T18:10:56.660Z - Time taken for 'total execution time for createProjectGraph()' 20.455417000048328ms
[NX v21.6.11 Daemon Server] - 2026-06-30T18:11:00.198Z - Established a connection. Number of open connections: 1
[NX v21.6.11 Daemon Server] - 2026-06-30T18:11:00.199Z - Closed a connection. Number of open connections: 0
[NX v21.6.11 Daemon Server] - 2026-06-30T18:11:00.199Z - Established a connection. Number of open connections: 1
[NX v21.6.11 Daemon Server] - 2026-06-30T18:11:00.201Z - [REQUEST]: Client Request for Project Graph Received
[NX v21.6.11 Daemon Server] - 2026-06-30T18:11:00.201Z - Reusing in-memory cached project graph because no files changed.
[NX v21.6.11 Daemon Server] - 2026-06-30T18:11:00.204Z - Wrote project graph cache to /Users/leonardosegars/Repos/foodtrack/.nx/workspace-data/project-graph.json
[NX v21.6.11 Daemon Server] - 2026-06-30T18:11:00.204Z - [REQUEST]: Responding to the client. project-graph
[NX v21.6.11 Daemon Server] - 2026-06-30T18:11:00.205Z - Time taken for 'total for creating and serializing project graph' 3.232875000045169ms
[NX v21.6.11 Daemon Server] - 2026-06-30T18:11:00.206Z - Done responding to the client project-graph
[NX v21.6.11 Daemon Server] - 2026-06-30T18:11:00.206Z - Handled REQUEST_PROJECT_GRAPH. Handling time: 3. Response time: 2.
[NX v21.6.11 Daemon Server] - 2026-06-30T18:11:00.210Z - [REQUEST]: Responding to the client. handleRunPreTasksExecution
[NX v21.6.11 Daemon Server] - 2026-06-30T18:11:00.210Z - Done responding to the client handleRunPreTasksExecution
[NX v21.6.11 Daemon Server] - 2026-06-30T18:11:00.210Z - Handled PRE_TASKS_EXECUTION. Handling time: 0. Response time: 0.
[NX v21.6.11 Daemon Server] - 2026-06-30T18:11:00.210Z - Time taken for 'preTasksExecution' 0.08887500001583248ms
[NX v21.6.11 Daemon Server] - 2026-06-30T18:11:00.246Z - Reusing in-memory cached project graph because no files changed.
[NX v21.6.11 Daemon Server] - 2026-06-30T18:11:00.249Z - Wrote project graph cache to /Users/leonardosegars/Repos/foodtrack/.nx/workspace-data/project-graph.json
DEBUG nx::native::tasks::hash_planner: get_plans_internal COMPLETED in 1.674333ms - processed 1 tasks (setup: 1.4745ms, parallel_planning: 194.209µs)
DEBUG nx::native::tasks::hashers::hash_workspace_files: Hashing workspace fileset{cache_key="nx.json,.gitignore,.nxignore"}: Adding "6093914340072391811" (".gitignore") to hash
DEBUG nx::native::tasks::hashers::hash_workspace_files: Hashing workspace fileset{cache_key="nx.json,.gitignore,.nxignore"}: Adding "1132752945439744087" ("nx.json") to hash
DEBUG nx::native::tasks::hashers::hash_workspace_files: Hashing workspace fileset{cache_key="nx.json,.gitignore,.nxignore"}: Hash Value: "3983678509802823269"
DEBUG nx::native::tasks::task_hasher: hash_plans COMPLETED in 1.365833ms - processed 1 plans (setup: 200.5µs, hashing: 1.164416ms, assembly: 431.875µs)
[NX v21.6.11 Daemon Server] - 2026-06-30T18:11:00.256Z - [REQUEST]: Responding to the client. handleHashTasks
[NX v21.6.11 Daemon Server] - 2026-06-30T18:11:00.256Z - Time taken for 'write cache' 2.445750000013504ms
[NX v21.6.11 Daemon Server] - 2026-06-30T18:11:00.256Z - Done responding to the client handleHashTasks
[NX v21.6.11 Daemon Server] - 2026-06-30T18:11:00.256Z - Handled HASH_TASKS. Handling time: 10. Response time: 0.
[NX v21.6.11 Daemon Server] - 2026-06-30T18:11:00.305Z - [REQUEST]: Responding to the client. handleGetEstimatedTaskTimings
[NX v21.6.11 Daemon Server] - 2026-06-30T18:11:00.305Z - Done responding to the client handleGetEstimatedTaskTimings
[NX v21.6.11 Daemon Server] - 2026-06-30T18:11:00.305Z - Handled GET_ESTIMATED_TASK_TIMINGS. Handling time: 0. Response time: 0.
[NX v21.6.11 Daemon Server] - 2026-06-30T18:11:02.397Z - [REQUEST]: Responding to the client. recordOutputsHash
[NX v21.6.11 Daemon Server] - 2026-06-30T18:11:02.397Z - Done responding to the client recordOutputsHash
[NX v21.6.11 Daemon Server] - 2026-06-30T18:11:02.397Z - Handled RECORD_OUTPUTS_HASH. Handling time: 0. Response time: 0.
[NX v21.6.11 Daemon Server] - 2026-06-30T18:11:02.400Z - [REQUEST]: Responding to the client. handleRecordTaskRuns
[NX v21.6.11 Daemon Server] - 2026-06-30T18:11:02.400Z - Done responding to the client handleRecordTaskRuns
[NX v21.6.11 Daemon Server] - 2026-06-30T18:11:02.400Z - Handled RECORD_TASK_RUNS. Handling time: 0. Response time: 0.
[NX v21.6.11 Daemon Server] - 2026-06-30T18:11:02.401Z - [REQUEST]: Responding to the client. handleGetFlakyTasks
[NX v21.6.11 Daemon Server] - 2026-06-30T18:11:02.401Z - Done responding to the client handleGetFlakyTasks
[NX v21.6.11 Daemon Server] - 2026-06-30T18:11:02.401Z - Handled GET_FLAKY_TASKS. Handling time: 0. Response time: 0.
[NX v21.6.11 Daemon Server] - 2026-06-30T18:11:02.508Z - [REQUEST]: Responding to the client. handleRunPostTasksExecution
[NX v21.6.11 Daemon Server] - 2026-06-30T18:11:02.508Z - Done responding to the client handleRunPostTasksExecution
[NX v21.6.11 Daemon Server] - 2026-06-30T18:11:02.508Z - Handled POST_TASKS_EXECUTION. Handling time: 0. Response time: 0.
[NX v21.6.11 Daemon Server] - 2026-06-30T18:11:02.508Z - Time taken for 'postTasksExecution' 0.10929200000828132ms
[NX v21.6.11 Daemon Server] - 2026-06-30T18:11:02.512Z - Closed a connection. Number of open connections: 0
[NX v21.6.11 Daemon Server] - 2026-06-30T18:11:12.599Z - [WATCHER]: Processing file changes in outputs
[NX v21.6.11 Daemon Server] - 2026-06-30T18:11:12.600Z - [WATCHER]: Stopping the watcher for /Users/leonardosegars/Repos/foodtrack (sources)
[NX v21.6.11 Daemon Server] - 2026-06-30T18:11:12.600Z - [WATCHER]: Stopping the watcher for /Users/leonardosegars/Repos/foodtrack (outputs)
[NX v21.6.11 Daemon Server] - 2026-06-30T18:11:12.605Z - Server stopped because: "LOCK_FILES_CHANGED"
[NX v21.6.11 Daemon Server] - 2026-06-30T18:15:51.827Z - Started listening on: /private/var/folders/x6/5jp8k3c557z3j1_fs2kdgs9h0000gn/T/d0686dd68821c042e245/d.sock
[NX v21.6.11 Daemon Server] - 2026-06-30T18:15:51.831Z - [WATCHER]: Subscribed to changes within: /Users/leonardosegars/Repos/foodtrack (native)
[NX v21.6.11 Daemon Server] - 2026-06-30T18:15:51.835Z - Established a connection. Number of open connections: 1
[NX v21.6.11 Daemon Server] - 2026-06-30T18:15:51.836Z - Established a connection. Number of open connections: 2
[NX v21.6.11 Daemon Server] - 2026-06-30T18:15:51.836Z - Closed a connection. Number of open connections: 1
[NX v21.6.11 Daemon Server] - 2026-06-30T18:15:51.837Z - [REQUEST]: Client Request for Project Graph Received
[NX v21.6.11 Daemon Server] - 2026-06-30T18:15:51.842Z - Time taken for 'loadSpecifiedNxPlugins' 0.6616250000000008ms
Time for 'plugin worker 70333 code loading' 3.4470000000000027
Time for 'plugin worker 70332 code loading' 3.624917
Time for 'plugin worker 70331 code loading' 2.5446670000000005
[NX v21.6.11 Daemon Server] - 2026-06-30T18:15:51.979Z - Time taken for 'Load Nx Plugin: /Users/leonardosegars/Repos/foodtrack/node_modules/nx/src/plugins/project-json/build-nodes/project-json' 140.924375ms
[NX v21.6.11 Daemon Server] - 2026-06-30T18:15:51.980Z - Time taken for 'Load Nx Plugin: /Users/leonardosegars/Repos/foodtrack/node_modules/nx/src/plugins/package-json' 141.60933300000002ms
[NX v21.6.11 Daemon Server] - 2026-06-30T18:15:51.993Z - [REQUEST]: Updated workspace context based on watched changes, recomputing project graph...
[NX v21.6.11 Daemon Server] - 2026-06-30T18:15:51.993Z - [REQUEST]: 
[NX v21.6.11 Daemon Server] - 2026-06-30T18:15:51.993Z - [REQUEST]: 
[NX v21.6.11 Daemon Server] - 2026-06-30T18:15:51.995Z - No files changed, but no in-memory cached project graph found. Recomputing it...
[NX v21.6.11 Daemon Server] - 2026-06-30T18:15:51.998Z - Time taken for 'loadDefaultNxPlugins' 154.798667ms
Time for 'nx/core/project-json:createNodes' 0.833500000000015
Time for 'nx/core/package-json:createNodes' 1.872792000000004
Time for 'nx/js/dependencies-and-lockfile:createNodes' 342.417833
[NX v21.6.11 Daemon Server] - 2026-06-30T18:15:52.363Z - Time taken for 'build-project-configs' 353.58566700000006ms
Time for 'build typescript dependencies' 131.99345900000003
[NX v21.6.11 Daemon Server] - 2026-06-30T18:15:52.518Z - [SYNC]: collect registered sync generators
[NX v21.6.11 Daemon Server] - 2026-06-30T18:15:52.523Z - Wrote project graph cache to /Users/leonardosegars/Repos/foodtrack/.nx/workspace-data/project-graph.json
[NX v21.6.11 Daemon Server] - 2026-06-30T18:15:52.524Z - [REQUEST]: Responding to the client. project-graph
[NX v21.6.11 Daemon Server] - 2026-06-30T18:15:52.524Z - Time taken for 'total for creating and serializing project graph' 686.446083ms
[NX v21.6.11 Daemon Server] - 2026-06-30T18:15:52.537Z - Done responding to the client project-graph
[NX v21.6.11 Daemon Server] - 2026-06-30T18:15:52.537Z - Handled REQUEST_PROJECT_GRAPH. Handling time: 687. Response time: 13.
[NX v21.6.11 Daemon Server] - 2026-06-30T18:15:52.543Z - [REQUEST]: Responding to the client. handleRunPreTasksExecution
[NX v21.6.11 Daemon Server] - 2026-06-30T18:15:52.543Z - Done responding to the client handleRunPreTasksExecution
[NX v21.6.11 Daemon Server] - 2026-06-30T18:15:52.543Z - Handled PRE_TASKS_EXECUTION. Handling time: 0. Response time: 0.
[NX v21.6.11 Daemon Server] - 2026-06-30T18:15:52.543Z - Time taken for 'preTasksExecution' 0.23495900000000347ms
[NX v21.6.11 Daemon Server] - 2026-06-30T18:15:52.590Z - Reusing in-memory cached project graph because no files changed.
[NX v21.6.11 Daemon Server] - 2026-06-30T18:15:52.593Z - Wrote project graph cache to /Users/leonardosegars/Repos/foodtrack/.nx/workspace-data/project-graph.json
DEBUG nx::native::tasks::hash_planner: get_plans_internal COMPLETED in 3.251ms - processed 1 tasks (setup: 1.97425ms, parallel_planning: 1.273291ms)
DEBUG nx::native::tasks::hashers::hash_workspace_files: Hashing workspace fileset{cache_key="nx.json,.gitignore,.nxignore"}: Adding "6093914340072391811" (".gitignore") to hash
DEBUG nx::native::tasks::hashers::hash_workspace_files: Hashing workspace fileset{cache_key="nx.json,.gitignore,.nxignore"}: Adding "1132752945439744087" ("nx.json") to hash
DEBUG nx::native::tasks::hashers::hash_workspace_files: Hashing workspace fileset{cache_key="nx.json,.gitignore,.nxignore"}: Hash Value: "3983678509802823269"
DEBUG nx::native::tasks::task_hasher: hash_plans COMPLETED in 4.766167ms - processed 1 plans (setup: 729.625µs, hashing: 4.034834ms, assembly: 436.916µs)
[NX v21.6.11 Daemon Server] - 2026-06-30T18:15:52.606Z - [REQUEST]: Responding to the client. handleHashTasks
[NX v21.6.11 Daemon Server] - 2026-06-30T18:15:52.606Z - Time taken for 'write cache' 2.7482499999999845ms
[NX v21.6.11 Daemon Server] - 2026-06-30T18:15:52.607Z - Done responding to the client handleHashTasks
[NX v21.6.11 Daemon Server] - 2026-06-30T18:15:52.607Z - Handled HASH_TASKS. Handling time: 16. Response time: 1.
[NX v21.6.11 Daemon Server] - 2026-06-30T18:15:52.673Z - [REQUEST]: Responding to the client. handleGetEstimatedTaskTimings
[NX v21.6.11 Daemon Server] - 2026-06-30T18:15:52.673Z - Done responding to the client handleGetEstimatedTaskTimings
[NX v21.6.11 Daemon Server] - 2026-06-30T18:15:52.673Z - Handled GET_ESTIMATED_TASK_TIMINGS. Handling time: 22. Response time: 0.
[NX v21.6.11 Daemon Server] - 2026-06-30T18:15:54.998Z - [REQUEST]: Responding to the client. recordOutputsHash
[NX v21.6.11 Daemon Server] - 2026-06-30T18:15:54.998Z - Done responding to the client recordOutputsHash
[NX v21.6.11 Daemon Server] - 2026-06-30T18:15:54.998Z - Handled RECORD_OUTPUTS_HASH. Handling time: 0. Response time: 0.
[NX v21.6.11 Daemon Server] - 2026-06-30T18:15:55.002Z - [REQUEST]: Responding to the client. handleRecordTaskRuns
[NX v21.6.11 Daemon Server] - 2026-06-30T18:15:55.002Z - Done responding to the client handleRecordTaskRuns
[NX v21.6.11 Daemon Server] - 2026-06-30T18:15:55.002Z - Handled RECORD_TASK_RUNS. Handling time: 1. Response time: 0.
[NX v21.6.11 Daemon Server] - 2026-06-30T18:15:55.003Z - [REQUEST]: Responding to the client. handleGetFlakyTasks
[NX v21.6.11 Daemon Server] - 2026-06-30T18:15:55.003Z - Done responding to the client handleGetFlakyTasks
[NX v21.6.11 Daemon Server] - 2026-06-30T18:15:55.003Z - Handled GET_FLAKY_TASKS. Handling time: 0. Response time: 0.
[NX v21.6.11 Daemon Server] - 2026-06-30T18:15:55.054Z - Established a connection. Number of open connections: 2
[NX v21.6.11 Daemon Server] - 2026-06-30T18:15:55.054Z - Closed a connection. Number of open connections: 1
[NX v21.6.11 Daemon Server] - 2026-06-30T18:15:55.054Z - Established a connection. Number of open connections: 2
[NX v21.6.11 Daemon Server] - 2026-06-30T18:15:55.055Z - [REQUEST]: Client Request for Project Graph Received
[NX v21.6.11 Daemon Server] - 2026-06-30T18:15:55.055Z - Reusing in-memory cached project graph because no files changed.
[NX v21.6.11 Daemon Server] - 2026-06-30T18:15:55.058Z - Wrote project graph cache to /Users/leonardosegars/Repos/foodtrack/.nx/workspace-data/project-graph.json
[NX v21.6.11 Daemon Server] - 2026-06-30T18:15:55.059Z - [REQUEST]: Responding to the client. project-graph
[NX v21.6.11 Daemon Server] - 2026-06-30T18:15:55.059Z - Time taken for 'total for creating and serializing project graph' 3.323457999999846ms
[NX v21.6.11 Daemon Server] - 2026-06-30T18:15:55.064Z - Done responding to the client project-graph
[NX v21.6.11 Daemon Server] - 2026-06-30T18:15:55.064Z - Handled REQUEST_PROJECT_GRAPH. Handling time: 4. Response time: 5.
[NX v21.6.11 Daemon Server] - 2026-06-30T18:15:55.068Z - [REQUEST]: Responding to the client. handleRunPreTasksExecution
[NX v21.6.11 Daemon Server] - 2026-06-30T18:15:55.068Z - Done responding to the client handleRunPreTasksExecution
[NX v21.6.11 Daemon Server] - 2026-06-30T18:15:55.068Z - Handled PRE_TASKS_EXECUTION. Handling time: 0. Response time: 0.
[NX v21.6.11 Daemon Server] - 2026-06-30T18:15:55.068Z - Time taken for 'preTasksExecution' 0.07333399999970425ms
[NX v21.6.11 Daemon Server] - 2026-06-30T18:15:55.097Z - Reusing in-memory cached project graph because no files changed.
[NX v21.6.11 Daemon Server] - 2026-06-30T18:15:55.100Z - Wrote project graph cache to /Users/leonardosegars/Repos/foodtrack/.nx/workspace-data/project-graph.json
DEBUG nx::native::tasks::hash_planner: get_plans_internal COMPLETED in 1.634583ms - processed 1 tasks (setup: 1.395458ms, parallel_planning: 236.625µs)
DEBUG nx::native::tasks::task_hasher: hash_plans COMPLETED in 1.232791ms - processed 1 plans (setup: 206.541µs, hashing: 1.025375ms, assembly: 420.917µs)
[NX v21.6.11 Daemon Server] - 2026-06-30T18:15:55.104Z - [REQUEST]: Responding to the client. handleHashTasks
[NX v21.6.11 Daemon Server] - 2026-06-30T18:15:55.104Z - Time taken for 'write cache' 2.5054589999999735ms
[NX v21.6.11 Daemon Server] - 2026-06-30T18:15:55.104Z - Done responding to the client handleHashTasks
[NX v21.6.11 Daemon Server] - 2026-06-30T18:15:55.104Z - Handled HASH_TASKS. Handling time: 7. Response time: 0.
[NX v21.6.11 Daemon Server] - 2026-06-30T18:15:55.110Z - [REQUEST]: Responding to the client. handleRunPostTasksExecution
[NX v21.6.11 Daemon Server] - 2026-06-30T18:15:55.110Z - Done responding to the client handleRunPostTasksExecution
[NX v21.6.11 Daemon Server] - 2026-06-30T18:15:55.110Z - Handled POST_TASKS_EXECUTION. Handling time: 0. Response time: 0.
[NX v21.6.11 Daemon Server] - 2026-06-30T18:15:55.110Z - Time taken for 'postTasksExecution' 0.12349999999969441ms
[NX v21.6.11 Daemon Server] - 2026-06-30T18:15:55.116Z - Closed a connection. Number of open connections: 1
[NX v21.6.11 Daemon Server] - 2026-06-30T18:15:55.153Z - [REQUEST]: Responding to the client. handleGetEstimatedTaskTimings
[NX v21.6.11 Daemon Server] - 2026-06-30T18:15:55.153Z - Done responding to the client handleGetEstimatedTaskTimings
[NX v21.6.11 Daemon Server] - 2026-06-30T18:15:55.153Z - Handled GET_ESTIMATED_TASK_TIMINGS. Handling time: 0. Response time: 0.
[NX v21.6.11 Daemon Server] - 2026-06-30T18:15:59.799Z - [WATCHER]: apps/front/src/features/food-truck-locator/hooks/index.ts was created or restored
[NX v21.6.11 Daemon Server] - 2026-06-30T18:16:01.029Z - [WATCHER]: apps/front/src/features/food-truck-locator/hooks/index.ts was created or restored
[NX v21.6.11 Daemon Server] - 2026-06-30T18:16:01.091Z - [WATCHER]: Processing file changes in outputs
[NX v21.6.11 Daemon Server] - 2026-06-30T18:16:01.154Z - [WATCHER]: Processing file changes in outputs
[NX v21.6.11 Daemon Server] - 2026-06-30T18:16:01.681Z - [REQUEST]: Updated workspace context based on watched changes, recomputing project graph...
[NX v21.6.11 Daemon Server] - 2026-06-30T18:16:01.830Z - [REQUEST]: apps/front/src/features/food-truck-locator/hooks/index.ts
[NX v21.6.11 Daemon Server] - 2026-06-30T18:16:01.830Z - [REQUEST]: 
[NX v21.6.11 Daemon Server] - 2026-06-30T18:16:01.923Z - Time taken for 'hash changed files from watcher' 8.396875000000364ms
Time for 'nx/core/project-json:createNodes' 16.879624999999578
Time for 'nx/core/package-json:createNodes' 30.70824999999968
Time for 'nx/js/dependencies-and-lockfile:createNodes' 111.9466250000005
[NX v21.6.11 Daemon Server] - 2026-06-30T18:16:02.128Z - Time taken for 'build-project-configs' 243.06470799999988ms
Time for 'build typescript dependencies' 0.11716700000033597
[NX v21.6.11 Daemon Server] - 2026-06-30T18:16:02.203Z - [SYNC]: collect registered sync generators
[NX v21.6.11 Daemon Server] - 2026-06-30T18:16:02.208Z - [SYNC]: project graph hash is the same, not collecting task sync generators
[NX v21.6.11 Daemon Server] - 2026-06-30T18:16:02.208Z - [SYNC]: nx.json hash is the same, not collecting global sync generators
[NX v21.6.11 Daemon Server] - 2026-06-30T18:16:02.208Z - Time taken for 'total execution time for createProjectGraph()' 76.41679099999965ms
[NX v21.6.11 Daemon Server] - 2026-06-30T18:16:03.849Z - [REQUEST]: Responding to the client. recordOutputsHash
[NX v21.6.11 Daemon Server] - 2026-06-30T18:16:03.850Z - Done responding to the client recordOutputsHash
[NX v21.6.11 Daemon Server] - 2026-06-30T18:16:03.850Z - Handled RECORD_OUTPUTS_HASH. Handling time: 0. Response time: 1.
[NX v21.6.11 Daemon Server] - 2026-06-30T18:16:03.860Z - [REQUEST]: Responding to the client. handleRecordTaskRuns
[NX v21.6.11 Daemon Server] - 2026-06-30T18:16:03.861Z - Done responding to the client handleRecordTaskRuns
[NX v21.6.11 Daemon Server] - 2026-06-30T18:16:03.863Z - Handled RECORD_TASK_RUNS. Handling time: 2. Response time: 3.
[NX v21.6.11 Daemon Server] - 2026-06-30T18:16:03.878Z - [REQUEST]: Responding to the client. handleGetFlakyTasks
[NX v21.6.11 Daemon Server] - 2026-06-30T18:16:03.879Z - Done responding to the client handleGetFlakyTasks
[NX v21.6.11 Daemon Server] - 2026-06-30T18:16:03.879Z - Handled GET_FLAKY_TASKS. Handling time: 2. Response time: 1.
[NX v21.6.11 Daemon Server] - 2026-06-30T18:16:04.131Z - [REQUEST]: Responding to the client. handleRunPostTasksExecution
[NX v21.6.11 Daemon Server] - 2026-06-30T18:16:04.131Z - Done responding to the client handleRunPostTasksExecution
[NX v21.6.11 Daemon Server] - 2026-06-30T18:16:04.131Z - Handled POST_TASKS_EXECUTION. Handling time: 1. Response time: 0.
[NX v21.6.11 Daemon Server] - 2026-06-30T18:16:04.131Z - Time taken for 'postTasksExecution' 0.12462499999855936ms
[NX v21.6.11 Daemon Server] - 2026-06-30T18:16:04.136Z - Closed a connection. Number of open connections: 0
[NX v21.6.11 Daemon Server] - 2026-06-30T18:16:11.720Z - Established a connection. Number of open connections: 1
[NX v21.6.11 Daemon Server] - 2026-06-30T18:16:11.720Z - Established a connection. Number of open connections: 2
[NX v21.6.11 Daemon Server] - 2026-06-30T18:16:11.720Z - Closed a connection. Number of open connections: 1
[NX v21.6.11 Daemon Server] - 2026-06-30T18:16:11.722Z - [REQUEST]: Client Request for Project Graph Received
[NX v21.6.11 Daemon Server] - 2026-06-30T18:16:11.722Z - Reusing in-memory cached project graph because no files changed.
[NX v21.6.11 Daemon Server] - 2026-06-30T18:16:11.725Z - Wrote project graph cache to /Users/leonardosegars/Repos/foodtrack/.nx/workspace-data/project-graph.json
[NX v21.6.11 Daemon Server] - 2026-06-30T18:16:11.725Z - [REQUEST]: Responding to the client. project-graph
[NX v21.6.11 Daemon Server] - 2026-06-30T18:16:11.726Z - Time taken for 'total for creating and serializing project graph' 3.630042000000685ms
[NX v21.6.11 Daemon Server] - 2026-06-30T18:16:11.728Z - Done responding to the client project-graph
[NX v21.6.11 Daemon Server] - 2026-06-30T18:16:11.728Z - Handled REQUEST_PROJECT_GRAPH. Handling time: 3. Response time: 3.
[NX v21.6.11 Daemon Server] - 2026-06-30T18:16:11.731Z - [REQUEST]: Responding to the client. handleRunPreTasksExecution
[NX v21.6.11 Daemon Server] - 2026-06-30T18:16:11.731Z - Done responding to the client handleRunPreTasksExecution
[NX v21.6.11 Daemon Server] - 2026-06-30T18:16:11.731Z - Handled PRE_TASKS_EXECUTION. Handling time: 0. Response time: 0.
[NX v21.6.11 Daemon Server] - 2026-06-30T18:16:11.731Z - Time taken for 'preTasksExecution' 0.07899999999790452ms
[NX v21.6.11 Daemon Server] - 2026-06-30T18:16:11.776Z - Reusing in-memory cached project graph because no files changed.
[NX v21.6.11 Daemon Server] - 2026-06-30T18:16:11.779Z - Wrote project graph cache to /Users/leonardosegars/Repos/foodtrack/.nx/workspace-data/project-graph.json
DEBUG nx::native::tasks::hash_planner: get_plans_internal COMPLETED in 2.124708ms - processed 1 tasks (setup: 1.694875ms, parallel_planning: 423.958µs)
DEBUG nx::native::tasks::hashers::hash_workspace_files: Hashing workspace fileset{cache_key="nx.json,.gitignore,.nxignore"}: Adding "6093914340072391811" (".gitignore") to hash
DEBUG nx::native::tasks::hashers::hash_workspace_files: Hashing workspace fileset{cache_key="nx.json,.gitignore,.nxignore"}: Adding "1132752945439744087" ("nx.json") to hash
DEBUG nx::native::tasks::hashers::hash_workspace_files: Hashing workspace fileset{cache_key="nx.json,.gitignore,.nxignore"}: Hash Value: "3983678509802823269"
DEBUG nx::native::tasks::task_hasher: hash_plans COMPLETED in 1.369292ms - processed 1 plans (setup: 213.917µs, hashing: 1.154333ms, assembly: 496.208µs)
[NX v21.6.11 Daemon Server] - 2026-06-30T18:16:11.787Z - [REQUEST]: Responding to the client. handleHashTasks
[NX v21.6.11 Daemon Server] - 2026-06-30T18:16:11.787Z - Time taken for 'write cache' 3.0272919999988517ms
[NX v21.6.11 Daemon Server] - 2026-06-30T18:16:11.788Z - Done responding to the client handleHashTasks
[NX v21.6.11 Daemon Server] - 2026-06-30T18:16:11.788Z - Handled HASH_TASKS. Handling time: 12. Response time: 1.
[NX v21.6.11 Daemon Server] - 2026-06-30T18:16:11.827Z - [REQUEST]: Responding to the client. handleGetEstimatedTaskTimings
[NX v21.6.11 Daemon Server] - 2026-06-30T18:16:11.827Z - Done responding to the client handleGetEstimatedTaskTimings
[NX v21.6.11 Daemon Server] - 2026-06-30T18:16:11.827Z - Handled GET_ESTIMATED_TASK_TIMINGS. Handling time: 0. Response time: 0.
[NX v21.6.11 Daemon Server] - 2026-06-30T18:16:13.686Z - [REQUEST]: Responding to the client. recordOutputsHash
[NX v21.6.11 Daemon Server] - 2026-06-30T18:16:13.686Z - Done responding to the client recordOutputsHash
[NX v21.6.11 Daemon Server] - 2026-06-30T18:16:13.686Z - Handled RECORD_OUTPUTS_HASH. Handling time: 0. Response time: 0.
[NX v21.6.11 Daemon Server] - 2026-06-30T18:16:13.688Z - [REQUEST]: Responding to the client. handleRecordTaskRuns
[NX v21.6.11 Daemon Server] - 2026-06-30T18:16:13.688Z - Done responding to the client handleRecordTaskRuns
[NX v21.6.11 Daemon Server] - 2026-06-30T18:16:13.688Z - Handled RECORD_TASK_RUNS. Handling time: 0. Response time: 0.
[NX v21.6.11 Daemon Server] - 2026-06-30T18:16:13.689Z - [REQUEST]: Responding to the client. handleGetFlakyTasks
[NX v21.6.11 Daemon Server] - 2026-06-30T18:16:13.689Z - Done responding to the client handleGetFlakyTasks
[NX v21.6.11 Daemon Server] - 2026-06-30T18:16:13.689Z - Handled GET_FLAKY_TASKS. Handling time: 0. Response time: 0.
[NX v21.6.11 Daemon Server] - 2026-06-30T18:16:13.792Z - [REQUEST]: Responding to the client. handleRunPostTasksExecution
[NX v21.6.11 Daemon Server] - 2026-06-30T18:16:13.792Z - Done responding to the client handleRunPostTasksExecution
[NX v21.6.11 Daemon Server] - 2026-06-30T18:16:13.792Z - Handled POST_TASKS_EXECUTION. Handling time: 1. Response time: 0.
[NX v21.6.11 Daemon Server] - 2026-06-30T18:16:13.792Z - Time taken for 'postTasksExecution' 0.18920900000011898ms
[NX v21.6.11 Daemon Server] - 2026-06-30T18:16:13.796Z - Closed a connection. Number of open connections: 0
[NX v21.6.11 Daemon Server] - 2026-06-30T18:16:17.021Z - [WATCHER]: apps/bff/src/facility/facility.property.spec.ts was modified
[NX v21.6.11 Daemon Server] - 2026-06-30T18:16:17.021Z - [WATCHER]: Processing file changes in outputs
[NX v21.6.11 Daemon Server] - 2026-06-30T18:16:17.121Z - [REQUEST]: Updated workspace context based on watched changes, recomputing project graph...
[NX v21.6.11 Daemon Server] - 2026-06-30T18:16:17.121Z - [REQUEST]: apps/bff/src/facility/facility.property.spec.ts
[NX v21.6.11 Daemon Server] - 2026-06-30T18:16:17.121Z - [REQUEST]: 
[NX v21.6.11 Daemon Server] - 2026-06-30T18:16:17.123Z - Time taken for 'hash changed files from watcher' 0.11975000000165892ms
Time for 'nx/core/project-json:createNodes' 1.2923750000009022
Time for 'nx/core/package-json:createNodes' 1.4479580000006536
Time for 'nx/js/dependencies-and-lockfile:createNodes' 4.679916999997658
[NX v21.6.11 Daemon Server] - 2026-06-30T18:16:17.138Z - Time taken for 'build-project-configs' 9.809916999998677ms
Time for 'build typescript dependencies' 6.787541999998211
[NX v21.6.11 Daemon Server] - 2026-06-30T18:16:17.159Z - [SYNC]: collect registered sync generators
[NX v21.6.11 Daemon Server] - 2026-06-30T18:16:17.159Z - [SYNC]: project graph hash is the same, not collecting task sync generators
[NX v21.6.11 Daemon Server] - 2026-06-30T18:16:17.159Z - [SYNC]: nx.json hash is the same, not collecting global sync generators
[NX v21.6.11 Daemon Server] - 2026-06-30T18:16:17.159Z - Time taken for 'total execution time for createProjectGraph()' 25.423624999999447ms
[NX v21.6.11 Daemon Server] - 2026-06-30T18:16:39.986Z - [WATCHER]: apps/bff/src/facility/facility.property.spec.ts was modified
[NX v21.6.11 Daemon Server] - 2026-06-30T18:16:39.988Z - [WATCHER]: Processing file changes in outputs
[NX v21.6.11 Daemon Server] - 2026-06-30T18:16:40.189Z - [REQUEST]: Updated workspace context based on watched changes, recomputing project graph...
[NX v21.6.11 Daemon Server] - 2026-06-30T18:16:40.190Z - [REQUEST]: apps/bff/src/facility/facility.property.spec.ts
[NX v21.6.11 Daemon Server] - 2026-06-30T18:16:40.190Z - [REQUEST]: 
[NX v21.6.11 Daemon Server] - 2026-06-30T18:16:40.191Z - Time taken for 'hash changed files from watcher' 0.2067079999978887ms
Time for 'nx/core/project-json:createNodes' 4.489957999998296
Time for 'nx/core/package-json:createNodes' 6.484334000000672
Time for 'nx/js/dependencies-and-lockfile:createNodes' 15.20508300000074
[NX v21.6.11 Daemon Server] - 2026-06-30T18:16:40.216Z - Time taken for 'build-project-configs' 21.831833000003826ms
Time for 'build typescript dependencies' 2.7300409999952535
[NX v21.6.11 Daemon Server] - 2026-06-30T18:16:40.231Z - [SYNC]: collect registered sync generators
[NX v21.6.11 Daemon Server] - 2026-06-30T18:16:40.231Z - [SYNC]: project graph hash is the same, not collecting task sync generators
[NX v21.6.11 Daemon Server] - 2026-06-30T18:16:40.231Z - [SYNC]: nx.json hash is the same, not collecting global sync generators
[NX v21.6.11 Daemon Server] - 2026-06-30T18:16:40.231Z - Time taken for 'total execution time for createProjectGraph()' 17.520540999998047ms
[NX v21.6.11 Daemon Server] - 2026-06-30T18:16:53.585Z - Established a connection. Number of open connections: 1
[NX v21.6.11 Daemon Server] - 2026-06-30T18:16:53.585Z - Established a connection. Number of open connections: 2
[NX v21.6.11 Daemon Server] - 2026-06-30T18:16:53.586Z - Closed a connection. Number of open connections: 1
[NX v21.6.11 Daemon Server] - 2026-06-30T18:16:53.588Z - [REQUEST]: Client Request for Project Graph Received
[NX v21.6.11 Daemon Server] - 2026-06-30T18:16:53.589Z - Reusing in-memory cached project graph because no files changed.
[NX v21.6.11 Daemon Server] - 2026-06-30T18:16:53.593Z - Wrote project graph cache to /Users/leonardosegars/Repos/foodtrack/.nx/workspace-data/project-graph.json
[NX v21.6.11 Daemon Server] - 2026-06-30T18:16:53.593Z - [REQUEST]: Responding to the client. project-graph
[NX v21.6.11 Daemon Server] - 2026-06-30T18:16:53.594Z - Time taken for 'total for creating and serializing project graph' 4.903874999996333ms
[NX v21.6.11 Daemon Server] - 2026-06-30T18:16:53.595Z - Done responding to the client project-graph
[NX v21.6.11 Daemon Server] - 2026-06-30T18:16:53.595Z - Handled REQUEST_PROJECT_GRAPH. Handling time: 5. Response time: 2.
[NX v21.6.11 Daemon Server] - 2026-06-30T18:16:53.599Z - [REQUEST]: Responding to the client. handleRunPreTasksExecution
[NX v21.6.11 Daemon Server] - 2026-06-30T18:16:53.599Z - Done responding to the client handleRunPreTasksExecution
[NX v21.6.11 Daemon Server] - 2026-06-30T18:16:53.599Z - Handled PRE_TASKS_EXECUTION. Handling time: 0. Response time: 0.
[NX v21.6.11 Daemon Server] - 2026-06-30T18:16:53.599Z - Time taken for 'preTasksExecution' 0.09116599999833852ms
[NX v21.6.11 Daemon Server] - 2026-06-30T18:16:53.636Z - Reusing in-memory cached project graph because no files changed.
[NX v21.6.11 Daemon Server] - 2026-06-30T18:16:53.638Z - Wrote project graph cache to /Users/leonardosegars/Repos/foodtrack/.nx/workspace-data/project-graph.json
DEBUG nx::native::tasks::hash_planner: get_plans_internal COMPLETED in 1.547375ms - processed 1 tasks (setup: 1.360791ms, parallel_planning: 184.334µs)
DEBUG nx::native::tasks::hashers::hash_workspace_files: Hashing workspace fileset{cache_key="nx.json,.gitignore,.nxignore"}: Adding "6093914340072391811" (".gitignore") to hash
DEBUG nx::native::tasks::hashers::hash_workspace_files: Hashing workspace fileset{cache_key="nx.json,.gitignore,.nxignore"}: Adding "1132752945439744087" ("nx.json") to hash
DEBUG nx::native::tasks::hashers::hash_workspace_files: Hashing workspace fileset{cache_key="nx.json,.gitignore,.nxignore"}: Hash Value: "3983678509802823269"
DEBUG nx::native::tasks::task_hasher: hash_plans COMPLETED in 1.426583ms - processed 1 plans (setup: 193.416µs, hashing: 1.231958ms, assembly: 442.958µs)
[NX v21.6.11 Daemon Server] - 2026-06-30T18:16:53.647Z - [REQUEST]: Responding to the client. handleHashTasks
[NX v21.6.11 Daemon Server] - 2026-06-30T18:16:53.647Z - Time taken for 'write cache' 2.626624999997148ms
[NX v21.6.11 Daemon Server] - 2026-06-30T18:16:53.647Z - Done responding to the client handleHashTasks
[NX v21.6.11 Daemon Server] - 2026-06-30T18:16:53.647Z - Handled HASH_TASKS. Handling time: 11. Response time: 0.
[NX v21.6.11 Daemon Server] - 2026-06-30T18:16:53.686Z - [REQUEST]: Responding to the client. handleGetEstimatedTaskTimings
[NX v21.6.11 Daemon Server] - 2026-06-30T18:16:53.686Z - Done responding to the client handleGetEstimatedTaskTimings
[NX v21.6.11 Daemon Server] - 2026-06-30T18:16:53.686Z - Handled GET_ESTIMATED_TASK_TIMINGS. Handling time: 1. Response time: 0.
[NX v21.6.11 Daemon Server] - 2026-06-30T18:16:55.673Z - [REQUEST]: Responding to the client. recordOutputsHash
[NX v21.6.11 Daemon Server] - 2026-06-30T18:16:55.673Z - Done responding to the client recordOutputsHash
[NX v21.6.11 Daemon Server] - 2026-06-30T18:16:55.673Z - Handled RECORD_OUTPUTS_HASH. Handling time: 0. Response time: 0.
[NX v21.6.11 Daemon Server] - 2026-06-30T18:16:55.676Z - [REQUEST]: Responding to the client. handleRecordTaskRuns
[NX v21.6.11 Daemon Server] - 2026-06-30T18:16:55.676Z - Done responding to the client handleRecordTaskRuns
[NX v21.6.11 Daemon Server] - 2026-06-30T18:16:55.676Z - Handled RECORD_TASK_RUNS. Handling time: 1. Response time: 0.
[NX v21.6.11 Daemon Server] - 2026-06-30T18:16:55.676Z - [REQUEST]: Responding to the client. handleGetFlakyTasks
[NX v21.6.11 Daemon Server] - 2026-06-30T18:16:55.676Z - Done responding to the client handleGetFlakyTasks
[NX v21.6.11 Daemon Server] - 2026-06-30T18:16:55.676Z - Handled GET_FLAKY_TASKS. Handling time: 0. Response time: 0.
[NX v21.6.11 Daemon Server] - 2026-06-30T18:16:55.780Z - [REQUEST]: Responding to the client. handleRunPostTasksExecution
[NX v21.6.11 Daemon Server] - 2026-06-30T18:16:55.780Z - Done responding to the client handleRunPostTasksExecution
[NX v21.6.11 Daemon Server] - 2026-06-30T18:16:55.780Z - Handled POST_TASKS_EXECUTION. Handling time: 0. Response time: 0.
[NX v21.6.11 Daemon Server] - 2026-06-30T18:16:55.780Z - Time taken for 'postTasksExecution' 0.07024999999703141ms
[NX v21.6.11 Daemon Server] - 2026-06-30T18:16:55.785Z - Closed a connection. Number of open connections: 0
[NX v21.6.11 Daemon Server] - 2026-06-30T18:17:27.580Z - [WATCHER]: apps/bff/src/facility/facility.property.spec.ts was modified
[NX v21.6.11 Daemon Server] - 2026-06-30T18:17:27.582Z - [WATCHER]: Processing file changes in outputs
[NX v21.6.11 Daemon Server] - 2026-06-30T18:17:27.683Z - [REQUEST]: Updated workspace context based on watched changes, recomputing project graph...
[NX v21.6.11 Daemon Server] - 2026-06-30T18:17:27.683Z - [REQUEST]: apps/bff/src/facility/facility.property.spec.ts
[NX v21.6.11 Daemon Server] - 2026-06-30T18:17:27.683Z - [REQUEST]: 
[NX v21.6.11 Daemon Server] - 2026-06-30T18:17:27.684Z - Time taken for 'hash changed files from watcher' 0.23758299999462906ms
Time for 'nx/core/package-json:createNodes' 0.9934590000048047
Time for 'nx/core/project-json:createNodes' 1.527249999999185
Time for 'nx/js/dependencies-and-lockfile:createNodes' 7.308499999999185
[NX v21.6.11 Daemon Server] - 2026-06-30T18:17:27.704Z - Time taken for 'build-project-configs' 16.538541999994777ms
Time for 'build typescript dependencies' 3.5317079999949783
[NX v21.6.11 Daemon Server] - 2026-06-30T18:17:27.728Z - [SYNC]: collect registered sync generators
[NX v21.6.11 Daemon Server] - 2026-06-30T18:17:27.729Z - [SYNC]: project graph hash is the same, not collecting task sync generators
[NX v21.6.11 Daemon Server] - 2026-06-30T18:17:27.729Z - [SYNC]: nx.json hash is the same, not collecting global sync generators
[NX v21.6.11 Daemon Server] - 2026-06-30T18:17:27.729Z - Time taken for 'total execution time for createProjectGraph()' 26.375125000005937ms
[NX v21.6.11 Daemon Server] - 2026-06-30T18:18:42.937Z - Established a connection. Number of open connections: 1
[NX v21.6.11 Daemon Server] - 2026-06-30T18:18:42.939Z - Established a connection. Number of open connections: 2
[NX v21.6.11 Daemon Server] - 2026-06-30T18:18:42.939Z - Closed a connection. Number of open connections: 1
[NX v21.6.11 Daemon Server] - 2026-06-30T18:18:42.940Z - [REQUEST]: Client Request for Project Graph Received
[NX v21.6.11 Daemon Server] - 2026-06-30T18:18:42.941Z - Reusing in-memory cached project graph because no files changed.
[NX v21.6.11 Daemon Server] - 2026-06-30T18:18:42.943Z - Wrote project graph cache to /Users/leonardosegars/Repos/foodtrack/.nx/workspace-data/project-graph.json
[NX v21.6.11 Daemon Server] - 2026-06-30T18:18:42.943Z - [REQUEST]: Responding to the client. project-graph
[NX v21.6.11 Daemon Server] - 2026-06-30T18:18:42.944Z - Time taken for 'total for creating and serializing project graph' 3.118083999986993ms
[NX v21.6.11 Daemon Server] - 2026-06-30T18:18:42.946Z - Done responding to the client project-graph
[NX v21.6.11 Daemon Server] - 2026-06-30T18:18:42.946Z - Handled REQUEST_PROJECT_GRAPH. Handling time: 3. Response time: 3.
[NX v21.6.11 Daemon Server] - 2026-06-30T18:18:42.950Z - [REQUEST]: Responding to the client. handleRunPreTasksExecution
[NX v21.6.11 Daemon Server] - 2026-06-30T18:18:42.950Z - Done responding to the client handleRunPreTasksExecution
[NX v21.6.11 Daemon Server] - 2026-06-30T18:18:42.950Z - Handled PRE_TASKS_EXECUTION. Handling time: 1. Response time: 0.
[NX v21.6.11 Daemon Server] - 2026-06-30T18:18:42.950Z - Time taken for 'preTasksExecution' 0.10166700000991113ms
[NX v21.6.11 Daemon Server] - 2026-06-30T18:18:42.986Z - Reusing in-memory cached project graph because no files changed.
[NX v21.6.11 Daemon Server] - 2026-06-30T18:18:42.989Z - Wrote project graph cache to /Users/leonardosegars/Repos/foodtrack/.nx/workspace-data/project-graph.json
DEBUG nx::native::tasks::hash_planner: get_plans_internal COMPLETED in 1.557125ms - processed 1 tasks (setup: 1.353375ms, parallel_planning: 199.25µs)
DEBUG nx::native::tasks::hashers::hash_workspace_files: Hashing workspace fileset{cache_key="nx.json,.gitignore,.nxignore"}: Adding "6093914340072391811" (".gitignore") to hash
DEBUG nx::native::tasks::hashers::hash_workspace_files: Hashing workspace fileset{cache_key="nx.json,.gitignore,.nxignore"}: Adding "1132752945439744087" ("nx.json") to hash
DEBUG nx::native::tasks::hashers::hash_workspace_files: Hashing workspace fileset{cache_key="nx.json,.gitignore,.nxignore"}: Hash Value: "3983678509802823269"
DEBUG nx::native::tasks::task_hasher: hash_plans COMPLETED in 1.535542ms - processed 1 plans (setup: 219.208µs, hashing: 1.315167ms, assembly: 554µs)
[NX v21.6.11 Daemon Server] - 2026-06-30T18:18:42.996Z - [REQUEST]: Responding to the client. handleHashTasks
[NX v21.6.11 Daemon Server] - 2026-06-30T18:18:42.997Z - Time taken for 'write cache' 2.7763749999867287ms
[NX v21.6.11 Daemon Server] - 2026-06-30T18:18:42.997Z - Done responding to the client handleHashTasks
[NX v21.6.11 Daemon Server] - 2026-06-30T18:18:42.997Z - Handled HASH_TASKS. Handling time: 10. Response time: 1.
[NX v21.6.11 Daemon Server] - 2026-06-30T18:18:43.037Z - [REQUEST]: Responding to the client. handleGetEstimatedTaskTimings
[NX v21.6.11 Daemon Server] - 2026-06-30T18:18:43.037Z - Done responding to the client handleGetEstimatedTaskTimings
[NX v21.6.11 Daemon Server] - 2026-06-30T18:18:43.037Z - Handled GET_ESTIMATED_TASK_TIMINGS. Handling time: 0. Response time: 0.
[NX v21.6.11 Daemon Server] - 2026-06-30T18:18:45.024Z - [REQUEST]: Responding to the client. recordOutputsHash
[NX v21.6.11 Daemon Server] - 2026-06-30T18:18:45.024Z - Done responding to the client recordOutputsHash
[NX v21.6.11 Daemon Server] - 2026-06-30T18:18:45.024Z - Handled RECORD_OUTPUTS_HASH. Handling time: 0. Response time: 0.
[NX v21.6.11 Daemon Server] - 2026-06-30T18:18:45.027Z - [REQUEST]: Responding to the client. handleRecordTaskRuns
[NX v21.6.11 Daemon Server] - 2026-06-30T18:18:45.027Z - Done responding to the client handleRecordTaskRuns
[NX v21.6.11 Daemon Server] - 2026-06-30T18:18:45.027Z - Handled RECORD_TASK_RUNS. Handling time: 1. Response time: 0.
[NX v21.6.11 Daemon Server] - 2026-06-30T18:18:45.027Z - [REQUEST]: Responding to the client. handleGetFlakyTasks
[NX v21.6.11 Daemon Server] - 2026-06-30T18:18:45.027Z - Done responding to the client handleGetFlakyTasks
[NX v21.6.11 Daemon Server] - 2026-06-30T18:18:45.027Z - Handled GET_FLAKY_TASKS. Handling time: 0. Response time: 0.
[NX v21.6.11 Daemon Server] - 2026-06-30T18:18:45.131Z - [REQUEST]: Responding to the client. handleRunPostTasksExecution
[NX v21.6.11 Daemon Server] - 2026-06-30T18:18:45.131Z - Done responding to the client handleRunPostTasksExecution
[NX v21.6.11 Daemon Server] - 2026-06-30T18:18:45.131Z - Handled POST_TASKS_EXECUTION. Handling time: 0. Response time: 0.
[NX v21.6.11 Daemon Server] - 2026-06-30T18:18:45.132Z - Time taken for 'postTasksExecution' 0.07050000000162981ms
[NX v21.6.11 Daemon Server] - 2026-06-30T18:18:45.136Z - Closed a connection. Number of open connections: 0
[NX v21.6.11 Daemon Server] - 2026-06-30T18:18:54.101Z - [WATCHER]: .kiro/specs/food-truck-locator/tasks.meta.json was modified
[NX v21.6.11 Daemon Server] - 2026-06-30T18:18:54.101Z - [WATCHER]: Processing file changes in outputs
[NX v21.6.11 Daemon Server] - 2026-06-30T18:18:54.203Z - [REQUEST]: Updated workspace context based on watched changes, recomputing project graph...
[NX v21.6.11 Daemon Server] - 2026-06-30T18:18:54.203Z - [REQUEST]: .kiro/specs/food-truck-locator/tasks.meta.json
[NX v21.6.11 Daemon Server] - 2026-06-30T18:18:54.203Z - [REQUEST]: 
[NX v21.6.11 Daemon Server] - 2026-06-30T18:18:54.205Z - Time taken for 'hash changed files from watcher' 0.13637500000186265ms
Time for 'nx/core/package-json:createNodes' 1.81950000001234
Time for 'nx/core/project-json:createNodes' 2.2972500000032596
Time for 'nx/js/dependencies-and-lockfile:createNodes' 7.5098329999891575
[NX v21.6.11 Daemon Server] - 2026-06-30T18:18:54.221Z - Time taken for 'build-project-configs' 13.786916000011843ms
Time for 'build typescript dependencies' 0.020625000004656613
[NX v21.6.11 Daemon Server] - 2026-06-30T18:18:54.234Z - [SYNC]: collect registered sync generators
[NX v21.6.11 Daemon Server] - 2026-06-30T18:18:54.235Z - [SYNC]: project graph hash is the same, not collecting task sync generators
[NX v21.6.11 Daemon Server] - 2026-06-30T18:18:54.235Z - [SYNC]: nx.json hash is the same, not collecting global sync generators
[NX v21.6.11 Daemon Server] - 2026-06-30T18:18:54.235Z - Time taken for 'total execution time for createProjectGraph()' 15.727584000007482ms
[NX v21.6.11 Daemon Server] - 2026-06-30T18:19:17.388Z - [WATCHER]: Processing file changes in outputs
[NX v21.6.11 Daemon Server] - 2026-06-30T18:19:17.392Z - [WATCHER]: 0 file(s) created or restored, 2 file(s) modified, 0 file(s) deleted
[NX v21.6.11 Daemon Server] - 2026-06-30T18:19:17.596Z - [REQUEST]: Updated workspace context based on watched changes, recomputing project graph...
[NX v21.6.11 Daemon Server] - 2026-06-30T18:19:17.596Z - [REQUEST]: .kiro/specs/food-truck-locator/tasks.meta.json,.kiro/specs/food-truck-locator/tasks.md
[NX v21.6.11 Daemon Server] - 2026-06-30T18:19:17.596Z - [REQUEST]: 
[NX v21.6.11 Daemon Server] - 2026-06-30T18:19:17.597Z - Time taken for 'hash changed files from watcher' 0.24029200000222772ms
Time for 'nx/core/package-json:createNodes' 1.2533750000002328
Time for 'nx/core/project-json:createNodes' 1.39966700001969
Time for 'nx/js/dependencies-and-lockfile:createNodes' 7.111958999972558
[NX v21.6.11 Daemon Server] - 2026-06-30T18:19:17.615Z - Time taken for 'build-project-configs' 13.394000000000233ms
Time for 'build typescript dependencies' 0.02741699997568503
[NX v21.6.11 Daemon Server] - 2026-06-30T18:19:17.633Z - [SYNC]: collect registered sync generators
[NX v21.6.11 Daemon Server] - 2026-06-30T18:19:17.634Z - [SYNC]: project graph hash is the same, not collecting task sync generators
[NX v21.6.11 Daemon Server] - 2026-06-30T18:19:17.634Z - [SYNC]: nx.json hash is the same, not collecting global sync generators
[NX v21.6.11 Daemon Server] - 2026-06-30T18:19:17.634Z - Time taken for 'total execution time for createProjectGraph()' 21.974459000019124ms
[NX v21.6.11 Daemon Server] - 2026-06-30T18:19:18.474Z - [WATCHER]: 0 file(s) created or restored, 2 file(s) modified, 0 file(s) deleted
[NX v21.6.11 Daemon Server] - 2026-06-30T18:19:18.475Z - [WATCHER]: Processing file changes in outputs
[NX v21.6.11 Daemon Server] - 2026-06-30T18:19:18.877Z - [REQUEST]: Updated workspace context based on watched changes, recomputing project graph...
[NX v21.6.11 Daemon Server] - 2026-06-30T18:19:18.877Z - [REQUEST]: .kiro/specs/food-truck-locator/tasks.meta.json,.kiro/specs/food-truck-locator/tasks.md
[NX v21.6.11 Daemon Server] - 2026-06-30T18:19:18.877Z - [REQUEST]: 
[NX v21.6.11 Daemon Server] - 2026-06-30T18:19:18.878Z - Time taken for 'hash changed files from watcher' 0.22195800000918098ms
Time for 'nx/core/project-json:createNodes' 0.35300000000279397
Time for 'nx/core/package-json:createNodes' 0.8335839999781456
Time for 'nx/js/dependencies-and-lockfile:createNodes' 3.752999999996973
[NX v21.6.11 Daemon Server] - 2026-06-30T18:19:18.890Z - Time taken for 'build-project-configs' 8.437666000012541ms
Time for 'build typescript dependencies' 0.014167000015731901
[NX v21.6.11 Daemon Server] - 2026-06-30T18:19:18.913Z - [SYNC]: collect registered sync generators
[NX v21.6.11 Daemon Server] - 2026-06-30T18:19:18.913Z - [SYNC]: project graph hash is the same, not collecting task sync generators
[NX v21.6.11 Daemon Server] - 2026-06-30T18:19:18.913Z - [SYNC]: nx.json hash is the same, not collecting global sync generators
[NX v21.6.11 Daemon Server] - 2026-06-30T18:19:18.913Z - Time taken for 'total execution time for createProjectGraph()' 25.111333000008017ms
[NX v21.6.11 Daemon Server] - 2026-06-30T18:19:19.512Z - [WATCHER]: 0 file(s) created or restored, 2 file(s) modified, 0 file(s) deleted
[NX v21.6.11 Daemon Server] - 2026-06-30T18:19:19.512Z - [WATCHER]: Processing file changes in outputs
[NX v21.6.11 Daemon Server] - 2026-06-30T18:19:20.314Z - [REQUEST]: Updated workspace context based on watched changes, recomputing project graph...
[NX v21.6.11 Daemon Server] - 2026-06-30T18:19:20.314Z - [REQUEST]: .kiro/specs/food-truck-locator/tasks.md,.kiro/specs/food-truck-locator/tasks.meta.json
[NX v21.6.11 Daemon Server] - 2026-06-30T18:19:20.314Z - [REQUEST]: 
[NX v21.6.11 Daemon Server] - 2026-06-30T18:19:20.315Z - Time taken for 'hash changed files from watcher' 0.27620800002478063ms
Time for 'nx/core/project-json:createNodes' 0.26441600001999177
Time for 'nx/core/package-json:createNodes' 0.49183300000731833
Time for 'nx/js/dependencies-and-lockfile:createNodes' 3.1236250000074506
[NX v21.6.11 Daemon Server] - 2026-06-30T18:19:20.324Z - Time taken for 'build-project-configs' 6.624542000005022ms
Time for 'build typescript dependencies' 0.01424999997834675
[NX v21.6.11 Daemon Server] - 2026-06-30T18:19:20.334Z - [SYNC]: collect registered sync generators
[NX v21.6.11 Daemon Server] - 2026-06-30T18:19:20.334Z - [SYNC]: project graph hash is the same, not collecting task sync generators
[NX v21.6.11 Daemon Server] - 2026-06-30T18:19:20.334Z - [SYNC]: nx.json hash is the same, not collecting global sync generators
[NX v21.6.11 Daemon Server] - 2026-06-30T18:19:20.334Z - Time taken for 'total execution time for createProjectGraph()' 11.495415999990655ms
[NX v21.6.11 Daemon Server] - 2026-06-30T18:19:20.561Z - [WATCHER]: 0 file(s) created or restored, 2 file(s) modified, 0 file(s) deleted
[NX v21.6.11 Daemon Server] - 2026-06-30T18:19:20.566Z - [WATCHER]: Processing file changes in outputs
[NX v21.6.11 Daemon Server] - 2026-06-30T18:19:20.625Z - [WATCHER]: Processing file changes in outputs
[NX v21.6.11 Daemon Server] - 2026-06-30T18:19:20.626Z - [WATCHER]: 0 file(s) created or restored, 2 file(s) modified, 0 file(s) deleted
[NX v21.6.11 Daemon Server] - 2026-06-30T18:19:21.440Z - [WATCHER]: Processing file changes in outputs
[NX v21.6.11 Daemon Server] - 2026-06-30T18:19:21.441Z - [WATCHER]: 0 file(s) created or restored, 2 file(s) modified, 0 file(s) deleted
[NX v21.6.11 Daemon Server] - 2026-06-30T18:19:22.167Z - [REQUEST]: Updated workspace context based on watched changes, recomputing project graph...
[NX v21.6.11 Daemon Server] - 2026-06-30T18:19:22.167Z - [REQUEST]: .kiro/specs/food-truck-locator/tasks.meta.json,.kiro/specs/food-truck-locator/tasks.md
[NX v21.6.11 Daemon Server] - 2026-06-30T18:19:22.167Z - [REQUEST]: 
[NX v21.6.11 Daemon Server] - 2026-06-30T18:19:22.169Z - Time taken for 'hash changed files from watcher' 0.29050000000279397ms
Time for 'nx/core/package-json:createNodes' 0.5458750000107102
Time for 'nx/core/project-json:createNodes' 0.4208329999819398
Time for 'nx/js/dependencies-and-lockfile:createNodes' 4.496207999996841
[NX v21.6.11 Daemon Server] - 2026-06-30T18:19:22.182Z - Time taken for 'build-project-configs' 10.602167000004556ms
Time for 'build typescript dependencies' 0.013458000001264736
[NX v21.6.11 Daemon Server] - 2026-06-30T18:19:22.193Z - [SYNC]: collect registered sync generators
[NX v21.6.11 Daemon Server] - 2026-06-30T18:19:22.194Z - [SYNC]: project graph hash is the same, not collecting task sync generators
[NX v21.6.11 Daemon Server] - 2026-06-30T18:19:22.194Z - [SYNC]: nx.json hash is the same, not collecting global sync generators
[NX v21.6.11 Daemon Server] - 2026-06-30T18:19:22.194Z - Time taken for 'total execution time for createProjectGraph()' 12.971166999981506ms
[NX v21.6.11 Daemon Server] - 2026-06-30T18:19:31.744Z - [WATCHER]: .kiro/specs/food-truck-locator/tasks.md was modified
[NX v21.6.11 Daemon Server] - 2026-06-30T18:19:31.749Z - [WATCHER]: Processing file changes in outputs
[NX v21.6.11 Daemon Server] - 2026-06-30T18:19:31.792Z - [WATCHER]: .kiro/specs/food-truck-locator/tasks.meta.json was modified
[NX v21.6.11 Daemon Server] - 2026-06-30T18:19:31.793Z - [WATCHER]: Processing file changes in outputs
[NX v21.6.11 Daemon Server] - 2026-06-30T18:19:32.451Z - [WATCHER]: Processing file changes in outputs
[NX v21.6.11 Daemon Server] - 2026-06-30T18:19:32.452Z - [WATCHER]: 0 file(s) created or restored, 2 file(s) modified, 0 file(s) deleted
[NX v21.6.11 Daemon Server] - 2026-06-30T18:19:33.281Z - [WATCHER]: Processing file changes in outputs
[NX v21.6.11 Daemon Server] - 2026-06-30T18:19:33.282Z - [WATCHER]: 0 file(s) created or restored, 2 file(s) modified, 0 file(s) deleted
[NX v21.6.11 Daemon Server] - 2026-06-30T18:19:34.951Z - [REQUEST]: Updated workspace context based on watched changes, recomputing project graph...
[NX v21.6.11 Daemon Server] - 2026-06-30T18:19:34.951Z - [REQUEST]: .kiro/specs/food-truck-locator/tasks.md,.kiro/specs/food-truck-locator/tasks.meta.json
[NX v21.6.11 Daemon Server] - 2026-06-30T18:19:34.951Z - [REQUEST]: 
[NX v21.6.11 Daemon Server] - 2026-06-30T18:19:34.954Z - Time taken for 'hash changed files from watcher' 0.45333399999071844ms
Time for 'nx/core/project-json:createNodes' 9.42050000000745
Time for 'nx/core/package-json:createNodes' 8.774166999995941
Time for 'nx/js/dependencies-and-lockfile:createNodes' 19.427542000019457
[NX v21.6.11 Daemon Server] - 2026-06-30T18:19:34.991Z - Time taken for 'build-project-configs' 30.169415999989724ms
Time for 'build typescript dependencies' 0.021875000005820766
[NX v21.6.11 Daemon Server] - 2026-06-30T18:19:35.007Z - [SYNC]: collect registered sync generators
[NX v21.6.11 Daemon Server] - 2026-06-30T18:19:35.007Z - [SYNC]: project graph hash is the same, not collecting task sync generators
[NX v21.6.11 Daemon Server] - 2026-06-30T18:19:35.007Z - [SYNC]: nx.json hash is the same, not collecting global sync generators
[NX v21.6.11 Daemon Server] - 2026-06-30T18:19:35.007Z - Time taken for 'total execution time for createProjectGraph()' 22.500166999991052ms
[NX v21.6.11 Daemon Server] - 2026-06-30T18:21:02.971Z - [WATCHER]: apps/front/src/features/food-truck-locator/components/SearchInput.tsx was created or restored
[NX v21.6.11 Daemon Server] - 2026-06-30T18:21:02.973Z - [WATCHER]: Processing file changes in outputs
[NX v21.6.11 Daemon Server] - 2026-06-30T18:21:03.075Z - [REQUEST]: Updated workspace context based on watched changes, recomputing project graph...
[NX v21.6.11 Daemon Server] - 2026-06-30T18:21:03.075Z - [REQUEST]: apps/front/src/features/food-truck-locator/components/SearchInput.tsx
[NX v21.6.11 Daemon Server] - 2026-06-30T18:21:03.075Z - [REQUEST]: 
[NX v21.6.11 Daemon Server] - 2026-06-30T18:21:03.077Z - Time taken for 'hash changed files from watcher' 0.22629100002814084ms
Time for 'nx/core/project-json:createNodes' 2.635041000030469
Time for 'nx/core/package-json:createNodes' 2.551500000001397
Time for 'nx/js/dependencies-and-lockfile:createNodes' 10.084708000009414
[NX v21.6.11 Daemon Server] - 2026-06-30T18:21:03.099Z - Time taken for 'build-project-configs' 19.22358400002122ms
Time for 'build typescript dependencies' 0.020125000039115548
[NX v21.6.11 Daemon Server] - 2026-06-30T18:21:03.112Z - [SYNC]: collect registered sync generators
[NX v21.6.11 Daemon Server] - 2026-06-30T18:21:03.113Z - [SYNC]: project graph hash is the same, not collecting task sync generators
[NX v21.6.11 Daemon Server] - 2026-06-30T18:21:03.113Z - [SYNC]: nx.json hash is the same, not collecting global sync generators
[NX v21.6.11 Daemon Server] - 2026-06-30T18:21:03.113Z - Time taken for 'total execution time for createProjectGraph()' 14.023541999980807ms
[NX v21.6.11 Daemon Server] - 2026-06-30T18:21:58.400Z - [WATCHER]: apps/front/src/features/food-truck-locator/components/ResultCard.tsx was created or restored
[NX v21.6.11 Daemon Server] - 2026-06-30T18:21:58.401Z - [WATCHER]: Processing file changes in outputs
[NX v21.6.11 Daemon Server] - 2026-06-30T18:21:58.502Z - [REQUEST]: Updated workspace context based on watched changes, recomputing project graph...
[NX v21.6.11 Daemon Server] - 2026-06-30T18:21:58.502Z - [REQUEST]: apps/front/src/features/food-truck-locator/components/ResultCard.tsx
[NX v21.6.11 Daemon Server] - 2026-06-30T18:21:58.502Z - [REQUEST]: 
[NX v21.6.11 Daemon Server] - 2026-06-30T18:21:58.509Z - Time taken for 'hash changed files from watcher' 0.22704199998406693ms
Time for 'nx/core/package-json:createNodes' 3.775374999968335
Time for 'nx/core/project-json:createNodes' 4.654374999983702
Time for 'nx/js/dependencies-and-lockfile:createNodes' 13.925374999991618
[NX v21.6.11 Daemon Server] - 2026-06-30T18:21:58.537Z - Time taken for 'build-project-configs' 29.83808300003875ms
Time for 'build typescript dependencies' 0.03149999998277053
[NX v21.6.11 Daemon Server] - 2026-06-30T18:21:58.554Z - [SYNC]: collect registered sync generators
[NX v21.6.11 Daemon Server] - 2026-06-30T18:21:58.554Z - [SYNC]: project graph hash is the same, not collecting task sync generators
[NX v21.6.11 Daemon Server] - 2026-06-30T18:21:58.554Z - [SYNC]: nx.json hash is the same, not collecting global sync generators
[NX v21.6.11 Daemon Server] - 2026-06-30T18:21:58.554Z - Time taken for 'total execution time for createProjectGraph()' 19.749790999980178ms
[NX v21.6.11 Daemon Server] - 2026-06-30T18:22:00.828Z - [WATCHER]: Processing file changes in outputs
[NX v21.6.11 Daemon Server] - 2026-06-30T18:22:00.829Z - [WATCHER]: apps/front/src/features/food-truck-locator/components/SearchInput.spec.tsx was created or restored
[NX v21.6.11 Daemon Server] - 2026-06-30T18:22:00.931Z - [REQUEST]: Updated workspace context based on watched changes, recomputing project graph...
[NX v21.6.11 Daemon Server] - 2026-06-30T18:22:00.931Z - [REQUEST]: apps/front/src/features/food-truck-locator/components/SearchInput.spec.tsx
[NX v21.6.11 Daemon Server] - 2026-06-30T18:22:00.931Z - [REQUEST]: 
Time for 'nx/core/project-json:createNodes' 0.1489999999757856
[NX v21.6.11 Daemon Server] - 2026-06-30T18:22:00.932Z - Time taken for 'hash changed files from watcher' 0.1121250000433065ms
Time for 'nx/core/package-json:createNodes' 0.276624999998603
Time for 'nx/js/dependencies-and-lockfile:createNodes' 3.411167000012938
[NX v21.6.11 Daemon Server] - 2026-06-30T18:22:00.941Z - Time taken for 'build-project-configs' 7.151499999978114ms
Time for 'build typescript dependencies' 0.011292000010143965
[NX v21.6.11 Daemon Server] - 2026-06-30T18:22:00.952Z - [SYNC]: collect registered sync generators
[NX v21.6.11 Daemon Server] - 2026-06-30T18:22:00.952Z - [SYNC]: project graph hash is the same, not collecting task sync generators
[NX v21.6.11 Daemon Server] - 2026-06-30T18:22:00.952Z - [SYNC]: nx.json hash is the same, not collecting global sync generators
[NX v21.6.11 Daemon Server] - 2026-06-30T18:22:00.952Z - Time taken for 'total execution time for createProjectGraph()' 12.413790999969933ms
[NX v21.6.11 Daemon Server] - 2026-06-30T18:22:06.505Z - [WATCHER]: Processing file changes in outputs
[NX v21.6.11 Daemon Server] - 2026-06-30T18:22:06.507Z - [WATCHER]: Stopping the watcher for /Users/leonardosegars/Repos/foodtrack (sources)
[NX v21.6.11 Daemon Server] - 2026-06-30T18:22:06.507Z - [WATCHER]: Stopping the watcher for /Users/leonardosegars/Repos/foodtrack (outputs)
[NX v21.6.11 Daemon Server] - 2026-06-30T18:22:06.511Z - Server stopped because: "LOCK_FILES_CHANGED"
[NX v21.6.11 Daemon Server] - 2026-06-30T18:27:10.634Z - Started listening on: /private/var/folders/x6/5jp8k3c557z3j1_fs2kdgs9h0000gn/T/d0686dd68821c042e245/d.sock
[NX v21.6.11 Daemon Server] - 2026-06-30T18:27:10.637Z - [WATCHER]: Subscribed to changes within: /Users/leonardosegars/Repos/foodtrack (native)
[NX v21.6.11 Daemon Server] - 2026-06-30T18:27:10.644Z - Established a connection. Number of open connections: 1
[NX v21.6.11 Daemon Server] - 2026-06-30T18:27:10.645Z - Established a connection. Number of open connections: 2
[NX v21.6.11 Daemon Server] - 2026-06-30T18:27:10.646Z - Closed a connection. Number of open connections: 1
[NX v21.6.11 Daemon Server] - 2026-06-30T18:27:10.646Z - [REQUEST]: Client Request for Project Graph Received
[NX v21.6.11 Daemon Server] - 2026-06-30T18:27:10.650Z - Time taken for 'loadSpecifiedNxPlugins' 0.6376670000000075ms
Time for 'plugin worker 86001 code loading' 2.242084
Time for 'plugin worker 85999 code loading' 2.5794169999999976
Time for 'plugin worker 86000 code loading' 2.543583
[NX v21.6.11 Daemon Server] - 2026-06-30T18:27:10.696Z - [WATCHER]: Processing file changes in outputs
[NX v21.6.11 Daemon Server] - 2026-06-30T18:27:10.770Z - Time taken for 'Load Nx Plugin: /Users/leonardosegars/Repos/foodtrack/node_modules/nx/src/plugins/project-json/build-nodes/project-json' 122.367042ms
[NX v21.6.11 Daemon Server] - 2026-06-30T18:27:10.771Z - Time taken for 'Load Nx Plugin: /Users/leonardosegars/Repos/foodtrack/node_modules/nx/src/plugins/package-json' 123.57175000000001ms
[NX v21.6.11 Daemon Server] - 2026-06-30T18:27:10.783Z - [REQUEST]: Updated workspace context based on watched changes, recomputing project graph...
[NX v21.6.11 Daemon Server] - 2026-06-30T18:27:10.783Z - [REQUEST]: 
[NX v21.6.11 Daemon Server] - 2026-06-30T18:27:10.783Z - [REQUEST]: 
[NX v21.6.11 Daemon Server] - 2026-06-30T18:27:10.784Z - No files changed, but no in-memory cached project graph found. Recomputing it...
[NX v21.6.11 Daemon Server] - 2026-06-30T18:27:10.787Z - Time taken for 'loadDefaultNxPlugins' 136.102916ms
Time for 'nx/core/project-json:createNodes' 0.705875000000006
Time for 'nx/core/package-json:createNodes' 1.8195419999999984
Time for 'nx/js/dependencies-and-lockfile:createNodes' 264.28408299999995
[NX v21.6.11 Daemon Server] - 2026-06-30T18:27:11.073Z - Time taken for 'build-project-configs' 274.725125ms
Time for 'build typescript dependencies' 128.54474999999996
[NX v21.6.11 Daemon Server] - 2026-06-30T18:27:11.224Z - [SYNC]: collect registered sync generators
[NX v21.6.11 Daemon Server] - 2026-06-30T18:27:11.228Z - Wrote project graph cache to /Users/leonardosegars/Repos/foodtrack/.nx/workspace-data/project-graph.json
[NX v21.6.11 Daemon Server] - 2026-06-30T18:27:11.228Z - [REQUEST]: Responding to the client. project-graph
[NX v21.6.11 Daemon Server] - 2026-06-30T18:27:11.228Z - Time taken for 'total for creating and serializing project graph' 581.629416ms
[NX v21.6.11 Daemon Server] - 2026-06-30T18:27:11.230Z - Done responding to the client project-graph
[NX v21.6.11 Daemon Server] - 2026-06-30T18:27:11.230Z - Handled REQUEST_PROJECT_GRAPH. Handling time: 582. Response time: 2.
[NX v21.6.11 Daemon Server] - 2026-06-30T18:27:11.234Z - [REQUEST]: Responding to the client. handleRunPreTasksExecution
[NX v21.6.11 Daemon Server] - 2026-06-30T18:27:11.234Z - Done responding to the client handleRunPreTasksExecution
[NX v21.6.11 Daemon Server] - 2026-06-30T18:27:11.234Z - Handled PRE_TASKS_EXECUTION. Handling time: 0. Response time: 0.
[NX v21.6.11 Daemon Server] - 2026-06-30T18:27:11.235Z - Time taken for 'preTasksExecution' 0.22379100000000562ms
[NX v21.6.11 Daemon Server] - 2026-06-30T18:27:11.279Z - Reusing in-memory cached project graph because no files changed.
[NX v21.6.11 Daemon Server] - 2026-06-30T18:27:11.282Z - Wrote project graph cache to /Users/leonardosegars/Repos/foodtrack/.nx/workspace-data/project-graph.json
DEBUG nx::native::tasks::hash_planner: get_plans_internal COMPLETED in 1.757625ms - processed 1 tasks (setup: 1.341333ms, parallel_planning: 410.875µs)
DEBUG nx::native::tasks::hashers::hash_workspace_files: Hashing workspace fileset{cache_key="nx.json,.gitignore,.nxignore"}: Adding "6093914340072391811" (".gitignore") to hash
DEBUG nx::native::tasks::hashers::hash_workspace_files: Hashing workspace fileset{cache_key="nx.json,.gitignore,.nxignore"}: Adding "1132752945439744087" ("nx.json") to hash
DEBUG nx::native::tasks::hashers::hash_workspace_files: Hashing workspace fileset{cache_key="nx.json,.gitignore,.nxignore"}: Hash Value: "3983678509802823269"
DEBUG nx::native::tasks::task_hasher: hash_plans COMPLETED in 12.494083ms - processed 1 plans (setup: 261.333µs, hashing: 12.230917ms, assembly: 1.23975ms)
[NX v21.6.11 Daemon Server] - 2026-06-30T18:27:11.312Z - [REQUEST]: Responding to the client. handleHashTasks
[NX v21.6.11 Daemon Server] - 2026-06-30T18:27:11.312Z - Time taken for 'write cache' 2.452666999999906ms
[NX v21.6.11 Daemon Server] - 2026-06-30T18:27:11.313Z - Done responding to the client handleHashTasks
[NX v21.6.11 Daemon Server] - 2026-06-30T18:27:11.313Z - Handled HASH_TASKS. Handling time: 33. Response time: 1.
[NX v21.6.11 Daemon Server] - 2026-06-30T18:27:11.383Z - [REQUEST]: Responding to the client. handleGetEstimatedTaskTimings
[NX v21.6.11 Daemon Server] - 2026-06-30T18:27:11.384Z - Done responding to the client handleGetEstimatedTaskTimings
[NX v21.6.11 Daemon Server] - 2026-06-30T18:27:11.384Z - Handled GET_ESTIMATED_TASK_TIMINGS. Handling time: 19. Response time: 1.
[NX v21.6.11 Daemon Server] - 2026-06-30T18:27:12.110Z - [REQUEST]: Responding to the client. recordOutputsHash
[NX v21.6.11 Daemon Server] - 2026-06-30T18:27:12.110Z - Done responding to the client recordOutputsHash
[NX v21.6.11 Daemon Server] - 2026-06-30T18:27:12.110Z - Handled RECORD_OUTPUTS_HASH. Handling time: 0. Response time: 0.
[NX v21.6.11 Daemon Server] - 2026-06-30T18:27:12.113Z - [REQUEST]: Responding to the client. handleRecordTaskRuns
[NX v21.6.11 Daemon Server] - 2026-06-30T18:27:12.113Z - Done responding to the client handleRecordTaskRuns
[NX v21.6.11 Daemon Server] - 2026-06-30T18:27:12.113Z - Handled RECORD_TASK_RUNS. Handling time: 0. Response time: 0.
[NX v21.6.11 Daemon Server] - 2026-06-30T18:27:12.113Z - [REQUEST]: Responding to the client. handleGetFlakyTasks
[NX v21.6.11 Daemon Server] - 2026-06-30T18:27:12.113Z - Done responding to the client handleGetFlakyTasks
[NX v21.6.11 Daemon Server] - 2026-06-30T18:27:12.113Z - Handled GET_FLAKY_TASKS. Handling time: 0. Response time: 0.
[NX v21.6.11 Daemon Server] - 2026-06-30T18:27:12.220Z - [REQUEST]: Responding to the client. handleRunPostTasksExecution
[NX v21.6.11 Daemon Server] - 2026-06-30T18:27:12.221Z - Done responding to the client handleRunPostTasksExecution
[NX v21.6.11 Daemon Server] - 2026-06-30T18:27:12.221Z - Handled POST_TASKS_EXECUTION. Handling time: 0. Response time: 1.
[NX v21.6.11 Daemon Server] - 2026-06-30T18:27:12.221Z - Time taken for 'postTasksExecution' 0.10379200000011224ms
[NX v21.6.11 Daemon Server] - 2026-06-30T18:27:12.226Z - Closed a connection. Number of open connections: 0
[NX v21.6.11 Daemon Server] - 2026-06-30T18:27:15.946Z - [WATCHER]: apps/front/src/features/food-truck-locator/components/MapLegend.tsx was created or restored
[NX v21.6.11 Daemon Server] - 2026-06-30T18:27:15.946Z - [WATCHER]: Processing file changes in outputs
[NX v21.6.11 Daemon Server] - 2026-06-30T18:27:16.048Z - [REQUEST]: Updated workspace context based on watched changes, recomputing project graph...
[NX v21.6.11 Daemon Server] - 2026-06-30T18:27:16.048Z - [REQUEST]: apps/front/src/features/food-truck-locator/components/MapLegend.tsx
[NX v21.6.11 Daemon Server] - 2026-06-30T18:27:16.048Z - [REQUEST]: 
[NX v21.6.11 Daemon Server] - 2026-06-30T18:27:16.049Z - Time taken for 'hash changed files from watcher' 0.11499999999978172ms
Time for 'nx/core/project-json:createNodes' 0.3812500000003638
Time for 'nx/core/package-json:createNodes' 0.6695419999996375
Time for 'nx/js/dependencies-and-lockfile:createNodes' 3.2470830000002024
[NX v21.6.11 Daemon Server] - 2026-06-30T18:27:16.059Z - Time taken for 'build-project-configs' 7.57183299999997ms
Time for 'build typescript dependencies' 1.9589169999999285
[NX v21.6.11 Daemon Server] - 2026-06-30T18:27:16.072Z - [SYNC]: collect registered sync generators
[NX v21.6.11 Daemon Server] - 2026-06-30T18:27:16.073Z - [SYNC]: project graph hash is the same, not collecting task sync generators
[NX v21.6.11 Daemon Server] - 2026-06-30T18:27:16.073Z - [SYNC]: nx.json hash is the same, not collecting global sync generators
[NX v21.6.11 Daemon Server] - 2026-06-30T18:27:16.073Z - Time taken for 'total execution time for createProjectGraph()' 14.739249999999629ms
[NX v21.6.11 Daemon Server] - 2026-06-30T18:27:59.474Z - Established a connection. Number of open connections: 1
[NX v21.6.11 Daemon Server] - 2026-06-30T18:27:59.474Z - Established a connection. Number of open connections: 2
[NX v21.6.11 Daemon Server] - 2026-06-30T18:27:59.474Z - Closed a connection. Number of open connections: 1
[NX v21.6.11 Daemon Server] - 2026-06-30T18:27:59.476Z - [REQUEST]: Client Request for Project Graph Received
[NX v21.6.11 Daemon Server] - 2026-06-30T18:27:59.477Z - Reusing in-memory cached project graph because no files changed.
[NX v21.6.11 Daemon Server] - 2026-06-30T18:27:59.482Z - Wrote project graph cache to /Users/leonardosegars/Repos/foodtrack/.nx/workspace-data/project-graph.json
[NX v21.6.11 Daemon Server] - 2026-06-30T18:27:59.482Z - [REQUEST]: Responding to the client. project-graph
[NX v21.6.11 Daemon Server] - 2026-06-30T18:27:59.483Z - Time taken for 'total for creating and serializing project graph' 6.12433400000009ms
[NX v21.6.11 Daemon Server] - 2026-06-30T18:27:59.484Z - Done responding to the client project-graph
[NX v21.6.11 Daemon Server] - 2026-06-30T18:27:59.485Z - Handled REQUEST_PROJECT_GRAPH. Handling time: 6. Response time: 3.
[NX v21.6.11 Daemon Server] - 2026-06-30T18:27:59.488Z - [REQUEST]: Responding to the client. handleRunPreTasksExecution
[NX v21.6.11 Daemon Server] - 2026-06-30T18:27:59.488Z - Done responding to the client handleRunPreTasksExecution
[NX v21.6.11 Daemon Server] - 2026-06-30T18:27:59.488Z - Handled PRE_TASKS_EXECUTION. Handling time: 0. Response time: 0.
[NX v21.6.11 Daemon Server] - 2026-06-30T18:27:59.489Z - Time taken for 'preTasksExecution' 0.08666700000321725ms
[NX v21.6.11 Daemon Server] - 2026-06-30T18:27:59.525Z - Reusing in-memory cached project graph because no files changed.
[NX v21.6.11 Daemon Server] - 2026-06-30T18:27:59.527Z - Wrote project graph cache to /Users/leonardosegars/Repos/foodtrack/.nx/workspace-data/project-graph.json
DEBUG nx::native::tasks::hash_planner: get_plans_internal COMPLETED in 1.571333ms - processed 1 tasks (setup: 1.316458ms, parallel_planning: 252.584µs)
DEBUG nx::native::tasks::hashers::hash_workspace_files: Hashing workspace fileset{cache_key="nx.json,.gitignore,.nxignore"}: Adding "6093914340072391811" (".gitignore") to hash
DEBUG nx::native::tasks::hashers::hash_workspace_files: Hashing workspace fileset{cache_key="nx.json,.gitignore,.nxignore"}: Adding "1132752945439744087" ("nx.json") to hash
DEBUG nx::native::tasks::hashers::hash_workspace_files: Hashing workspace fileset{cache_key="nx.json,.gitignore,.nxignore"}: Hash Value: "3983678509802823269"
DEBUG nx::native::tasks::task_hasher: hash_plans COMPLETED in 1.964875ms - processed 1 plans (setup: 212.209µs, hashing: 1.751625ms, assembly: 729.709µs)
[NX v21.6.11 Daemon Server] - 2026-06-30T18:27:59.535Z - [REQUEST]: Responding to the client. handleHashTasks
[NX v21.6.11 Daemon Server] - 2026-06-30T18:27:59.535Z - Time taken for 'write cache' 2.4564580000005662ms
[NX v21.6.11 Daemon Server] - 2026-06-30T18:27:59.535Z - Done responding to the client handleHashTasks
[NX v21.6.11 Daemon Server] - 2026-06-30T18:27:59.535Z - Handled HASH_TASKS. Handling time: 11. Response time: 0.
[NX v21.6.11 Daemon Server] - 2026-06-30T18:27:59.575Z - [REQUEST]: Responding to the client. handleGetEstimatedTaskTimings
[NX v21.6.11 Daemon Server] - 2026-06-30T18:27:59.575Z - Done responding to the client handleGetEstimatedTaskTimings
[NX v21.6.11 Daemon Server] - 2026-06-30T18:27:59.575Z - Handled GET_ESTIMATED_TASK_TIMINGS. Handling time: 1. Response time: 0.
[NX v21.6.11 Daemon Server] - 2026-06-30T18:28:00.340Z - [REQUEST]: Responding to the client. recordOutputsHash
[NX v21.6.11 Daemon Server] - 2026-06-30T18:28:00.340Z - Done responding to the client recordOutputsHash
[NX v21.6.11 Daemon Server] - 2026-06-30T18:28:00.340Z - Handled RECORD_OUTPUTS_HASH. Handling time: 0. Response time: 0.
[NX v21.6.11 Daemon Server] - 2026-06-30T18:28:00.342Z - [REQUEST]: Responding to the client. handleRecordTaskRuns
[NX v21.6.11 Daemon Server] - 2026-06-30T18:28:00.342Z - Done responding to the client handleRecordTaskRuns
[NX v21.6.11 Daemon Server] - 2026-06-30T18:28:00.342Z - Handled RECORD_TASK_RUNS. Handling time: 0. Response time: 0.
[NX v21.6.11 Daemon Server] - 2026-06-30T18:28:00.343Z - [REQUEST]: Responding to the client. handleGetFlakyTasks
[NX v21.6.11 Daemon Server] - 2026-06-30T18:28:00.343Z - Done responding to the client handleGetFlakyTasks
[NX v21.6.11 Daemon Server] - 2026-06-30T18:28:00.343Z - Handled GET_FLAKY_TASKS. Handling time: 0. Response time: 0.
[NX v21.6.11 Daemon Server] - 2026-06-30T18:28:00.449Z - [REQUEST]: Responding to the client. handleRunPostTasksExecution
[NX v21.6.11 Daemon Server] - 2026-06-30T18:28:00.449Z - Done responding to the client handleRunPostTasksExecution
[NX v21.6.11 Daemon Server] - 2026-06-30T18:28:00.449Z - Handled POST_TASKS_EXECUTION. Handling time: 0. Response time: 0.
[NX v21.6.11 Daemon Server] - 2026-06-30T18:28:00.449Z - Time taken for 'postTasksExecution' 0.06137499999749707ms
[NX v21.6.11 Daemon Server] - 2026-06-30T18:28:00.453Z - Closed a connection. Number of open connections: 0
[NX v21.6.11 Daemon Server] - 2026-06-30T18:28:32.512Z - [WATCHER]: Processing file changes in outputs
[NX v21.6.11 Daemon Server] - 2026-06-30T18:28:32.518Z - [WATCHER]: 0 file(s) created or restored, 2 file(s) modified, 0 file(s) deleted
[NX v21.6.11 Daemon Server] - 2026-06-30T18:28:32.620Z - [REQUEST]: Updated workspace context based on watched changes, recomputing project graph...
[NX v21.6.11 Daemon Server] - 2026-06-30T18:28:32.620Z - [REQUEST]: .kiro/specs/food-truck-locator/tasks.md,.kiro/specs/food-truck-locator/tasks.meta.json
[NX v21.6.11 Daemon Server] - 2026-06-30T18:28:32.620Z - [REQUEST]: 
[NX v21.6.11 Daemon Server] - 2026-06-30T18:28:32.627Z - Time taken for 'hash changed files from watcher' 0.22825000000011642ms
Time for 'nx/core/project-json:createNodes' 3.6503329999977723
Time for 'nx/core/package-json:createNodes' 4.2682500000082655
Time for 'nx/js/dependencies-and-lockfile:createNodes' 9.192790999994031
[NX v21.6.11 Daemon Server] - 2026-06-30T18:28:32.649Z - Time taken for 'build-project-configs' 18.620666999995592ms
Time for 'build typescript dependencies' 0.015415999994729646
[NX v21.6.11 Daemon Server] - 2026-06-30T18:28:32.663Z - [SYNC]: collect registered sync generators
[NX v21.6.11 Daemon Server] - 2026-06-30T18:28:32.664Z - [SYNC]: project graph hash is the same, not collecting task sync generators
[NX v21.6.11 Daemon Server] - 2026-06-30T18:28:32.664Z - [SYNC]: nx.json hash is the same, not collecting global sync generators
[NX v21.6.11 Daemon Server] - 2026-06-30T18:28:32.664Z - Time taken for 'total execution time for createProjectGraph()' 17.012917000000016ms
[NX v21.6.11 Daemon Server] - 2026-06-30T18:28:33.139Z - [WATCHER]: Processing file changes in outputs
[NX v21.6.11 Daemon Server] - 2026-06-30T18:28:33.139Z - [WATCHER]: 0 file(s) created or restored, 2 file(s) modified, 0 file(s) deleted
[NX v21.6.11 Daemon Server] - 2026-06-30T18:28:33.340Z - [REQUEST]: Updated workspace context based on watched changes, recomputing project graph...
[NX v21.6.11 Daemon Server] - 2026-06-30T18:28:33.340Z - [REQUEST]: .kiro/specs/food-truck-locator/tasks.md,.kiro/specs/food-truck-locator/tasks.meta.json
[NX v21.6.11 Daemon Server] - 2026-06-30T18:28:33.340Z - [REQUEST]: 
[NX v21.6.11 Daemon Server] - 2026-06-30T18:28:33.341Z - Time taken for 'hash changed files from watcher' 0.16141699999570847ms
Time for 'nx/core/package-json:createNodes' 0.3800829999963753
Time for 'nx/core/project-json:createNodes' 0.22116600000299513
Time for 'nx/js/dependencies-and-lockfile:createNodes' 3.114792000007583
[NX v21.6.11 Daemon Server] - 2026-06-30T18:28:33.351Z - Time taken for 'build-project-configs' 6.904290999998921ms
Time for 'build typescript dependencies' 0.020000000004074536
[NX v21.6.11 Daemon Server] - 2026-06-30T18:28:33.367Z - [SYNC]: collect registered sync generators
[NX v21.6.11 Daemon Server] - 2026-06-30T18:28:33.367Z - [SYNC]: project graph hash is the same, not collecting task sync generators
[NX v21.6.11 Daemon Server] - 2026-06-30T18:28:33.367Z - [SYNC]: nx.json hash is the same, not collecting global sync generators
[NX v21.6.11 Daemon Server] - 2026-06-30T18:28:33.368Z - Time taken for 'total execution time for createProjectGraph()' 18.12712499999907ms
[NX v21.6.11 Daemon Server] - 2026-06-30T18:28:33.940Z - [WATCHER]: Processing file changes in outputs
[NX v21.6.11 Daemon Server] - 2026-06-30T18:28:33.940Z - [WATCHER]: 0 file(s) created or restored, 2 file(s) modified, 0 file(s) deleted
[NX v21.6.11 Daemon Server] - 2026-06-30T18:28:34.344Z - [REQUEST]: Updated workspace context based on watched changes, recomputing project graph...
[NX v21.6.11 Daemon Server] - 2026-06-30T18:28:34.344Z - [REQUEST]: .kiro/specs/food-truck-locator/tasks.meta.json,.kiro/specs/food-truck-locator/tasks.md
[NX v21.6.11 Daemon Server] - 2026-06-30T18:28:34.344Z - [REQUEST]: 
[NX v21.6.11 Daemon Server] - 2026-06-30T18:28:34.346Z - Time taken for 'hash changed files from watcher' 0.28204200000618584ms
Time for 'nx/core/project-json:createNodes' 0.24645800000871532
Time for 'nx/core/package-json:createNodes' 0.6089170000050217
Time for 'nx/js/dependencies-and-lockfile:createNodes' 2.9972080000006827
[NX v21.6.11 Daemon Server] - 2026-06-30T18:28:34.358Z - Time taken for 'build-project-configs' 9.121792000005371ms
Time for 'build typescript dependencies' 0.013041999991401099
[NX v21.6.11 Daemon Server] - 2026-06-30T18:28:34.374Z - [SYNC]: collect registered sync generators
[NX v21.6.11 Daemon Server] - 2026-06-30T18:28:34.374Z - [SYNC]: project graph hash is the same, not collecting task sync generators
[NX v21.6.11 Daemon Server] - 2026-06-30T18:28:34.374Z - [SYNC]: nx.json hash is the same, not collecting global sync generators
[NX v21.6.11 Daemon Server] - 2026-06-30T18:28:34.374Z - Time taken for 'total execution time for createProjectGraph()' 17.263916999989306ms
[NX v21.6.11 Daemon Server] - 2026-06-30T18:28:39.625Z - [WATCHER]: .kiro/specs/food-truck-locator/tasks.md was modified
[NX v21.6.11 Daemon Server] - 2026-06-30T18:28:39.626Z - [WATCHER]: Processing file changes in outputs
[NX v21.6.11 Daemon Server] - 2026-06-30T18:28:39.699Z - [WATCHER]: .kiro/specs/food-truck-locator/tasks.meta.json was modified
[NX v21.6.11 Daemon Server] - 2026-06-30T18:28:39.700Z - [WATCHER]: Processing file changes in outputs
[NX v21.6.11 Daemon Server] - 2026-06-30T18:28:40.333Z - [WATCHER]: 0 file(s) created or restored, 2 file(s) modified, 0 file(s) deleted
[NX v21.6.11 Daemon Server] - 2026-06-30T18:28:40.333Z - [WATCHER]: Processing file changes in outputs
[NX v21.6.11 Daemon Server] - 2026-06-30T18:28:40.427Z - [REQUEST]: Updated workspace context based on watched changes, recomputing project graph...
[NX v21.6.11 Daemon Server] - 2026-06-30T18:28:40.427Z - [REQUEST]: .kiro/specs/food-truck-locator/tasks.md,.kiro/specs/food-truck-locator/tasks.meta.json
[NX v21.6.11 Daemon Server] - 2026-06-30T18:28:40.427Z - [REQUEST]: 
[NX v21.6.11 Daemon Server] - 2026-06-30T18:28:40.429Z - Time taken for 'hash changed files from watcher' 0.2732499999983702ms
Time for 'nx/core/project-json:createNodes' 0.9169589999946766
Time for 'nx/core/package-json:createNodes' 1.2267089999950258
Time for 'nx/js/dependencies-and-lockfile:createNodes' 5.21270899999945
[NX v21.6.11 Daemon Server] - 2026-06-30T18:28:40.443Z - Time taken for 'build-project-configs' 12.298457999990205ms
Time for 'build typescript dependencies' 0.02729199999885168
[NX v21.6.11 Daemon Server] - 2026-06-30T18:28:40.454Z - [SYNC]: collect registered sync generators
[NX v21.6.11 Daemon Server] - 2026-06-30T18:28:40.455Z - [SYNC]: project graph hash is the same, not collecting task sync generators
[NX v21.6.11 Daemon Server] - 2026-06-30T18:28:40.455Z - [SYNC]: nx.json hash is the same, not collecting global sync generators
[NX v21.6.11 Daemon Server] - 2026-06-30T18:28:40.455Z - Time taken for 'total execution time for createProjectGraph()' 12.567291999992449ms
[NX v21.6.11 Daemon Server] - 2026-06-30T18:29:46.589Z - [WATCHER]: apps/front/src/features/food-truck-locator/FoodTruckLocator.tsx was created or restored
[NX v21.6.11 Daemon Server] - 2026-06-30T18:29:46.590Z - [WATCHER]: Processing file changes in outputs
[NX v21.6.11 Daemon Server] - 2026-06-30T18:29:46.691Z - [REQUEST]: Updated workspace context based on watched changes, recomputing project graph...
[NX v21.6.11 Daemon Server] - 2026-06-30T18:29:46.696Z - [REQUEST]: apps/front/src/features/food-truck-locator/FoodTruckLocator.tsx
[NX v21.6.11 Daemon Server] - 2026-06-30T18:29:46.696Z - [REQUEST]: 
[NX v21.6.11 Daemon Server] - 2026-06-30T18:29:46.709Z - Time taken for 'hash changed files from watcher' 0.33795899999677204ms
Time for 'nx/core/package-json:createNodes' 2.085292000003392
Time for 'nx/core/project-json:createNodes' 2.6445419999945443
Time for 'nx/js/dependencies-and-lockfile:createNodes' 22.477707999991253
[NX v21.6.11 Daemon Server] - 2026-06-30T18:29:46.802Z - Time taken for 'build-project-configs' 65.96741700000712ms
Time for 'build typescript dependencies' 11.694208000000799
[NX v21.6.11 Daemon Server] - 2026-06-30T18:29:46.850Z - [SYNC]: collect registered sync generators
[NX v21.6.11 Daemon Server] - 2026-06-30T18:29:46.850Z - [SYNC]: project graph hash is the same, not collecting task sync generators
[NX v21.6.11 Daemon Server] - 2026-06-30T18:29:46.850Z - [SYNC]: nx.json hash is the same, not collecting global sync generators
[NX v21.6.11 Daemon Server] - 2026-06-30T18:29:46.851Z - Time taken for 'total execution time for createProjectGraph()' 75.35116699998616ms
[NX v21.6.11 Daemon Server] - 2026-06-30T18:29:48.796Z - [WATCHER]: apps/front/src/features/food-truck-locator/components/ResultCard.spec.tsx was modified
[NX v21.6.11 Daemon Server] - 2026-06-30T18:29:48.797Z - [WATCHER]: Processing file changes in outputs
[NX v21.6.11 Daemon Server] - 2026-06-30T18:29:48.998Z - [REQUEST]: Updated workspace context based on watched changes, recomputing project graph...
[NX v21.6.11 Daemon Server] - 2026-06-30T18:29:48.998Z - [REQUEST]: apps/front/src/features/food-truck-locator/components/ResultCard.spec.tsx
[NX v21.6.11 Daemon Server] - 2026-06-30T18:29:48.998Z - [REQUEST]: 
[NX v21.6.11 Daemon Server] - 2026-06-30T18:29:49.000Z - Time taken for 'hash changed files from watcher' 0.20995899999979883ms
Time for 'nx/core/project-json:createNodes' 0.9634169999917503
Time for 'nx/core/package-json:createNodes' 1.5841659999859985
Time for 'nx/js/dependencies-and-lockfile:createNodes' 6.519417000003159
[NX v21.6.11 Daemon Server] - 2026-06-30T18:29:49.016Z - Time taken for 'build-project-configs' 12.874708999996074ms
Time for 'build typescript dependencies' 2.9851250000065193
[NX v21.6.11 Daemon Server] - 2026-06-30T18:29:49.032Z - [SYNC]: collect registered sync generators
[NX v21.6.11 Daemon Server] - 2026-06-30T18:29:49.033Z - [SYNC]: project graph hash is the same, not collecting task sync generators
[NX v21.6.11 Daemon Server] - 2026-06-30T18:29:49.033Z - [SYNC]: nx.json hash is the same, not collecting global sync generators
[NX v21.6.11 Daemon Server] - 2026-06-30T18:29:49.033Z - Time taken for 'total execution time for createProjectGraph()' 18.844750000018394ms
[NX v21.6.11 Daemon Server] - 2026-06-30T18:30:00.675Z - [WATCHER]: apps/front/src/features/food-truck-locator/components/ResultCard.spec.tsx was modified
[NX v21.6.11 Daemon Server] - 2026-06-30T18:30:00.676Z - [WATCHER]: Processing file changes in outputs
[NX v21.6.11 Daemon Server] - 2026-06-30T18:30:01.077Z - [REQUEST]: Updated workspace context based on watched changes, recomputing project graph...
[NX v21.6.11 Daemon Server] - 2026-06-30T18:30:01.077Z - [REQUEST]: apps/front/src/features/food-truck-locator/components/ResultCard.spec.tsx
[NX v21.6.11 Daemon Server] - 2026-06-30T18:30:01.077Z - [REQUEST]: 
[NX v21.6.11 Daemon Server] - 2026-06-30T18:30:01.078Z - Time taken for 'hash changed files from watcher' 0.15820900001563132ms
Time for 'nx/core/package-json:createNodes' 0.8588329999765847
Time for 'nx/core/project-json:createNodes' 2.013249999989057
Time for 'nx/js/dependencies-and-lockfile:createNodes' 5.134500000014668
[NX v21.6.11 Daemon Server] - 2026-06-30T18:30:01.092Z - Time taken for 'build-project-configs' 10.06349999998929ms
Time for 'build typescript dependencies' 2.2997919999761507
[NX v21.6.11 Daemon Server] - 2026-06-30T18:30:01.114Z - [SYNC]: collect registered sync generators
[NX v21.6.11 Daemon Server] - 2026-06-30T18:30:01.114Z - [SYNC]: project graph hash is the same, not collecting task sync generators
[NX v21.6.11 Daemon Server] - 2026-06-30T18:30:01.114Z - [SYNC]: nx.json hash is the same, not collecting global sync generators
[NX v21.6.11 Daemon Server] - 2026-06-30T18:30:01.114Z - Time taken for 'total execution time for createProjectGraph()' 23.32841700001154ms
[NX v21.6.11 Daemon Server] - 2026-06-30T18:30:13.602Z - Established a connection. Number of open connections: 1
[NX v21.6.11 Daemon Server] - 2026-06-30T18:30:13.602Z - Established a connection. Number of open connections: 2
[NX v21.6.11 Daemon Server] - 2026-06-30T18:30:13.603Z - Closed a connection. Number of open connections: 1
[NX v21.6.11 Daemon Server] - 2026-06-30T18:30:13.604Z - [REQUEST]: Client Request for Project Graph Received
[NX v21.6.11 Daemon Server] - 2026-06-30T18:30:13.605Z - Reusing in-memory cached project graph because no files changed.
[NX v21.6.11 Daemon Server] - 2026-06-30T18:30:13.609Z - Wrote project graph cache to /Users/leonardosegars/Repos/foodtrack/.nx/workspace-data/project-graph.json
[NX v21.6.11 Daemon Server] - 2026-06-30T18:30:13.609Z - [REQUEST]: Responding to the client. project-graph
[NX v21.6.11 Daemon Server] - 2026-06-30T18:30:13.610Z - Time taken for 'total for creating and serializing project graph' 4.789791999995941ms
[NX v21.6.11 Daemon Server] - 2026-06-30T18:30:13.612Z - Done responding to the client project-graph
[NX v21.6.11 Daemon Server] - 2026-06-30T18:30:13.612Z - Handled REQUEST_PROJECT_GRAPH. Handling time: 5. Response time: 3.
[NX v21.6.11 Daemon Server] - 2026-06-30T18:30:13.616Z - [REQUEST]: Responding to the client. handleRunPreTasksExecution
[NX v21.6.11 Daemon Server] - 2026-06-30T18:30:13.616Z - Done responding to the client handleRunPreTasksExecution
[NX v21.6.11 Daemon Server] - 2026-06-30T18:30:13.616Z - Handled PRE_TASKS_EXECUTION. Handling time: 0. Response time: 0.
[NX v21.6.11 Daemon Server] - 2026-06-30T18:30:13.616Z - Time taken for 'preTasksExecution' 0.09220899999490939ms
[NX v21.6.11 Daemon Server] - 2026-06-30T18:30:13.656Z - Reusing in-memory cached project graph because no files changed.
[NX v21.6.11 Daemon Server] - 2026-06-30T18:30:13.662Z - Wrote project graph cache to /Users/leonardosegars/Repos/foodtrack/.nx/workspace-data/project-graph.json
DEBUG nx::native::tasks::hash_planner: get_plans_internal COMPLETED in 2.271708ms - processed 1 tasks (setup: 2.080208ms, parallel_planning: 187.625µs)
DEBUG nx::native::tasks::hashers::hash_workspace_files: Hashing workspace fileset{cache_key="nx.json,.gitignore,.nxignore"}: Adding "6093914340072391811" (".gitignore") to hash
DEBUG nx::native::tasks::hashers::hash_workspace_files: Hashing workspace fileset{cache_key="nx.json,.gitignore,.nxignore"}: Adding "1132752945439744087" ("nx.json") to hash
DEBUG nx::native::tasks::hashers::hash_workspace_files: Hashing workspace fileset{cache_key="nx.json,.gitignore,.nxignore"}: Hash Value: "3983678509802823269"
DEBUG nx::native::tasks::task_hasher: hash_plans COMPLETED in 1.40325ms - processed 1 plans (setup: 211.875µs, hashing: 1.190375ms, assembly: 393.209µs)
[NX v21.6.11 Daemon Server] - 2026-06-30T18:30:13.671Z - [REQUEST]: Responding to the client. handleHashTasks
[NX v21.6.11 Daemon Server] - 2026-06-30T18:30:13.671Z - Time taken for 'write cache' 5.718082999985199ms
[NX v21.6.11 Daemon Server] - 2026-06-30T18:30:13.671Z - Done responding to the client handleHashTasks
[NX v21.6.11 Daemon Server] - 2026-06-30T18:30:13.671Z - Handled HASH_TASKS. Handling time: 15. Response time: 0.
[NX v21.6.11 Daemon Server] - 2026-06-30T18:30:13.741Z - [REQUEST]: Responding to the client. handleGetEstimatedTaskTimings
[NX v21.6.11 Daemon Server] - 2026-06-30T18:30:13.741Z - Done responding to the client handleGetEstimatedTaskTimings
[NX v21.6.11 Daemon Server] - 2026-06-30T18:30:13.741Z - Handled GET_ESTIMATED_TASK_TIMINGS. Handling time: 1. Response time: 0.
[NX v21.6.11 Daemon Server] - 2026-06-30T18:30:14.518Z - [REQUEST]: Responding to the client. recordOutputsHash
[NX v21.6.11 Daemon Server] - 2026-06-30T18:30:14.518Z - Done responding to the client recordOutputsHash
[NX v21.6.11 Daemon Server] - 2026-06-30T18:30:14.518Z - Handled RECORD_OUTPUTS_HASH. Handling time: 0. Response time: 0.
[NX v21.6.11 Daemon Server] - 2026-06-30T18:30:14.520Z - [REQUEST]: Responding to the client. handleRecordTaskRuns
[NX v21.6.11 Daemon Server] - 2026-06-30T18:30:14.520Z - Done responding to the client handleRecordTaskRuns
[NX v21.6.11 Daemon Server] - 2026-06-30T18:30:14.520Z - Handled RECORD_TASK_RUNS. Handling time: 0. Response time: 0.
[NX v21.6.11 Daemon Server] - 2026-06-30T18:30:14.520Z - [REQUEST]: Responding to the client. handleGetFlakyTasks
[NX v21.6.11 Daemon Server] - 2026-06-30T18:30:14.520Z - Done responding to the client handleGetFlakyTasks
[NX v21.6.11 Daemon Server] - 2026-06-30T18:30:14.520Z - Handled GET_FLAKY_TASKS. Handling time: 0. Response time: 0.
[NX v21.6.11 Daemon Server] - 2026-06-30T18:30:14.627Z - [REQUEST]: Responding to the client. handleRunPostTasksExecution
[NX v21.6.11 Daemon Server] - 2026-06-30T18:30:14.627Z - Done responding to the client handleRunPostTasksExecution
[NX v21.6.11 Daemon Server] - 2026-06-30T18:30:14.627Z - Handled POST_TASKS_EXECUTION. Handling time: 0. Response time: 0.
[NX v21.6.11 Daemon Server] - 2026-06-30T18:30:14.627Z - Time taken for 'postTasksExecution' 0.06104099997901358ms
[NX v21.6.11 Daemon Server] - 2026-06-30T18:30:14.630Z - Closed a connection. Number of open connections: 0
[NX v21.6.11 Daemon Server] - 2026-06-30T18:30:43.623Z - [WATCHER]: Processing file changes in outputs
[NX v21.6.11 Daemon Server] - 2026-06-30T18:30:43.626Z - [WATCHER]: .kiro/specs/food-truck-locator/tasks.meta.json was modified
[NX v21.6.11 Daemon Server] - 2026-06-30T18:30:43.749Z - [REQUEST]: Updated workspace context based on watched changes, recomputing project graph...
[NX v21.6.11 Daemon Server] - 2026-06-30T18:30:43.749Z - [REQUEST]: .kiro/specs/food-truck-locator/tasks.meta.json
[NX v21.6.11 Daemon Server] - 2026-06-30T18:30:43.749Z - [REQUEST]: 
[NX v21.6.11 Daemon Server] - 2026-06-30T18:30:43.762Z - Time taken for 'hash changed files from watcher' 8.409665999992285ms
Time for 'nx/core/package-json:createNodes' 1.575416999985464
Time for 'nx/core/project-json:createNodes' 8.04320800001733
Time for 'nx/js/dependencies-and-lockfile:createNodes' 18.005750000011176
[NX v21.6.11 Daemon Server] - 2026-06-30T18:30:43.794Z - Time taken for 'build-project-configs' 32.21037499999511ms
Time for 'build typescript dependencies' 0.03475000002072193
[NX v21.6.11 Daemon Server] - 2026-06-30T18:30:43.808Z - [SYNC]: collect registered sync generators
[NX v21.6.11 Daemon Server] - 2026-06-30T18:30:43.808Z - [SYNC]: project graph hash is the same, not collecting task sync generators
[NX v21.6.11 Daemon Server] - 2026-06-30T18:30:43.808Z - [SYNC]: nx.json hash is the same, not collecting global sync generators
[NX v21.6.11 Daemon Server] - 2026-06-30T18:30:43.808Z - Time taken for 'total execution time for createProjectGraph()' 16.597624999994878ms
[NX v21.6.11 Daemon Server] - 2026-06-30T18:31:25.290Z - [WATCHER]: apps/front/src/features/food-truck-locator/FoodTruckLocator.spec.tsx was created or restored
[NX v21.6.11 Daemon Server] - 2026-06-30T18:31:25.291Z - [WATCHER]: Processing file changes in outputs
[NX v21.6.11 Daemon Server] - 2026-06-30T18:31:25.392Z - [REQUEST]: Updated workspace context based on watched changes, recomputing project graph...
[NX v21.6.11 Daemon Server] - 2026-06-30T18:31:25.392Z - [REQUEST]: apps/front/src/features/food-truck-locator/FoodTruckLocator.spec.tsx
[NX v21.6.11 Daemon Server] - 2026-06-30T18:31:25.392Z - [REQUEST]: 
[NX v21.6.11 Daemon Server] - 2026-06-30T18:31:25.394Z - Time taken for 'hash changed files from watcher' 0.17758399999001995ms
Time for 'nx/core/project-json:createNodes' 3.180208000005223
Time for 'nx/core/package-json:createNodes' 3.332290999998804
Time for 'nx/js/dependencies-and-lockfile:createNodes' 14.210583000007318
[NX v21.6.11 Daemon Server] - 2026-06-30T18:31:25.419Z - Time taken for 'build-project-configs' 21.078750000015134ms
Time for 'build typescript dependencies' 2.2540419999859296
[NX v21.6.11 Daemon Server] - 2026-06-30T18:31:25.439Z - [SYNC]: collect registered sync generators
[NX v21.6.11 Daemon Server] - 2026-06-30T18:31:25.440Z - [SYNC]: project graph hash is the same, not collecting task sync generators
[NX v21.6.11 Daemon Server] - 2026-06-30T18:31:25.440Z - [SYNC]: nx.json hash is the same, not collecting global sync generators
[NX v21.6.11 Daemon Server] - 2026-06-30T18:31:25.440Z - Time taken for 'total execution time for createProjectGraph()' 23.20000000001164ms
[NX v21.6.11 Daemon Server] - 2026-06-30T18:33:00.861Z - Established a connection. Number of open connections: 1
[NX v21.6.11 Daemon Server] - 2026-06-30T18:33:00.862Z - Established a connection. Number of open connections: 2
[NX v21.6.11 Daemon Server] - 2026-06-30T18:33:00.862Z - Closed a connection. Number of open connections: 1
[NX v21.6.11 Daemon Server] - 2026-06-30T18:33:00.864Z - [REQUEST]: Client Request for Project Graph Received
[NX v21.6.11 Daemon Server] - 2026-06-30T18:33:00.865Z - Reusing in-memory cached project graph because no files changed.
[NX v21.6.11 Daemon Server] - 2026-06-30T18:33:00.868Z - Wrote project graph cache to /Users/leonardosegars/Repos/foodtrack/.nx/workspace-data/project-graph.json
[NX v21.6.11 Daemon Server] - 2026-06-30T18:33:00.869Z - [REQUEST]: Responding to the client. project-graph
[NX v21.6.11 Daemon Server] - 2026-06-30T18:33:00.870Z - Time taken for 'total for creating and serializing project graph' 4.395749999966938ms
[NX v21.6.11 Daemon Server] - 2026-06-30T18:33:00.871Z - Done responding to the client project-graph
[NX v21.6.11 Daemon Server] - 2026-06-30T18:33:00.872Z - Handled REQUEST_PROJECT_GRAPH. Handling time: 5. Response time: 3.
[NX v21.6.11 Daemon Server] - 2026-06-30T18:33:00.875Z - [REQUEST]: Responding to the client. handleRunPreTasksExecution
[NX v21.6.11 Daemon Server] - 2026-06-30T18:33:00.875Z - Done responding to the client handleRunPreTasksExecution
[NX v21.6.11 Daemon Server] - 2026-06-30T18:33:00.876Z - Handled PRE_TASKS_EXECUTION. Handling time: 0. Response time: 1.
[NX v21.6.11 Daemon Server] - 2026-06-30T18:33:00.876Z - Time taken for 'preTasksExecution' 0.09254199999850243ms
[NX v21.6.11 Daemon Server] - 2026-06-30T18:33:00.913Z - Reusing in-memory cached project graph because no files changed.
[NX v21.6.11 Daemon Server] - 2026-06-30T18:33:00.920Z - Wrote project graph cache to /Users/leonardosegars/Repos/foodtrack/.nx/workspace-data/project-graph.json
DEBUG nx::native::tasks::hash_planner: get_plans_internal COMPLETED in 2.835125ms - processed 1 tasks (setup: 2.639708ms, parallel_planning: 185.709µs)
DEBUG nx::native::tasks::hashers::hash_workspace_files: Hashing workspace fileset{cache_key="nx.json,.gitignore,.nxignore"}: Adding "6093914340072391811" (".gitignore") to hash
DEBUG nx::native::tasks::hashers::hash_workspace_files: Hashing workspace fileset{cache_key="nx.json,.gitignore,.nxignore"}: Adding "1132752945439744087" ("nx.json") to hash
DEBUG nx::native::tasks::hashers::hash_workspace_files: Hashing workspace fileset{cache_key="nx.json,.gitignore,.nxignore"}: Hash Value: "3983678509802823269"
DEBUG nx::native::tasks::task_hasher: hash_plans COMPLETED in 1.325042ms - processed 1 plans (setup: 201.584µs, hashing: 1.122666ms, assembly: 407.041µs)
[NX v21.6.11 Daemon Server] - 2026-06-30T18:33:00.929Z - [REQUEST]: Responding to the client. handleHashTasks
[NX v21.6.11 Daemon Server] - 2026-06-30T18:33:00.930Z - Time taken for 'write cache' 6.935332999972161ms
[NX v21.6.11 Daemon Server] - 2026-06-30T18:33:00.930Z - Done responding to the client handleHashTasks
[NX v21.6.11 Daemon Server] - 2026-06-30T18:33:00.930Z - Handled HASH_TASKS. Handling time: 16. Response time: 1.
[NX v21.6.11 Daemon Server] - 2026-06-30T18:33:00.972Z - [REQUEST]: Responding to the client. handleGetEstimatedTaskTimings
[NX v21.6.11 Daemon Server] - 2026-06-30T18:33:00.972Z - Done responding to the client handleGetEstimatedTaskTimings
[NX v21.6.11 Daemon Server] - 2026-06-30T18:33:00.973Z - Handled GET_ESTIMATED_TASK_TIMINGS. Handling time: 0. Response time: 1.
[NX v21.6.11 Daemon Server] - 2026-06-30T18:33:01.735Z - [REQUEST]: Responding to the client. recordOutputsHash
[NX v21.6.11 Daemon Server] - 2026-06-30T18:33:01.735Z - Done responding to the client recordOutputsHash
[NX v21.6.11 Daemon Server] - 2026-06-30T18:33:01.736Z - Handled RECORD_OUTPUTS_HASH. Handling time: 0. Response time: 1.
[NX v21.6.11 Daemon Server] - 2026-06-30T18:33:01.738Z - [REQUEST]: Responding to the client. handleRecordTaskRuns
[NX v21.6.11 Daemon Server] - 2026-06-30T18:33:01.738Z - Done responding to the client handleRecordTaskRuns
[NX v21.6.11 Daemon Server] - 2026-06-30T18:33:01.738Z - Handled RECORD_TASK_RUNS. Handling time: 0. Response time: 0.
[NX v21.6.11 Daemon Server] - 2026-06-30T18:33:01.739Z - [REQUEST]: Responding to the client. handleGetFlakyTasks
[NX v21.6.11 Daemon Server] - 2026-06-30T18:33:01.739Z - Done responding to the client handleGetFlakyTasks
[NX v21.6.11 Daemon Server] - 2026-06-30T18:33:01.739Z - Handled GET_FLAKY_TASKS. Handling time: 1. Response time: 0.
[NX v21.6.11 Daemon Server] - 2026-06-30T18:33:01.846Z - [REQUEST]: Responding to the client. handleRunPostTasksExecution
[NX v21.6.11 Daemon Server] - 2026-06-30T18:33:01.846Z - Done responding to the client handleRunPostTasksExecution
[NX v21.6.11 Daemon Server] - 2026-06-30T18:33:01.846Z - Handled POST_TASKS_EXECUTION. Handling time: 0. Response time: 0.
[NX v21.6.11 Daemon Server] - 2026-06-30T18:33:01.846Z - Time taken for 'postTasksExecution' 0.1527079999796115ms
[NX v21.6.11 Daemon Server] - 2026-06-30T18:33:01.850Z - Closed a connection. Number of open connections: 0
[NX v21.6.11 Daemon Server] - 2026-06-30T18:33:37.303Z - [WATCHER]: 0 file(s) created or restored, 2 file(s) modified, 0 file(s) deleted
[NX v21.6.11 Daemon Server] - 2026-06-30T18:33:37.303Z - [WATCHER]: Processing file changes in outputs
[NX v21.6.11 Daemon Server] - 2026-06-30T18:33:37.406Z - [REQUEST]: Updated workspace context based on watched changes, recomputing project graph...
[NX v21.6.11 Daemon Server] - 2026-06-30T18:33:37.406Z - [REQUEST]: .kiro/specs/food-truck-locator/tasks.meta.json,.kiro/specs/food-truck-locator/tasks.md
[NX v21.6.11 Daemon Server] - 2026-06-30T18:33:37.406Z - [REQUEST]: 
[NX v21.6.11 Daemon Server] - 2026-06-30T18:33:37.409Z - Time taken for 'hash changed files from watcher' 0.35704099998110905ms
Time for 'nx/core/package-json:createNodes' 8.64916600001743
Time for 'nx/core/project-json:createNodes' 7.504332999989856
Time for 'nx/js/dependencies-and-lockfile:createNodes' 33.505999999993946
[NX v21.6.11 Daemon Server] - 2026-06-30T18:33:37.467Z - Time taken for 'build-project-configs' 56.17095800000243ms
Time for 'build typescript dependencies' 0.01937499997438863
[NX v21.6.11 Daemon Server] - 2026-06-30T18:33:37.480Z - [SYNC]: collect registered sync generators
[NX v21.6.11 Daemon Server] - 2026-06-30T18:33:37.480Z - [SYNC]: project graph hash is the same, not collecting task sync generators
[NX v21.6.11 Daemon Server] - 2026-06-30T18:33:37.480Z - [SYNC]: nx.json hash is the same, not collecting global sync generators
[NX v21.6.11 Daemon Server] - 2026-06-30T18:33:37.480Z - Time taken for 'total execution time for createProjectGraph()' 14.741291999991518ms
[NX v21.6.11 Daemon Server] - 2026-06-30T18:33:38.278Z - [WATCHER]: Processing file changes in outputs
[NX v21.6.11 Daemon Server] - 2026-06-30T18:33:38.280Z - [WATCHER]: 0 file(s) created or restored, 2 file(s) modified, 0 file(s) deleted
[NX v21.6.11 Daemon Server] - 2026-06-30T18:33:38.362Z - [WATCHER]: Processing file changes in outputs
[NX v21.6.11 Daemon Server] - 2026-06-30T18:33:38.365Z - [WATCHER]: 0 file(s) created or restored, 2 file(s) modified, 0 file(s) deleted
[NX v21.6.11 Daemon Server] - 2026-06-30T18:33:38.482Z - [REQUEST]: Updated workspace context based on watched changes, recomputing project graph...
[NX v21.6.11 Daemon Server] - 2026-06-30T18:33:38.482Z - [REQUEST]: .kiro/specs/food-truck-locator/tasks.meta.json,.kiro/specs/food-truck-locator/tasks.md
[NX v21.6.11 Daemon Server] - 2026-06-30T18:33:38.482Z - [REQUEST]: 
[NX v21.6.11 Daemon Server] - 2026-06-30T18:33:38.483Z - Time taken for 'hash changed files from watcher' 0.17137499997625127ms
Time for 'nx/core/package-json:createNodes' 0.2897499999962747
Time for 'nx/core/project-json:createNodes' 0.2600409999722615
Time for 'nx/js/dependencies-and-lockfile:createNodes' 5.923582999967039
[NX v21.6.11 Daemon Server] - 2026-06-30T18:33:38.496Z - Time taken for 'build-project-configs' 10.17108299996471ms
Time for 'build typescript dependencies' 0.014832999964710325
[NX v21.6.11 Daemon Server] - 2026-06-30T18:33:38.508Z - [SYNC]: collect registered sync generators
[NX v21.6.11 Daemon Server] - 2026-06-30T18:33:38.509Z - [SYNC]: project graph hash is the same, not collecting task sync generators
[NX v21.6.11 Daemon Server] - 2026-06-30T18:33:38.509Z - [SYNC]: nx.json hash is the same, not collecting global sync generators
[NX v21.6.11 Daemon Server] - 2026-06-30T18:33:38.509Z - Time taken for 'total execution time for createProjectGraph()' 13.955415999982506ms
[NX v21.6.11 Daemon Server] - 2026-06-30T18:33:43.499Z - [WATCHER]: .kiro/specs/food-truck-locator/tasks.md was modified
[NX v21.6.11 Daemon Server] - 2026-06-30T18:33:43.500Z - [WATCHER]: Processing file changes in outputs
[NX v21.6.11 Daemon Server] - 2026-06-30T18:33:43.540Z - [WATCHER]: .kiro/specs/food-truck-locator/tasks.meta.json was modified
[NX v21.6.11 Daemon Server] - 2026-06-30T18:33:43.540Z - [WATCHER]: Processing file changes in outputs
[NX v21.6.11 Daemon Server] - 2026-06-30T18:33:43.900Z - [REQUEST]: Updated workspace context based on watched changes, recomputing project graph...
[NX v21.6.11 Daemon Server] - 2026-06-30T18:33:43.900Z - [REQUEST]: .kiro/specs/food-truck-locator/tasks.md,.kiro/specs/food-truck-locator/tasks.meta.json
[NX v21.6.11 Daemon Server] - 2026-06-30T18:33:43.900Z - [REQUEST]: 
[NX v21.6.11 Daemon Server] - 2026-06-30T18:33:43.901Z - Time taken for 'hash changed files from watcher' 0.2575840000063181ms
Time for 'nx/core/project-json:createNodes' 0.9561669999966398
Time for 'nx/core/package-json:createNodes' 1.3409999999566935
Time for 'nx/js/dependencies-and-lockfile:createNodes' 17.987375000026077
[NX v21.6.11 Daemon Server] - 2026-06-30T18:33:43.934Z - Time taken for 'build-project-configs' 28.937166999967303ms
Time for 'build typescript dependencies' 0.021874999976716936
[NX v21.6.11 Daemon Server] - 2026-06-30T18:33:43.946Z - [SYNC]: collect registered sync generators
[NX v21.6.11 Daemon Server] - 2026-06-30T18:33:43.947Z - [SYNC]: project graph hash is the same, not collecting task sync generators
[NX v21.6.11 Daemon Server] - 2026-06-30T18:33:43.947Z - [SYNC]: nx.json hash is the same, not collecting global sync generators
[NX v21.6.11 Daemon Server] - 2026-06-30T18:33:43.947Z - Time taken for 'total execution time for createProjectGraph()' 15.027208999963477ms
[NX v21.6.11 Daemon Server] - 2026-06-30T18:33:44.170Z - [WATCHER]: 0 file(s) created or restored, 2 file(s) modified, 0 file(s) deleted
[NX v21.6.11 Daemon Server] - 2026-06-30T18:33:44.170Z - [WATCHER]: Processing file changes in outputs
[NX v21.6.11 Daemon Server] - 2026-06-30T18:33:44.971Z - [REQUEST]: Updated workspace context based on watched changes, recomputing project graph...
[NX v21.6.11 Daemon Server] - 2026-06-30T18:33:44.971Z - [REQUEST]: .kiro/specs/food-truck-locator/tasks.md,.kiro/specs/food-truck-locator/tasks.meta.json
[NX v21.6.11 Daemon Server] - 2026-06-30T18:33:44.971Z - [REQUEST]: 
Time for 'nx/core/package-json:createNodes' 0.2636250000214204
[NX v21.6.11 Daemon Server] - 2026-06-30T18:33:44.973Z - Time taken for 'hash changed files from watcher' 0.22404100000858307ms
Time for 'nx/core/project-json:createNodes' 0.20829199999570847
Time for 'nx/js/dependencies-and-lockfile:createNodes' 3.1538329999893904
[NX v21.6.11 Daemon Server] - 2026-06-30T18:33:44.983Z - Time taken for 'build-project-configs' 7.582000000053085ms
Time for 'build typescript dependencies' 0.015750000020489097
[NX v21.6.11 Daemon Server] - 2026-06-30T18:33:44.994Z - [SYNC]: collect registered sync generators
[NX v21.6.11 Daemon Server] - 2026-06-30T18:33:44.994Z - [SYNC]: project graph hash is the same, not collecting task sync generators
[NX v21.6.11 Daemon Server] - 2026-06-30T18:33:44.994Z - [SYNC]: nx.json hash is the same, not collecting global sync generators
[NX v21.6.11 Daemon Server] - 2026-06-30T18:33:44.994Z - Time taken for 'total execution time for createProjectGraph()' 12.97204199997941ms
[NX v21.6.11 Daemon Server] - 2026-06-30T18:34:55.953Z - [WATCHER]: docker-compose.yml was modified
[NX v21.6.11 Daemon Server] - 2026-06-30T18:34:55.954Z - [WATCHER]: Processing file changes in outputs
[NX v21.6.11 Daemon Server] - 2026-06-30T18:34:57.556Z - [REQUEST]: Updated workspace context based on watched changes, recomputing project graph...
[NX v21.6.11 Daemon Server] - 2026-06-30T18:34:57.556Z - [REQUEST]: docker-compose.yml
[NX v21.6.11 Daemon Server] - 2026-06-30T18:34:57.556Z - [REQUEST]: 
[NX v21.6.11 Daemon Server] - 2026-06-30T18:34:57.559Z - Time taken for 'hash changed files from watcher' 0.5232919999980368ms
Time for 'nx/core/package-json:createNodes' 3.001916999986861
Time for 'nx/core/project-json:createNodes' 2.722375000012107
Time for 'nx/js/dependencies-and-lockfile:createNodes' 11.078417000011541
[NX v21.6.11 Daemon Server] - 2026-06-30T18:34:57.581Z - Time taken for 'build-project-configs' 19.709625000017695ms
Time for 'build typescript dependencies' 0.01791699999012053
[NX v21.6.11 Daemon Server] - 2026-06-30T18:34:57.593Z - [SYNC]: collect registered sync generators
[NX v21.6.11 Daemon Server] - 2026-06-30T18:34:57.593Z - [SYNC]: project graph hash is the same, not collecting task sync generators
[NX v21.6.11 Daemon Server] - 2026-06-30T18:34:57.593Z - [SYNC]: nx.json hash is the same, not collecting global sync generators
[NX v21.6.11 Daemon Server] - 2026-06-30T18:34:57.593Z - Time taken for 'total execution time for createProjectGraph()' 13.883583000046201ms
[NX v21.6.11 Daemon Server] - 2026-06-30T18:35:03.457Z - [WATCHER]: .env.example was modified
[NX v21.6.11 Daemon Server] - 2026-06-30T18:35:03.458Z - [WATCHER]: Processing file changes in outputs
[NX v21.6.11 Daemon Server] - 2026-06-30T18:35:06.659Z - [REQUEST]: Updated workspace context based on watched changes, recomputing project graph...
[NX v21.6.11 Daemon Server] - 2026-06-30T18:35:06.659Z - [REQUEST]: .env.example
[NX v21.6.11 Daemon Server] - 2026-06-30T18:35:06.659Z - [REQUEST]: 
[NX v21.6.11 Daemon Server] - 2026-06-30T18:35:06.664Z - Time taken for 'hash changed files from watcher' 0.26316699996823445ms
Time for 'nx/core/package-json:createNodes' 5.327958000008948
Time for 'nx/core/project-json:createNodes' 5.625499999965541
Time for 'nx/js/dependencies-and-lockfile:createNodes' 13.379749999963678
[NX v21.6.11 Daemon Server] - 2026-06-30T18:35:06.698Z - Time taken for 'build-project-configs' 30.76874999998836ms
Time for 'build typescript dependencies' 0.02825000003213063
[NX v21.6.11 Daemon Server] - 2026-06-30T18:35:06.713Z - [SYNC]: collect registered sync generators
[NX v21.6.11 Daemon Server] - 2026-06-30T18:35:06.713Z - [SYNC]: project graph hash is the same, not collecting task sync generators
[NX v21.6.11 Daemon Server] - 2026-06-30T18:35:06.713Z - [SYNC]: nx.json hash is the same, not collecting global sync generators
[NX v21.6.11 Daemon Server] - 2026-06-30T18:35:06.715Z - Time taken for 'total execution time for createProjectGraph()' 16.8777499999851ms
[NX v21.6.11 Daemon Server] - 2026-06-30T18:35:16.682Z - [WATCHER]: Processing file changes in outputs
[NX v21.6.11 Daemon Server] - 2026-06-30T18:35:26.872Z - [WATCHER]: Processing file changes in outputs
[NX v21.6.11 Daemon Server] - 2026-06-30T18:35:26.873Z - [WATCHER]: Stopping the watcher for /Users/leonardosegars/Repos/foodtrack (sources)
[NX v21.6.11 Daemon Server] - 2026-06-30T18:35:26.873Z - [WATCHER]: Stopping the watcher for /Users/leonardosegars/Repos/foodtrack (outputs)
[NX v21.6.11 Daemon Server] - 2026-06-30T18:35:26.876Z - Server stopped because: "LOCK_FILES_CHANGED"
[NX v21.6.11 Daemon Server] - 2026-06-30T18:36:46.948Z - Started listening on: /private/var/folders/x6/5jp8k3c557z3j1_fs2kdgs9h0000gn/T/d0686dd68821c042e245/d.sock
[NX v21.6.11 Daemon Server] - 2026-06-30T18:36:46.951Z - [WATCHER]: Subscribed to changes within: /Users/leonardosegars/Repos/foodtrack (native)
[NX v21.6.11 Daemon Server] - 2026-06-30T18:36:46.952Z - Established a connection. Number of open connections: 1
[NX v21.6.11 Daemon Server] - 2026-06-30T18:36:46.953Z - Established a connection. Number of open connections: 2
[NX v21.6.11 Daemon Server] - 2026-06-30T18:36:46.954Z - Closed a connection. Number of open connections: 1
[NX v21.6.11 Daemon Server] - 2026-06-30T18:36:46.955Z - [REQUEST]: Client Request for Project Graph Received
[NX v21.6.11 Daemon Server] - 2026-06-30T18:36:46.959Z - Time taken for 'loadSpecifiedNxPlugins' 0.7434159999999963ms
Time for 'plugin worker 2009 code loading' 2.6464170000000014
Time for 'plugin worker 2011 code loading' 2.6248749999999994
Time for 'plugin worker 2010 code loading' 2.9446249999999985
[NX v21.6.11 Daemon Server] - 2026-06-30T18:36:47.067Z - Time taken for 'Load Nx Plugin: /Users/leonardosegars/Repos/foodtrack/node_modules/nx/src/plugins/project-json/build-nodes/project-json' 111.089875ms
[NX v21.6.11 Daemon Server] - 2026-06-30T18:36:47.070Z - Time taken for 'Load Nx Plugin: /Users/leonardosegars/Repos/foodtrack/node_modules/nx/src/plugins/package-json' 113.66837499999998ms
[NX v21.6.11 Daemon Server] - 2026-06-30T18:36:47.082Z - [REQUEST]: Updated workspace context based on watched changes, recomputing project graph...
[NX v21.6.11 Daemon Server] - 2026-06-30T18:36:47.082Z - [REQUEST]: 
[NX v21.6.11 Daemon Server] - 2026-06-30T18:36:47.082Z - [REQUEST]: 
[NX v21.6.11 Daemon Server] - 2026-06-30T18:36:47.084Z - No files changed, but no in-memory cached project graph found. Recomputing it...
[NX v21.6.11 Daemon Server] - 2026-06-30T18:36:47.087Z - Time taken for 'loadDefaultNxPlugins' 125.750542ms
Time for 'nx/core/project-json:createNodes' 1.0120840000000015
Time for 'nx/core/package-json:createNodes' 1.8174589999999995
Time for 'nx/js/dependencies-and-lockfile:createNodes' 295.768625
[NX v21.6.11 Daemon Server] - 2026-06-30T18:36:47.406Z - Time taken for 'build-project-configs' 307.036375ms
Time for 'build typescript dependencies' 133.37099999999998
[NX v21.6.11 Daemon Server] - 2026-06-30T18:36:47.561Z - [SYNC]: collect registered sync generators
[NX v21.6.11 Daemon Server] - 2026-06-30T18:36:47.566Z - Wrote project graph cache to /Users/leonardosegars/Repos/foodtrack/.nx/workspace-data/project-graph.json
[NX v21.6.11 Daemon Server] - 2026-06-30T18:36:47.566Z - [REQUEST]: Responding to the client. project-graph
[NX v21.6.11 Daemon Server] - 2026-06-30T18:36:47.566Z - Time taken for 'total for creating and serializing project graph' 610.773334ms
[NX v21.6.11 Daemon Server] - 2026-06-30T18:36:47.568Z - Done responding to the client project-graph
[NX v21.6.11 Daemon Server] - 2026-06-30T18:36:47.568Z - Handled REQUEST_PROJECT_GRAPH. Handling time: 611. Response time: 2.
[NX v21.6.11 Daemon Server] - 2026-06-30T18:36:47.573Z - [REQUEST]: Responding to the client. handleRunPreTasksExecution
[NX v21.6.11 Daemon Server] - 2026-06-30T18:36:47.573Z - Done responding to the client handleRunPreTasksExecution
[NX v21.6.11 Daemon Server] - 2026-06-30T18:36:47.573Z - Handled PRE_TASKS_EXECUTION. Handling time: 0. Response time: 0.
[NX v21.6.11 Daemon Server] - 2026-06-30T18:36:47.573Z - Time taken for 'preTasksExecution' 0.2390420000000404ms
[NX v21.6.11 Daemon Server] - 2026-06-30T18:36:47.618Z - Reusing in-memory cached project graph because no files changed.
[NX v21.6.11 Daemon Server] - 2026-06-30T18:36:47.622Z - Wrote project graph cache to /Users/leonardosegars/Repos/foodtrack/.nx/workspace-data/project-graph.json
DEBUG nx::native::tasks::hash_planner: get_plans_internal COMPLETED in 1.975583ms - processed 1 tasks (setup: 1.279708ms, parallel_planning: 693.792µs)
DEBUG nx::native::tasks::hashers::hash_workspace_files: Hashing workspace fileset{cache_key="nx.json,.gitignore,.nxignore"}: Adding "6093914340072391811" (".gitignore") to hash
DEBUG nx::native::tasks::hashers::hash_workspace_files: Hashing workspace fileset{cache_key="nx.json,.gitignore,.nxignore"}: Adding "1132752945439744087" ("nx.json") to hash
DEBUG nx::native::tasks::hashers::hash_workspace_files: Hashing workspace fileset{cache_key="nx.json,.gitignore,.nxignore"}: Hash Value: "3983678509802823269"
DEBUG nx::native::tasks::task_hasher: hash_plans COMPLETED in 1.985417ms - processed 1 plans (setup: 421.5µs, hashing: 1.560542ms, assembly: 464.625µs)
[NX v21.6.11 Daemon Server] - 2026-06-30T18:36:47.632Z - [REQUEST]: Responding to the client. handleHashTasks
[NX v21.6.11 Daemon Server] - 2026-06-30T18:36:47.632Z - Time taken for 'write cache' 3.091209000000049ms
[NX v21.6.11 Daemon Server] - 2026-06-30T18:36:47.632Z - Done responding to the client handleHashTasks
[NX v21.6.11 Daemon Server] - 2026-06-30T18:36:47.632Z - Handled HASH_TASKS. Handling time: 14. Response time: 0.
[NX v21.6.11 Daemon Server] - 2026-06-30T18:36:47.694Z - [REQUEST]: Responding to the client. handleGetEstimatedTaskTimings
[NX v21.6.11 Daemon Server] - 2026-06-30T18:36:47.694Z - Done responding to the client handleGetEstimatedTaskTimings
[NX v21.6.11 Daemon Server] - 2026-06-30T18:36:47.694Z - Handled GET_ESTIMATED_TASK_TIMINGS. Handling time: 20. Response time: 0.
[NX v21.6.11 Daemon Server] - 2026-06-30T18:36:49.539Z - [REQUEST]: Responding to the client. recordOutputsHash
[NX v21.6.11 Daemon Server] - 2026-06-30T18:36:49.539Z - Done responding to the client recordOutputsHash
[NX v21.6.11 Daemon Server] - 2026-06-30T18:36:49.539Z - Handled RECORD_OUTPUTS_HASH. Handling time: 1. Response time: 0.
[NX v21.6.11 Daemon Server] - 2026-06-30T18:36:49.541Z - [REQUEST]: Responding to the client. handleRecordTaskRuns
[NX v21.6.11 Daemon Server] - 2026-06-30T18:36:49.541Z - Done responding to the client handleRecordTaskRuns
[NX v21.6.11 Daemon Server] - 2026-06-30T18:36:49.541Z - Handled RECORD_TASK_RUNS. Handling time: 0. Response time: 0.
[NX v21.6.11 Daemon Server] - 2026-06-30T18:36:49.542Z - [REQUEST]: Responding to the client. handleGetFlakyTasks
[NX v21.6.11 Daemon Server] - 2026-06-30T18:36:49.542Z - Done responding to the client handleGetFlakyTasks
[NX v21.6.11 Daemon Server] - 2026-06-30T18:36:49.542Z - Handled GET_FLAKY_TASKS. Handling time: 0. Response time: 0.
[NX v21.6.11 Daemon Server] - 2026-06-30T18:36:49.650Z - [REQUEST]: Responding to the client. handleRunPostTasksExecution
[NX v21.6.11 Daemon Server] - 2026-06-30T18:36:49.650Z - Done responding to the client handleRunPostTasksExecution
[NX v21.6.11 Daemon Server] - 2026-06-30T18:36:49.650Z - Handled POST_TASKS_EXECUTION. Handling time: 0. Response time: 0.
[NX v21.6.11 Daemon Server] - 2026-06-30T18:36:49.650Z - Time taken for 'postTasksExecution' 0.10270900000023175ms
[NX v21.6.11 Daemon Server] - 2026-06-30T18:36:49.656Z - Closed a connection. Number of open connections: 0
[NX v21.6.11 Daemon Server] - 2026-06-30T18:37:10.864Z - [WATCHER]: apps/front/src/router.tsx was created or restored
[NX v21.6.11 Daemon Server] - 2026-06-30T18:37:10.865Z - [WATCHER]: Processing file changes in outputs
[NX v21.6.11 Daemon Server] - 2026-06-30T18:37:10.968Z - [REQUEST]: Updated workspace context based on watched changes, recomputing project graph...
[NX v21.6.11 Daemon Server] - 2026-06-30T18:37:10.968Z - [REQUEST]: apps/front/src/router.tsx
[NX v21.6.11 Daemon Server] - 2026-06-30T18:37:10.968Z - [REQUEST]: 
[NX v21.6.11 Daemon Server] - 2026-06-30T18:37:10.977Z - Time taken for 'hash changed files from watcher' 0.5141250000015134ms
Time for 'nx/core/package-json:createNodes' 1.6739999999990687
Time for 'nx/core/project-json:createNodes' 5.268041999999696
Time for 'nx/js/dependencies-and-lockfile:createNodes' 10.065417000001617
[NX v21.6.11 Daemon Server] - 2026-06-30T18:37:11.001Z - Time taken for 'build-project-configs' 26.37054200000057ms
Time for 'build typescript dependencies' 4.388082999998005
[NX v21.6.11 Daemon Server] - 2026-06-30T18:37:11.023Z - [SYNC]: collect registered sync generators
[NX v21.6.11 Daemon Server] - 2026-06-30T18:37:11.024Z - [SYNC]: project graph hash is the same, not collecting task sync generators
[NX v21.6.11 Daemon Server] - 2026-06-30T18:37:11.024Z - [SYNC]: nx.json hash is the same, not collecting global sync generators
[NX v21.6.11 Daemon Server] - 2026-06-30T18:37:11.024Z - Time taken for 'total execution time for createProjectGraph()' 22.37908299999981ms
[NX v21.6.11 Daemon Server] - 2026-06-30T18:37:17.593Z - [WATCHER]: apps/front/src/App.tsx was created or restored
[NX v21.6.11 Daemon Server] - 2026-06-30T18:37:17.594Z - [WATCHER]: Processing file changes in outputs
[NX v21.6.11 Daemon Server] - 2026-06-30T18:37:17.695Z - [REQUEST]: Updated workspace context based on watched changes, recomputing project graph...
[NX v21.6.11 Daemon Server] - 2026-06-30T18:37:17.695Z - [REQUEST]: apps/front/src/App.tsx
[NX v21.6.11 Daemon Server] - 2026-06-30T18:37:17.695Z - [REQUEST]: 
[NX v21.6.11 Daemon Server] - 2026-06-30T18:37:17.697Z - Time taken for 'hash changed files from watcher' 0.13962500000343425ms
Time for 'nx/core/project-json:createNodes' 17.824416999999812
Time for 'nx/core/package-json:createNodes' 23.577832999999373
Time for 'nx/js/dependencies-and-lockfile:createNodes' 46.73216700000194
[NX v21.6.11 Daemon Server] - 2026-06-30T18:37:17.757Z - Time taken for 'build-project-configs' 54.89400000000023ms
Time for 'build typescript dependencies' 12.582333000002109
[NX v21.6.11 Daemon Server] - 2026-06-30T18:37:17.799Z - [SYNC]: collect registered sync generators
[NX v21.6.11 Daemon Server] - 2026-06-30T18:37:17.800Z - [SYNC]: project graph hash is the same, not collecting task sync generators
[NX v21.6.11 Daemon Server] - 2026-06-30T18:37:17.801Z - [SYNC]: nx.json hash is the same, not collecting global sync generators
[NX v21.6.11 Daemon Server] - 2026-06-30T18:37:17.801Z - Time taken for 'total execution time for createProjectGraph()' 44.739958999998635ms
[NX v21.6.11 Daemon Server] - 2026-06-30T18:37:24.472Z - [WATCHER]: apps/front/src/main.tsx was created or restored
[NX v21.6.11 Daemon Server] - 2026-06-30T18:37:24.472Z - [WATCHER]: Processing file changes in outputs
[NX v21.6.11 Daemon Server] - 2026-06-30T18:37:24.573Z - [REQUEST]: Updated workspace context based on watched changes, recomputing project graph...
[NX v21.6.11 Daemon Server] - 2026-06-30T18:37:24.573Z - [REQUEST]: apps/front/src/main.tsx
[NX v21.6.11 Daemon Server] - 2026-06-30T18:37:24.573Z - [REQUEST]: 
[NX v21.6.11 Daemon Server] - 2026-06-30T18:37:24.575Z - Time taken for 'hash changed files from watcher' 0.18633300000510644ms
Time for 'nx/core/package-json:createNodes' 1.9448749999937718
Time for 'nx/core/project-json:createNodes' 1.8096670000013546
Time for 'nx/js/dependencies-and-lockfile:createNodes' 10.295541999999841
[NX v21.6.11 Daemon Server] - 2026-06-30T18:37:24.606Z - Time taken for 'build-project-configs' 26.987082999999984ms
Time for 'build typescript dependencies' 4.591167000005953
[NX v21.6.11 Daemon Server] - 2026-06-30T18:37:24.630Z - [SYNC]: collect registered sync generators
[NX v21.6.11 Daemon Server] - 2026-06-30T18:37:24.630Z - [SYNC]: project graph hash is the same, not collecting task sync generators
[NX v21.6.11 Daemon Server] - 2026-06-30T18:37:24.630Z - [SYNC]: nx.json hash is the same, not collecting global sync generators
[NX v21.6.11 Daemon Server] - 2026-06-30T18:37:24.631Z - Time taken for 'total execution time for createProjectGraph()' 26.99250000000029ms
[NX v21.6.11 Daemon Server] - 2026-06-30T18:37:46.608Z - Established a connection. Number of open connections: 1
[NX v21.6.11 Daemon Server] - 2026-06-30T18:37:46.609Z - Established a connection. Number of open connections: 2
[NX v21.6.11 Daemon Server] - 2026-06-30T18:37:46.610Z - Closed a connection. Number of open connections: 1
[NX v21.6.11 Daemon Server] - 2026-06-30T18:37:46.612Z - [REQUEST]: Client Request for Project Graph Received
[NX v21.6.11 Daemon Server] - 2026-06-30T18:37:46.612Z - Reusing in-memory cached project graph because no files changed.
[NX v21.6.11 Daemon Server] - 2026-06-30T18:37:46.617Z - Wrote project graph cache to /Users/leonardosegars/Repos/foodtrack/.nx/workspace-data/project-graph.json
[NX v21.6.11 Daemon Server] - 2026-06-30T18:37:46.617Z - [REQUEST]: Responding to the client. project-graph
[NX v21.6.11 Daemon Server] - 2026-06-30T18:37:46.618Z - Time taken for 'total for creating and serializing project graph' 4.859000000004016ms
[NX v21.6.11 Daemon Server] - 2026-06-30T18:37:46.622Z - Done responding to the client project-graph
[NX v21.6.11 Daemon Server] - 2026-06-30T18:37:46.622Z - Handled REQUEST_PROJECT_GRAPH. Handling time: 5. Response time: 5.
[NX v21.6.11 Daemon Server] - 2026-06-30T18:37:46.626Z - [REQUEST]: Responding to the client. handleRunPreTasksExecution
[NX v21.6.11 Daemon Server] - 2026-06-30T18:37:46.626Z - Done responding to the client handleRunPreTasksExecution
[NX v21.6.11 Daemon Server] - 2026-06-30T18:37:46.626Z - Handled PRE_TASKS_EXECUTION. Handling time: 0. Response time: 0.
[NX v21.6.11 Daemon Server] - 2026-06-30T18:37:46.626Z - Time taken for 'preTasksExecution' 0.13429200000246055ms
[NX v21.6.11 Daemon Server] - 2026-06-30T18:37:46.672Z - Reusing in-memory cached project graph because no files changed.
[NX v21.6.11 Daemon Server] - 2026-06-30T18:37:46.676Z - Wrote project graph cache to /Users/leonardosegars/Repos/foodtrack/.nx/workspace-data/project-graph.json
DEBUG nx::native::tasks::hash_planner: get_plans_internal COMPLETED in 1.631583ms - processed 1 tasks (setup: 1.42325ms, parallel_planning: 205.292µs)
DEBUG nx::native::tasks::hashers::hash_workspace_files: Hashing workspace fileset{cache_key="nx.json,.gitignore,.nxignore"}: Adding "6093914340072391811" (".gitignore") to hash
DEBUG nx::native::tasks::hashers::hash_workspace_files: Hashing workspace fileset{cache_key="nx.json,.gitignore,.nxignore"}: Adding "1132752945439744087" ("nx.json") to hash
DEBUG nx::native::tasks::hashers::hash_workspace_files: Hashing workspace fileset{cache_key="nx.json,.gitignore,.nxignore"}: Hash Value: "3983678509802823269"
DEBUG nx::native::tasks::task_hasher: hash_plans COMPLETED in 1.699458ms - processed 1 plans (setup: 225.5µs, hashing: 1.472667ms, assembly: 578.708µs)
[NX v21.6.11 Daemon Server] - 2026-06-30T18:37:46.684Z - [REQUEST]: Responding to the client. handleHashTasks
[NX v21.6.11 Daemon Server] - 2026-06-30T18:37:46.684Z - Time taken for 'write cache' 3.36083299999882ms
[NX v21.6.11 Daemon Server] - 2026-06-30T18:37:46.685Z - Done responding to the client handleHashTasks
[NX v21.6.11 Daemon Server] - 2026-06-30T18:37:46.685Z - Handled HASH_TASKS. Handling time: 12. Response time: 1.
[NX v21.6.11 Daemon Server] - 2026-06-30T18:37:46.730Z - [REQUEST]: Responding to the client. handleGetEstimatedTaskTimings
[NX v21.6.11 Daemon Server] - 2026-06-30T18:37:46.730Z - Done responding to the client handleGetEstimatedTaskTimings
[NX v21.6.11 Daemon Server] - 2026-06-30T18:37:46.731Z - Handled GET_ESTIMATED_TASK_TIMINGS. Handling time: 0. Response time: 1.
[NX v21.6.11 Daemon Server] - 2026-06-30T18:37:47.502Z - [REQUEST]: Responding to the client. recordOutputsHash
[NX v21.6.11 Daemon Server] - 2026-06-30T18:37:47.502Z - Done responding to the client recordOutputsHash
[NX v21.6.11 Daemon Server] - 2026-06-30T18:37:47.502Z - Handled RECORD_OUTPUTS_HASH. Handling time: 0. Response time: 0.
[NX v21.6.11 Daemon Server] - 2026-06-30T18:37:47.505Z - [REQUEST]: Responding to the client. handleRecordTaskRuns
[NX v21.6.11 Daemon Server] - 2026-06-30T18:37:47.505Z - Done responding to the client handleRecordTaskRuns
[NX v21.6.11 Daemon Server] - 2026-06-30T18:37:47.505Z - Handled RECORD_TASK_RUNS. Handling time: 1. Response time: 0.
[NX v21.6.11 Daemon Server] - 2026-06-30T18:37:47.505Z - [REQUEST]: Responding to the client. handleGetFlakyTasks
[NX v21.6.11 Daemon Server] - 2026-06-30T18:37:47.505Z - Done responding to the client handleGetFlakyTasks
[NX v21.6.11 Daemon Server] - 2026-06-30T18:37:47.505Z - Handled GET_FLAKY_TASKS. Handling time: 0. Response time: 0.
[NX v21.6.11 Daemon Server] - 2026-06-30T18:37:47.618Z - [REQUEST]: Responding to the client. handleRunPostTasksExecution
[NX v21.6.11 Daemon Server] - 2026-06-30T18:37:47.618Z - Done responding to the client handleRunPostTasksExecution
[NX v21.6.11 Daemon Server] - 2026-06-30T18:37:47.618Z - Handled POST_TASKS_EXECUTION. Handling time: 0. Response time: 0.
[NX v21.6.11 Daemon Server] - 2026-06-30T18:37:47.618Z - Time taken for 'postTasksExecution' 0.06666699999914272ms
[NX v21.6.11 Daemon Server] - 2026-06-30T18:37:47.622Z - Closed a connection. Number of open connections: 0
[NX v21.6.11 Daemon Server] - 2026-06-30T18:37:57.701Z - [WATCHER]: apps/front/src/App.spec.tsx was created or restored
[NX v21.6.11 Daemon Server] - 2026-06-30T18:37:57.705Z - [WATCHER]: Processing file changes in outputs
[NX v21.6.11 Daemon Server] - 2026-06-30T18:37:57.816Z - [REQUEST]: Updated workspace context based on watched changes, recomputing project graph...
[NX v21.6.11 Daemon Server] - 2026-06-30T18:37:57.817Z - [REQUEST]: apps/front/src/App.spec.tsx
[NX v21.6.11 Daemon Server] - 2026-06-30T18:37:57.817Z - [REQUEST]: 
[NX v21.6.11 Daemon Server] - 2026-06-30T18:37:57.833Z - Time taken for 'hash changed files from watcher' 2.3031250000058208ms
Time for 'nx/core/project-json:createNodes' 2.7635000000009313
Time for 'nx/core/package-json:createNodes' 3.6919590000034077
Time for 'nx/js/dependencies-and-lockfile:createNodes' 11.02812499999709
[NX v21.6.11 Daemon Server] - 2026-06-30T18:37:57.859Z - Time taken for 'build-project-configs' 27.683791999996174ms
Time for 'build typescript dependencies' 2.1254579999949783
[NX v21.6.11 Daemon Server] - 2026-06-30T18:37:57.874Z - [SYNC]: collect registered sync generators
[NX v21.6.11 Daemon Server] - 2026-06-30T18:37:57.875Z - [SYNC]: project graph hash is the same, not collecting task sync generators
[NX v21.6.11 Daemon Server] - 2026-06-30T18:37:57.875Z - [SYNC]: nx.json hash is the same, not collecting global sync generators
[NX v21.6.11 Daemon Server] - 2026-06-30T18:37:57.875Z - Time taken for 'total execution time for createProjectGraph()' 18.40245799999684ms
[NX v21.6.11 Daemon Server] - 2026-06-30T18:39:20.753Z - Established a connection. Number of open connections: 1
[NX v21.6.11 Daemon Server] - 2026-06-30T18:39:20.754Z - Established a connection. Number of open connections: 2
[NX v21.6.11 Daemon Server] - 2026-06-30T18:39:20.754Z - Closed a connection. Number of open connections: 1
[NX v21.6.11 Daemon Server] - 2026-06-30T18:39:20.756Z - [REQUEST]: Client Request for Project Graph Received
[NX v21.6.11 Daemon Server] - 2026-06-30T18:39:20.756Z - Reusing in-memory cached project graph because no files changed.
[NX v21.6.11 Daemon Server] - 2026-06-30T18:39:20.764Z - Wrote project graph cache to /Users/leonardosegars/Repos/foodtrack/.nx/workspace-data/project-graph.json
[NX v21.6.11 Daemon Server] - 2026-06-30T18:39:20.765Z - [REQUEST]: Responding to the client. project-graph
[NX v21.6.11 Daemon Server] - 2026-06-30T18:39:20.765Z - Time taken for 'total for creating and serializing project graph' 9.016082999994978ms
[NX v21.6.11 Daemon Server] - 2026-06-30T18:39:20.767Z - Done responding to the client project-graph
[NX v21.6.11 Daemon Server] - 2026-06-30T18:39:20.767Z - Handled REQUEST_PROJECT_GRAPH. Handling time: 9. Response time: 2.
[NX v21.6.11 Daemon Server] - 2026-06-30T18:39:20.772Z - [REQUEST]: Responding to the client. handleRunPreTasksExecution
[NX v21.6.11 Daemon Server] - 2026-06-30T18:39:20.772Z - Done responding to the client handleRunPreTasksExecution
[NX v21.6.11 Daemon Server] - 2026-06-30T18:39:20.772Z - Handled PRE_TASKS_EXECUTION. Handling time: 1. Response time: 0.
[NX v21.6.11 Daemon Server] - 2026-06-30T18:39:20.772Z - Time taken for 'preTasksExecution' 0.11308399998233654ms
[NX v21.6.11 Daemon Server] - 2026-06-30T18:39:20.812Z - Reusing in-memory cached project graph because no files changed.
[NX v21.6.11 Daemon Server] - 2026-06-30T18:39:20.814Z - Wrote project graph cache to /Users/leonardosegars/Repos/foodtrack/.nx/workspace-data/project-graph.json
DEBUG nx::native::tasks::hash_planner: get_plans_internal COMPLETED in 1.503833ms - processed 1 tasks (setup: 1.343375ms, parallel_planning: 157.833µs)
DEBUG nx::native::tasks::hashers::hash_workspace_files: Hashing workspace fileset{cache_key="nx.json,.gitignore,.nxignore"}: Adding "6093914340072391811" (".gitignore") to hash
DEBUG nx::native::tasks::hashers::hash_workspace_files: Hashing workspace fileset{cache_key="nx.json,.gitignore,.nxignore"}: Adding "1132752945439744087" ("nx.json") to hash
DEBUG nx::native::tasks::hashers::hash_workspace_files: Hashing workspace fileset{cache_key="nx.json,.gitignore,.nxignore"}: Hash Value: "3983678509802823269"
DEBUG nx::native::tasks::task_hasher: hash_plans COMPLETED in 1.276292ms - processed 1 plans (setup: 196.333µs, hashing: 1.079125ms, assembly: 426.833µs)
[NX v21.6.11 Daemon Server] - 2026-06-30T18:39:20.822Z - [REQUEST]: Responding to the client. handleHashTasks
[NX v21.6.11 Daemon Server] - 2026-06-30T18:39:20.822Z - Time taken for 'write cache' 2.4055419999931473ms
[NX v21.6.11 Daemon Server] - 2026-06-30T18:39:20.822Z - Done responding to the client handleHashTasks
[NX v21.6.11 Daemon Server] - 2026-06-30T18:39:20.822Z - Handled HASH_TASKS. Handling time: 10. Response time: 0.
[NX v21.6.11 Daemon Server] - 2026-06-30T18:39:20.868Z - [REQUEST]: Responding to the client. handleGetEstimatedTaskTimings
[NX v21.6.11 Daemon Server] - 2026-06-30T18:39:20.868Z - Done responding to the client handleGetEstimatedTaskTimings
[NX v21.6.11 Daemon Server] - 2026-06-30T18:39:20.868Z - Handled GET_ESTIMATED_TASK_TIMINGS. Handling time: 0. Response time: 0.
[NX v21.6.11 Daemon Server] - 2026-06-30T18:39:22.115Z - [REQUEST]: Responding to the client. recordOutputsHash
[NX v21.6.11 Daemon Server] - 2026-06-30T18:39:22.115Z - Done responding to the client recordOutputsHash
[NX v21.6.11 Daemon Server] - 2026-06-30T18:39:22.115Z - Handled RECORD_OUTPUTS_HASH. Handling time: 0. Response time: 0.
[NX v21.6.11 Daemon Server] - 2026-06-30T18:39:22.118Z - [REQUEST]: Responding to the client. handleRecordTaskRuns
[NX v21.6.11 Daemon Server] - 2026-06-30T18:39:22.118Z - Done responding to the client handleRecordTaskRuns
[NX v21.6.11 Daemon Server] - 2026-06-30T18:39:22.118Z - Handled RECORD_TASK_RUNS. Handling time: 0. Response time: 0.
[NX v21.6.11 Daemon Server] - 2026-06-30T18:39:22.119Z - [REQUEST]: Responding to the client. handleGetFlakyTasks
[NX v21.6.11 Daemon Server] - 2026-06-30T18:39:22.119Z - Done responding to the client handleGetFlakyTasks
[NX v21.6.11 Daemon Server] - 2026-06-30T18:39:22.119Z - Handled GET_FLAKY_TASKS. Handling time: 1. Response time: 0.
[NX v21.6.11 Daemon Server] - 2026-06-30T18:39:22.229Z - [REQUEST]: Responding to the client. handleRunPostTasksExecution
[NX v21.6.11 Daemon Server] - 2026-06-30T18:39:22.229Z - Done responding to the client handleRunPostTasksExecution
[NX v21.6.11 Daemon Server] - 2026-06-30T18:39:22.229Z - Handled POST_TASKS_EXECUTION. Handling time: 1. Response time: 0.
[NX v21.6.11 Daemon Server] - 2026-06-30T18:39:22.229Z - Time taken for 'postTasksExecution' 0.08570900000631809ms
[NX v21.6.11 Daemon Server] - 2026-06-30T18:39:22.234Z - Closed a connection. Number of open connections: 0
[NX v21.6.11 Daemon Server] - 2026-06-30T18:39:36.407Z - Established a connection. Number of open connections: 1
[NX v21.6.11 Daemon Server] - 2026-06-30T18:39:36.408Z - Established a connection. Number of open connections: 2
[NX v21.6.11 Daemon Server] - 2026-06-30T18:39:36.409Z - Closed a connection. Number of open connections: 1
[NX v21.6.11 Daemon Server] - 2026-06-30T18:39:36.412Z - [REQUEST]: Client Request for Project Graph Received
[NX v21.6.11 Daemon Server] - 2026-06-30T18:39:36.413Z - Reusing in-memory cached project graph because no files changed.
[NX v21.6.11 Daemon Server] - 2026-06-30T18:39:36.417Z - Wrote project graph cache to /Users/leonardosegars/Repos/foodtrack/.nx/workspace-data/project-graph.json
[NX v21.6.11 Daemon Server] - 2026-06-30T18:39:36.417Z - [REQUEST]: Responding to the client. project-graph
[NX v21.6.11 Daemon Server] - 2026-06-30T18:39:36.418Z - Time taken for 'total for creating and serializing project graph' 4.899250000016764ms
[NX v21.6.11 Daemon Server] - 2026-06-30T18:39:36.420Z - Done responding to the client project-graph
[NX v21.6.11 Daemon Server] - 2026-06-30T18:39:36.420Z - Handled REQUEST_PROJECT_GRAPH. Handling time: 5. Response time: 3.
[NX v21.6.11 Daemon Server] - 2026-06-30T18:39:36.424Z - [REQUEST]: Responding to the client. handleRunPreTasksExecution
[NX v21.6.11 Daemon Server] - 2026-06-30T18:39:36.424Z - Done responding to the client handleRunPreTasksExecution
[NX v21.6.11 Daemon Server] - 2026-06-30T18:39:36.424Z - Handled PRE_TASKS_EXECUTION. Handling time: 1. Response time: 0.
[NX v21.6.11 Daemon Server] - 2026-06-30T18:39:36.424Z - Time taken for 'preTasksExecution' 0.09654199998476543ms
[NX v21.6.11 Daemon Server] - 2026-06-30T18:39:36.464Z - Reusing in-memory cached project graph because no files changed.
[NX v21.6.11 Daemon Server] - 2026-06-30T18:39:36.466Z - Wrote project graph cache to /Users/leonardosegars/Repos/foodtrack/.nx/workspace-data/project-graph.json
DEBUG nx::native::tasks::hash_planner: get_plans_internal COMPLETED in 1.741334ms - processed 1 tasks (setup: 1.553459ms, parallel_planning: 185.5µs)
DEBUG nx::native::tasks::task_hasher: hash_plans COMPLETED in 1.314291ms - processed 1 plans (setup: 201.958µs, hashing: 1.1115ms, assembly: 399.25µs)
[NX v21.6.11 Daemon Server] - 2026-06-30T18:39:36.471Z - [REQUEST]: Responding to the client. handleHashTasks
[NX v21.6.11 Daemon Server] - 2026-06-30T18:39:36.471Z - Time taken for 'write cache' 2.8540830000129063ms
[NX v21.6.11 Daemon Server] - 2026-06-30T18:39:36.471Z - Done responding to the client handleHashTasks
[NX v21.6.11 Daemon Server] - 2026-06-30T18:39:36.471Z - Handled HASH_TASKS. Handling time: 8. Response time: 0.
[NX v21.6.11 Daemon Server] - 2026-06-30T18:39:36.516Z - [REQUEST]: Responding to the client. handleGetEstimatedTaskTimings
[NX v21.6.11 Daemon Server] - 2026-06-30T18:39:36.516Z - Done responding to the client handleGetEstimatedTaskTimings
[NX v21.6.11 Daemon Server] - 2026-06-30T18:39:36.516Z - Handled GET_ESTIMATED_TASK_TIMINGS. Handling time: 0. Response time: 0.
[NX v21.6.11 Daemon Server] - 2026-06-30T18:39:37.285Z - [REQUEST]: Responding to the client. recordOutputsHash
[NX v21.6.11 Daemon Server] - 2026-06-30T18:39:37.285Z - Done responding to the client recordOutputsHash
[NX v21.6.11 Daemon Server] - 2026-06-30T18:39:37.285Z - Handled RECORD_OUTPUTS_HASH. Handling time: 0. Response time: 0.
[NX v21.6.11 Daemon Server] - 2026-06-30T18:39:37.287Z - [REQUEST]: Responding to the client. handleRecordTaskRuns
[NX v21.6.11 Daemon Server] - 2026-06-30T18:39:37.287Z - Done responding to the client handleRecordTaskRuns
[NX v21.6.11 Daemon Server] - 2026-06-30T18:39:37.287Z - Handled RECORD_TASK_RUNS. Handling time: 0. Response time: 0.
[NX v21.6.11 Daemon Server] - 2026-06-30T18:39:37.288Z - [REQUEST]: Responding to the client. handleGetFlakyTasks
[NX v21.6.11 Daemon Server] - 2026-06-30T18:39:37.288Z - Done responding to the client handleGetFlakyTasks
[NX v21.6.11 Daemon Server] - 2026-06-30T18:39:37.288Z - Handled GET_FLAKY_TASKS. Handling time: 0. Response time: 0.
[NX v21.6.11 Daemon Server] - 2026-06-30T18:39:37.392Z - [REQUEST]: Responding to the client. handleRunPostTasksExecution
[NX v21.6.11 Daemon Server] - 2026-06-30T18:39:37.392Z - Done responding to the client handleRunPostTasksExecution
[NX v21.6.11 Daemon Server] - 2026-06-30T18:39:37.392Z - Handled POST_TASKS_EXECUTION. Handling time: 0. Response time: 0.
[NX v21.6.11 Daemon Server] - 2026-06-30T18:39:37.392Z - Time taken for 'postTasksExecution' 0.0629590000025928ms
[NX v21.6.11 Daemon Server] - 2026-06-30T18:39:37.397Z - Closed a connection. Number of open connections: 0
[NX v21.6.11 Daemon Server] - 2026-06-30T18:39:52.040Z - [WATCHER]: apps/front/src/router.tsx was modified
[NX v21.6.11 Daemon Server] - 2026-06-30T18:39:52.040Z - [WATCHER]: Processing file changes in outputs
[NX v21.6.11 Daemon Server] - 2026-06-30T18:39:52.142Z - [REQUEST]: Updated workspace context based on watched changes, recomputing project graph...
[NX v21.6.11 Daemon Server] - 2026-06-30T18:39:52.142Z - [REQUEST]: apps/front/src/router.tsx
[NX v21.6.11 Daemon Server] - 2026-06-30T18:39:52.142Z - [REQUEST]: 
[NX v21.6.11 Daemon Server] - 2026-06-30T18:39:52.143Z - Time taken for 'hash changed files from watcher' 0.11458399999537505ms
Time for 'nx/core/package-json:createNodes' 1.4295409999904223
Time for 'nx/core/project-json:createNodes' 1.829834000003757
Time for 'nx/js/dependencies-and-lockfile:createNodes' 7.4954580000194255
[NX v21.6.11 Daemon Server] - 2026-06-30T18:39:52.170Z - Time taken for 'build-project-configs' 24.448792000010144ms
Time for 'build typescript dependencies' 2.338332999992417
[NX v21.6.11 Daemon Server] - 2026-06-30T18:39:52.192Z - [SYNC]: collect registered sync generators
[NX v21.6.11 Daemon Server] - 2026-06-30T18:39:52.192Z - [SYNC]: project graph hash is the same, not collecting task sync generators
[NX v21.6.11 Daemon Server] - 2026-06-30T18:39:52.192Z - [SYNC]: nx.json hash is the same, not collecting global sync generators
[NX v21.6.11 Daemon Server] - 2026-06-30T18:39:52.192Z - Time taken for 'total execution time for createProjectGraph()' 23.63120799997705ms
[NX v21.6.11 Daemon Server] - 2026-06-30T18:40:00.127Z - [WATCHER]: apps/front/src/App.tsx was modified
[NX v21.6.11 Daemon Server] - 2026-06-30T18:40:00.128Z - [WATCHER]: Processing file changes in outputs
[NX v21.6.11 Daemon Server] - 2026-06-30T18:40:00.330Z - [REQUEST]: Updated workspace context based on watched changes, recomputing project graph...
[NX v21.6.11 Daemon Server] - 2026-06-30T18:40:00.330Z - [REQUEST]: apps/front/src/App.tsx
[NX v21.6.11 Daemon Server] - 2026-06-30T18:40:00.330Z - [REQUEST]: 
[NX v21.6.11 Daemon Server] - 2026-06-30T18:40:00.332Z - Time taken for 'hash changed files from watcher' 0.2261669999861624ms
Time for 'nx/core/package-json:createNodes' 0.7105830000073183
Time for 'nx/core/project-json:createNodes' 1.95516700000735
Time for 'nx/js/dependencies-and-lockfile:createNodes' 5.018833000009181
[NX v21.6.11 Daemon Server] - 2026-06-30T18:40:00.347Z - Time taken for 'build-project-configs' 11.319458000012673ms
Time for 'build typescript dependencies' 1.7398749999993015
[NX v21.6.11 Daemon Server] - 2026-06-30T18:40:00.360Z - [SYNC]: collect registered sync generators
[NX v21.6.11 Daemon Server] - 2026-06-30T18:40:00.360Z - [SYNC]: project graph hash is the same, not collecting task sync generators
[NX v21.6.11 Daemon Server] - 2026-06-30T18:40:00.360Z - [SYNC]: nx.json hash is the same, not collecting global sync generators
[NX v21.6.11 Daemon Server] - 2026-06-30T18:40:00.360Z - Time taken for 'total execution time for createProjectGraph()' 16.04762500000652ms
[NX v21.6.11 Daemon Server] - 2026-06-30T18:40:14.763Z - [WATCHER]: apps/front/src/main.tsx was modified
[NX v21.6.11 Daemon Server] - 2026-06-30T18:40:14.764Z - [WATCHER]: Processing file changes in outputs
[NX v21.6.11 Daemon Server] - 2026-06-30T18:40:15.168Z - [REQUEST]: Updated workspace context based on watched changes, recomputing project graph...
[NX v21.6.11 Daemon Server] - 2026-06-30T18:40:15.169Z - [REQUEST]: apps/front/src/main.tsx
[NX v21.6.11 Daemon Server] - 2026-06-30T18:40:15.169Z - [REQUEST]: 
[NX v21.6.11 Daemon Server] - 2026-06-30T18:40:15.172Z - Time taken for 'hash changed files from watcher' 0.4835839999723248ms
Time for 'nx/core/package-json:createNodes' 1.584999999991851
Time for 'nx/core/project-json:createNodes' 1.7174160000286065
Time for 'nx/js/dependencies-and-lockfile:createNodes' 11.88908399999491
[NX v21.6.11 Daemon Server] - 2026-06-30T18:40:15.195Z - Time taken for 'build-project-configs' 20.248457999987295ms
Time for 'build typescript dependencies' 2.0780830000003334
[NX v21.6.11 Daemon Server] - 2026-06-30T18:40:15.213Z - [SYNC]: collect registered sync generators
[NX v21.6.11 Daemon Server] - 2026-06-30T18:40:15.214Z - [SYNC]: project graph hash is the same, not collecting task sync generators
[NX v21.6.11 Daemon Server] - 2026-06-30T18:40:15.214Z - [SYNC]: nx.json hash is the same, not collecting global sync generators
[NX v21.6.11 Daemon Server] - 2026-06-30T18:40:15.214Z - Time taken for 'total execution time for createProjectGraph()' 21.454459000000497ms
[NX v21.6.11 Daemon Server] - 2026-06-30T18:40:27.113Z - Established a connection. Number of open connections: 1
[NX v21.6.11 Daemon Server] - 2026-06-30T18:40:27.114Z - Established a connection. Number of open connections: 2
[NX v21.6.11 Daemon Server] - 2026-06-30T18:40:27.115Z - Closed a connection. Number of open connections: 1
[NX v21.6.11 Daemon Server] - 2026-06-30T18:40:27.117Z - [REQUEST]: Client Request for Project Graph Received
[NX v21.6.11 Daemon Server] - 2026-06-30T18:40:27.117Z - Reusing in-memory cached project graph because no files changed.
[NX v21.6.11 Daemon Server] - 2026-06-30T18:40:27.126Z - Wrote project graph cache to /Users/leonardosegars/Repos/foodtrack/.nx/workspace-data/project-graph.json
[NX v21.6.11 Daemon Server] - 2026-06-30T18:40:27.127Z - [REQUEST]: Responding to the client. project-graph
[NX v21.6.11 Daemon Server] - 2026-06-30T18:40:27.127Z - Time taken for 'total for creating and serializing project graph' 9.84208299999591ms
[NX v21.6.11 Daemon Server] - 2026-06-30T18:40:27.129Z - Done responding to the client project-graph
[NX v21.6.11 Daemon Server] - 2026-06-30T18:40:27.129Z - Handled REQUEST_PROJECT_GRAPH. Handling time: 10. Response time: 2.
[NX v21.6.11 Daemon Server] - 2026-06-30T18:40:27.133Z - [REQUEST]: Responding to the client. handleRunPreTasksExecution
[NX v21.6.11 Daemon Server] - 2026-06-30T18:40:27.133Z - Done responding to the client handleRunPreTasksExecution
[NX v21.6.11 Daemon Server] - 2026-06-30T18:40:27.133Z - Handled PRE_TASKS_EXECUTION. Handling time: 0. Response time: 0.
[NX v21.6.11 Daemon Server] - 2026-06-30T18:40:27.133Z - Time taken for 'preTasksExecution' 0.1627499999885913ms
[NX v21.6.11 Daemon Server] - 2026-06-30T18:40:27.177Z - Reusing in-memory cached project graph because no files changed.
[NX v21.6.11 Daemon Server] - 2026-06-30T18:40:27.180Z - Wrote project graph cache to /Users/leonardosegars/Repos/foodtrack/.nx/workspace-data/project-graph.json
DEBUG nx::native::tasks::hash_planner: get_plans_internal COMPLETED in 2.111625ms - processed 1 tasks (setup: 1.899958ms, parallel_planning: 208.75µs)
DEBUG nx::native::tasks::hashers::hash_workspace_files: Hashing workspace fileset{cache_key="nx.json,.gitignore,.nxignore"}: Adding "6093914340072391811" (".gitignore") to hash
DEBUG nx::native::tasks::hashers::hash_workspace_files: Hashing workspace fileset{cache_key="nx.json,.gitignore,.nxignore"}: Adding "1132752945439744087" ("nx.json") to hash
DEBUG nx::native::tasks::hashers::hash_workspace_files: Hashing workspace fileset{cache_key="nx.json,.gitignore,.nxignore"}: Hash Value: "3983678509802823269"
DEBUG nx::native::tasks::task_hasher: hash_plans COMPLETED in 1.883333ms - processed 1 plans (setup: 228.458µs, hashing: 1.653875ms, assembly: 497.5µs)
[NX v21.6.11 Daemon Server] - 2026-06-30T18:40:27.191Z - [REQUEST]: Responding to the client. handleHashTasks
[NX v21.6.11 Daemon Server] - 2026-06-30T18:40:27.192Z - Time taken for 'write cache' 3.0944159999780823ms
[NX v21.6.11 Daemon Server] - 2026-06-30T18:40:27.192Z - Done responding to the client handleHashTasks
[NX v21.6.11 Daemon Server] - 2026-06-30T18:40:27.192Z - Handled HASH_TASKS. Handling time: 15. Response time: 1.
[NX v21.6.11 Daemon Server] - 2026-06-30T18:40:27.237Z - [REQUEST]: Responding to the client. handleGetEstimatedTaskTimings
[NX v21.6.11 Daemon Server] - 2026-06-30T18:40:27.237Z - Done responding to the client handleGetEstimatedTaskTimings
[NX v21.6.11 Daemon Server] - 2026-06-30T18:40:27.237Z - Handled GET_ESTIMATED_TASK_TIMINGS. Handling time: 1. Response time: 0.
[NX v21.6.11 Daemon Server] - 2026-06-30T18:40:28.247Z - [REQUEST]: Responding to the client. recordOutputsHash
[NX v21.6.11 Daemon Server] - 2026-06-30T18:40:28.247Z - Done responding to the client recordOutputsHash
[NX v21.6.11 Daemon Server] - 2026-06-30T18:40:28.247Z - Handled RECORD_OUTPUTS_HASH. Handling time: 0. Response time: 0.
[NX v21.6.11 Daemon Server] - 2026-06-30T18:40:28.250Z - [REQUEST]: Responding to the client. handleRecordTaskRuns
[NX v21.6.11 Daemon Server] - 2026-06-30T18:40:28.250Z - Done responding to the client handleRecordTaskRuns
[NX v21.6.11 Daemon Server] - 2026-06-30T18:40:28.250Z - Handled RECORD_TASK_RUNS. Handling time: 1. Response time: 0.
[NX v21.6.11 Daemon Server] - 2026-06-30T18:40:28.251Z - [REQUEST]: Responding to the client. handleGetFlakyTasks
[NX v21.6.11 Daemon Server] - 2026-06-30T18:40:28.251Z - Done responding to the client handleGetFlakyTasks
[NX v21.6.11 Daemon Server] - 2026-06-30T18:40:28.251Z - Handled GET_FLAKY_TASKS. Handling time: 0. Response time: 0.
[NX v21.6.11 Daemon Server] - 2026-06-30T18:40:28.371Z - [REQUEST]: Responding to the client. handleRunPostTasksExecution
[NX v21.6.11 Daemon Server] - 2026-06-30T18:40:28.371Z - Done responding to the client handleRunPostTasksExecution
[NX v21.6.11 Daemon Server] - 2026-06-30T18:40:28.371Z - Handled POST_TASKS_EXECUTION. Handling time: 0. Response time: 0.
[NX v21.6.11 Daemon Server] - 2026-06-30T18:40:28.371Z - Time taken for 'postTasksExecution' 0.08891700001549907ms
[NX v21.6.11 Daemon Server] - 2026-06-30T18:40:28.377Z - Closed a connection. Number of open connections: 0
[NX v21.6.11 Daemon Server] - 2026-06-30T18:40:52.795Z - Established a connection. Number of open connections: 1
[NX v21.6.11 Daemon Server] - 2026-06-30T18:40:52.796Z - Established a connection. Number of open connections: 2
[NX v21.6.11 Daemon Server] - 2026-06-30T18:40:52.796Z - Closed a connection. Number of open connections: 1
[NX v21.6.11 Daemon Server] - 2026-06-30T18:40:52.797Z - [REQUEST]: Client Request for Project Graph Received
[NX v21.6.11 Daemon Server] - 2026-06-30T18:40:52.798Z - Reusing in-memory cached project graph because no files changed.
[NX v21.6.11 Daemon Server] - 2026-06-30T18:40:52.801Z - Wrote project graph cache to /Users/leonardosegars/Repos/foodtrack/.nx/workspace-data/project-graph.json
[NX v21.6.11 Daemon Server] - 2026-06-30T18:40:52.801Z - [REQUEST]: Responding to the client. project-graph
[NX v21.6.11 Daemon Server] - 2026-06-30T18:40:52.802Z - Time taken for 'total for creating and serializing project graph' 3.5238329999847338ms
[NX v21.6.11 Daemon Server] - 2026-06-30T18:40:52.803Z - Done responding to the client project-graph
[NX v21.6.11 Daemon Server] - 2026-06-30T18:40:52.803Z - Handled REQUEST_PROJECT_GRAPH. Handling time: 4. Response time: 2.
[NX v21.6.11 Daemon Server] - 2026-06-30T18:40:52.807Z - [REQUEST]: Responding to the client. handleRunPreTasksExecution
[NX v21.6.11 Daemon Server] - 2026-06-30T18:40:52.807Z - Done responding to the client handleRunPreTasksExecution
[NX v21.6.11 Daemon Server] - 2026-06-30T18:40:52.807Z - Handled PRE_TASKS_EXECUTION. Handling time: 0. Response time: 0.
[NX v21.6.11 Daemon Server] - 2026-06-30T18:40:52.807Z - Time taken for 'preTasksExecution' 0.11220900001353584ms
[NX v21.6.11 Daemon Server] - 2026-06-30T18:40:52.843Z - Reusing in-memory cached project graph because no files changed.
[NX v21.6.11 Daemon Server] - 2026-06-30T18:40:52.846Z - Wrote project graph cache to /Users/leonardosegars/Repos/foodtrack/.nx/workspace-data/project-graph.json
DEBUG nx::native::tasks::hash_planner: get_plans_internal COMPLETED in 1.807375ms - processed 1 tasks (setup: 1.591959ms, parallel_planning: 213.042µs)
DEBUG nx::native::tasks::task_hasher: hash_plans COMPLETED in 3.04475ms - processed 1 plans (setup: 210.917µs, hashing: 2.833042ms, assembly: 460.416µs)
[NX v21.6.11 Daemon Server] - 2026-06-30T18:40:52.852Z - [REQUEST]: Responding to the client. handleHashTasks
[NX v21.6.11 Daemon Server] - 2026-06-30T18:40:52.852Z - Time taken for 'write cache' 2.426917000004323ms
[NX v21.6.11 Daemon Server] - 2026-06-30T18:40:52.852Z - Done responding to the client handleHashTasks
[NX v21.6.11 Daemon Server] - 2026-06-30T18:40:52.852Z - Handled HASH_TASKS. Handling time: 9. Response time: 0.
[NX v21.6.11 Daemon Server] - 2026-06-30T18:40:52.897Z - [REQUEST]: Responding to the client. handleGetEstimatedTaskTimings
[NX v21.6.11 Daemon Server] - 2026-06-30T18:40:52.897Z - Done responding to the client handleGetEstimatedTaskTimings
[NX v21.6.11 Daemon Server] - 2026-06-30T18:40:52.897Z - Handled GET_ESTIMATED_TASK_TIMINGS. Handling time: 0. Response time: 0.
[NX v21.6.11 Daemon Server] - 2026-06-30T18:40:53.610Z - [REQUEST]: Responding to the client. recordOutputsHash
[NX v21.6.11 Daemon Server] - 2026-06-30T18:40:53.610Z - Done responding to the client recordOutputsHash
[NX v21.6.11 Daemon Server] - 2026-06-30T18:40:53.610Z - Handled RECORD_OUTPUTS_HASH. Handling time: 0. Response time: 0.
[NX v21.6.11 Daemon Server] - 2026-06-30T18:40:53.612Z - [REQUEST]: Responding to the client. handleRecordTaskRuns
[NX v21.6.11 Daemon Server] - 2026-06-30T18:40:53.612Z - Done responding to the client handleRecordTaskRuns
[NX v21.6.11 Daemon Server] - 2026-06-30T18:40:53.612Z - Handled RECORD_TASK_RUNS. Handling time: 0. Response time: 0.
[NX v21.6.11 Daemon Server] - 2026-06-30T18:40:53.613Z - [REQUEST]: Responding to the client. handleGetFlakyTasks
[NX v21.6.11 Daemon Server] - 2026-06-30T18:40:53.613Z - Done responding to the client handleGetFlakyTasks
[NX v21.6.11 Daemon Server] - 2026-06-30T18:40:53.613Z - Handled GET_FLAKY_TASKS. Handling time: 0. Response time: 0.
[NX v21.6.11 Daemon Server] - 2026-06-30T18:40:53.765Z - [REQUEST]: Responding to the client. handleRunPostTasksExecution
[NX v21.6.11 Daemon Server] - 2026-06-30T18:40:53.765Z - Done responding to the client handleRunPostTasksExecution
[NX v21.6.11 Daemon Server] - 2026-06-30T18:40:53.766Z - Handled POST_TASKS_EXECUTION. Handling time: 0. Response time: 0.
[NX v21.6.11 Daemon Server] - 2026-06-30T18:40:53.766Z - Time taken for 'postTasksExecution' 0.14041600000928156ms
[NX v21.6.11 Daemon Server] - 2026-06-30T18:40:53.770Z - Closed a connection. Number of open connections: 0
[NX v21.6.11 Daemon Server] - 2026-06-30T18:41:11.437Z - [WATCHER]: apps/front/src/App.spec.tsx was modified
[NX v21.6.11 Daemon Server] - 2026-06-30T18:41:11.445Z - [WATCHER]: Processing file changes in outputs
[NX v21.6.11 Daemon Server] - 2026-06-30T18:41:11.544Z - [REQUEST]: Updated workspace context based on watched changes, recomputing project graph...
[NX v21.6.11 Daemon Server] - 2026-06-30T18:41:11.544Z - [REQUEST]: apps/front/src/App.spec.tsx
[NX v21.6.11 Daemon Server] - 2026-06-30T18:41:11.544Z - [REQUEST]: 
[NX v21.6.11 Daemon Server] - 2026-06-30T18:41:11.549Z - Time taken for 'hash changed files from watcher' 0.23545800003921613ms
Time for 'nx/core/package-json:createNodes' 2.97383400000399
Time for 'nx/core/project-json:createNodes' 2.982791999995243
Time for 'nx/js/dependencies-and-lockfile:createNodes' 10.535124999994878
[NX v21.6.11 Daemon Server] - 2026-06-30T18:41:11.573Z - Time taken for 'build-project-configs' 22.47074999997858ms
Time for 'build typescript dependencies' 3.2508750000270084
[NX v21.6.11 Daemon Server] - 2026-06-30T18:41:11.592Z - [SYNC]: collect registered sync generators
[NX v21.6.11 Daemon Server] - 2026-06-30T18:41:11.592Z - [SYNC]: project graph hash is the same, not collecting task sync generators
[NX v21.6.11 Daemon Server] - 2026-06-30T18:41:11.592Z - [SYNC]: nx.json hash is the same, not collecting global sync generators
[NX v21.6.11 Daemon Server] - 2026-06-30T18:41:11.592Z - Time taken for 'total execution time for createProjectGraph()' 20.804790999973193ms
[NX v21.6.11 Daemon Server] - 2026-06-30T18:41:23.238Z - Established a connection. Number of open connections: 1
[NX v21.6.11 Daemon Server] - 2026-06-30T18:41:23.239Z - Established a connection. Number of open connections: 2
[NX v21.6.11 Daemon Server] - 2026-06-30T18:41:23.239Z - Closed a connection. Number of open connections: 1
[NX v21.6.11 Daemon Server] - 2026-06-30T18:41:23.241Z - [REQUEST]: Client Request for Project Graph Received
[NX v21.6.11 Daemon Server] - 2026-06-30T18:41:23.241Z - Reusing in-memory cached project graph because no files changed.
[NX v21.6.11 Daemon Server] - 2026-06-30T18:41:23.245Z - Wrote project graph cache to /Users/leonardosegars/Repos/foodtrack/.nx/workspace-data/project-graph.json
[NX v21.6.11 Daemon Server] - 2026-06-30T18:41:23.245Z - [REQUEST]: Responding to the client. project-graph
[NX v21.6.11 Daemon Server] - 2026-06-30T18:41:23.247Z - Time taken for 'total for creating and serializing project graph' 4.438416999997571ms
[NX v21.6.11 Daemon Server] - 2026-06-30T18:41:23.249Z - Done responding to the client project-graph
[NX v21.6.11 Daemon Server] - 2026-06-30T18:41:23.249Z - Handled REQUEST_PROJECT_GRAPH. Handling time: 4. Response time: 4.
[NX v21.6.11 Daemon Server] - 2026-06-30T18:41:23.253Z - [REQUEST]: Responding to the client. handleRunPreTasksExecution
[NX v21.6.11 Daemon Server] - 2026-06-30T18:41:23.253Z - Done responding to the client handleRunPreTasksExecution
[NX v21.6.11 Daemon Server] - 2026-06-30T18:41:23.253Z - Handled PRE_TASKS_EXECUTION. Handling time: 1. Response time: 0.
[NX v21.6.11 Daemon Server] - 2026-06-30T18:41:23.253Z - Time taken for 'preTasksExecution' 0.08016700000735ms
[NX v21.6.11 Daemon Server] - 2026-06-30T18:41:23.288Z - Reusing in-memory cached project graph because no files changed.
[NX v21.6.11 Daemon Server] - 2026-06-30T18:41:23.291Z - Wrote project graph cache to /Users/leonardosegars/Repos/foodtrack/.nx/workspace-data/project-graph.json
DEBUG nx::native::tasks::hash_planner: get_plans_internal COMPLETED in 1.528833ms - processed 1 tasks (setup: 1.352583ms, parallel_planning: 174.083µs)
DEBUG nx::native::tasks::hashers::hash_workspace_files: Hashing workspace fileset{cache_key="nx.json,.gitignore,.nxignore"}: Adding "6093914340072391811" (".gitignore") to hash
DEBUG nx::native::tasks::hashers::hash_workspace_files: Hashing workspace fileset{cache_key="nx.json,.gitignore,.nxignore"}: Adding "1132752945439744087" ("nx.json") to hash
DEBUG nx::native::tasks::hashers::hash_workspace_files: Hashing workspace fileset{cache_key="nx.json,.gitignore,.nxignore"}: Hash Value: "3983678509802823269"
DEBUG nx::native::tasks::task_hasher: hash_plans COMPLETED in 1.329625ms - processed 1 plans (setup: 206.917µs, hashing: 1.121709ms, assembly: 445.792µs)
[NX v21.6.11 Daemon Server] - 2026-06-30T18:41:23.299Z - [REQUEST]: Responding to the client. handleHashTasks
[NX v21.6.11 Daemon Server] - 2026-06-30T18:41:23.299Z - Time taken for 'write cache' 2.846666000026744ms
[NX v21.6.11 Daemon Server] - 2026-06-30T18:41:23.299Z - Done responding to the client handleHashTasks
[NX v21.6.11 Daemon Server] - 2026-06-30T18:41:23.299Z - Handled HASH_TASKS. Handling time: 11. Response time: 0.
[NX v21.6.11 Daemon Server] - 2026-06-30T18:41:23.344Z - [REQUEST]: Responding to the client. handleGetEstimatedTaskTimings
[NX v21.6.11 Daemon Server] - 2026-06-30T18:41:23.344Z - Done responding to the client handleGetEstimatedTaskTimings
[NX v21.6.11 Daemon Server] - 2026-06-30T18:41:23.344Z - Handled GET_ESTIMATED_TASK_TIMINGS. Handling time: 1. Response time: 0.
[NX v21.6.11 Daemon Server] - 2026-06-30T18:41:24.143Z - [REQUEST]: Responding to the client. recordOutputsHash
[NX v21.6.11 Daemon Server] - 2026-06-30T18:41:24.143Z - Done responding to the client recordOutputsHash
[NX v21.6.11 Daemon Server] - 2026-06-30T18:41:24.143Z - Handled RECORD_OUTPUTS_HASH. Handling time: 0. Response time: 0.
[NX v21.6.11 Daemon Server] - 2026-06-30T18:41:24.145Z - [REQUEST]: Responding to the client. handleRecordTaskRuns
[NX v21.6.11 Daemon Server] - 2026-06-30T18:41:24.145Z - Done responding to the client handleRecordTaskRuns
[NX v21.6.11 Daemon Server] - 2026-06-30T18:41:24.145Z - Handled RECORD_TASK_RUNS. Handling time: 0. Response time: 0.
[NX v21.6.11 Daemon Server] - 2026-06-30T18:41:24.146Z - [REQUEST]: Responding to the client. handleGetFlakyTasks
[NX v21.6.11 Daemon Server] - 2026-06-30T18:41:24.146Z - Done responding to the client handleGetFlakyTasks
[NX v21.6.11 Daemon Server] - 2026-06-30T18:41:24.146Z - Handled GET_FLAKY_TASKS. Handling time: 0. Response time: 0.
[NX v21.6.11 Daemon Server] - 2026-06-30T18:41:24.254Z - [REQUEST]: Responding to the client. handleRunPostTasksExecution
[NX v21.6.11 Daemon Server] - 2026-06-30T18:41:24.255Z - Done responding to the client handleRunPostTasksExecution
[NX v21.6.11 Daemon Server] - 2026-06-30T18:41:24.255Z - Handled POST_TASKS_EXECUTION. Handling time: 0. Response time: 1.
[NX v21.6.11 Daemon Server] - 2026-06-30T18:41:24.255Z - Time taken for 'postTasksExecution' 0.08316700003342703ms
[NX v21.6.11 Daemon Server] - 2026-06-30T18:41:24.259Z - Closed a connection. Number of open connections: 0
[NX v21.6.11 Daemon Server] - 2026-06-30T18:41:36.382Z - Established a connection. Number of open connections: 1
[NX v21.6.11 Daemon Server] - 2026-06-30T18:41:36.383Z - Established a connection. Number of open connections: 2
[NX v21.6.11 Daemon Server] - 2026-06-30T18:41:36.383Z - Closed a connection. Number of open connections: 1
[NX v21.6.11 Daemon Server] - 2026-06-30T18:41:36.385Z - [REQUEST]: Client Request for Project Graph Received
[NX v21.6.11 Daemon Server] - 2026-06-30T18:41:36.385Z - Reusing in-memory cached project graph because no files changed.
[NX v21.6.11 Daemon Server] - 2026-06-30T18:41:36.391Z - Wrote project graph cache to /Users/leonardosegars/Repos/foodtrack/.nx/workspace-data/project-graph.json
[NX v21.6.11 Daemon Server] - 2026-06-30T18:41:36.392Z - [REQUEST]: Responding to the client. project-graph
[NX v21.6.11 Daemon Server] - 2026-06-30T18:41:36.394Z - Time taken for 'total for creating and serializing project graph' 6.940000000002328ms
[NX v21.6.11 Daemon Server] - 2026-06-30T18:41:36.399Z - Done responding to the client project-graph
[NX v21.6.11 Daemon Server] - 2026-06-30T18:41:36.399Z - Handled REQUEST_PROJECT_GRAPH. Handling time: 7. Response time: 7.
[NX v21.6.11 Daemon Server] - 2026-06-30T18:41:36.402Z - [REQUEST]: Responding to the client. handleRunPreTasksExecution
[NX v21.6.11 Daemon Server] - 2026-06-30T18:41:36.402Z - Done responding to the client handleRunPreTasksExecution
[NX v21.6.11 Daemon Server] - 2026-06-30T18:41:36.402Z - Handled PRE_TASKS_EXECUTION. Handling time: 0. Response time: 0.
[NX v21.6.11 Daemon Server] - 2026-06-30T18:41:36.402Z - Time taken for 'preTasksExecution' 0.0820829999865964ms
[NX v21.6.11 Daemon Server] - 2026-06-30T18:41:36.442Z - Reusing in-memory cached project graph because no files changed.
[NX v21.6.11 Daemon Server] - 2026-06-30T18:41:36.445Z - Wrote project graph cache to /Users/leonardosegars/Repos/foodtrack/.nx/workspace-data/project-graph.json
DEBUG nx::native::tasks::hash_planner: get_plans_internal COMPLETED in 2.078834ms - processed 1 tasks (setup: 1.857542ms, parallel_planning: 210.125µs)
DEBUG nx::native::tasks::task_hasher: hash_plans COMPLETED in 1.411458ms - processed 1 plans (setup: 211.625µs, hashing: 1.198792ms, assembly: 402.333µs)
[NX v21.6.11 Daemon Server] - 2026-06-30T18:41:36.449Z - [REQUEST]: Responding to the client. handleHashTasks
[NX v21.6.11 Daemon Server] - 2026-06-30T18:41:36.449Z - Time taken for 'write cache' 2.930999999982305ms
[NX v21.6.11 Daemon Server] - 2026-06-30T18:41:36.450Z - Done responding to the client handleHashTasks
[NX v21.6.11 Daemon Server] - 2026-06-30T18:41:36.450Z - Handled HASH_TASKS. Handling time: 8. Response time: 1.
[NX v21.6.11 Daemon Server] - 2026-06-30T18:41:36.523Z - [REQUEST]: Responding to the client. handleGetEstimatedTaskTimings
[NX v21.6.11 Daemon Server] - 2026-06-30T18:41:36.523Z - Done responding to the client handleGetEstimatedTaskTimings
[NX v21.6.11 Daemon Server] - 2026-06-30T18:41:36.523Z - Handled GET_ESTIMATED_TASK_TIMINGS. Handling time: 1. Response time: 0.
[NX v21.6.11 Daemon Server] - 2026-06-30T18:41:37.389Z - [REQUEST]: Responding to the client. recordOutputsHash
[NX v21.6.11 Daemon Server] - 2026-06-30T18:41:37.389Z - Done responding to the client recordOutputsHash
[NX v21.6.11 Daemon Server] - 2026-06-30T18:41:37.390Z - Handled RECORD_OUTPUTS_HASH. Handling time: 0. Response time: 1.
[NX v21.6.11 Daemon Server] - 2026-06-30T18:41:37.392Z - [REQUEST]: Responding to the client. handleRecordTaskRuns
[NX v21.6.11 Daemon Server] - 2026-06-30T18:41:37.392Z - Done responding to the client handleRecordTaskRuns
[NX v21.6.11 Daemon Server] - 2026-06-30T18:41:37.392Z - Handled RECORD_TASK_RUNS. Handling time: 1. Response time: 0.
[NX v21.6.11 Daemon Server] - 2026-06-30T18:41:37.392Z - [REQUEST]: Responding to the client. handleGetFlakyTasks
[NX v21.6.11 Daemon Server] - 2026-06-30T18:41:37.392Z - Done responding to the client handleGetFlakyTasks
[NX v21.6.11 Daemon Server] - 2026-06-30T18:41:37.392Z - Handled GET_FLAKY_TASKS. Handling time: 0. Response time: 0.
[NX v21.6.11 Daemon Server] - 2026-06-30T18:41:37.509Z - [REQUEST]: Responding to the client. handleRunPostTasksExecution
[NX v21.6.11 Daemon Server] - 2026-06-30T18:41:37.509Z - Done responding to the client handleRunPostTasksExecution
[NX v21.6.11 Daemon Server] - 2026-06-30T18:41:37.509Z - Handled POST_TASKS_EXECUTION. Handling time: 0. Response time: 0.
[NX v21.6.11 Daemon Server] - 2026-06-30T18:41:37.509Z - Time taken for 'postTasksExecution' 0.2186249999795109ms
[NX v21.6.11 Daemon Server] - 2026-06-30T18:41:37.514Z - Closed a connection. Number of open connections: 0
[NX v21.6.11 Daemon Server] - 2026-06-30T18:42:00.714Z - [WATCHER]: 0 file(s) created or restored, 2 file(s) modified, 0 file(s) deleted
[NX v21.6.11 Daemon Server] - 2026-06-30T18:42:00.721Z - [WATCHER]: Processing file changes in outputs
[NX v21.6.11 Daemon Server] - 2026-06-30T18:42:00.822Z - [REQUEST]: Updated workspace context based on watched changes, recomputing project graph...
[NX v21.6.11 Daemon Server] - 2026-06-30T18:42:00.822Z - [REQUEST]: .kiro/specs/food-truck-locator/tasks.meta.json,.kiro/specs/food-truck-locator/tasks.md
[NX v21.6.11 Daemon Server] - 2026-06-30T18:42:00.822Z - [REQUEST]: 
[NX v21.6.11 Daemon Server] - 2026-06-30T18:42:00.824Z - Time taken for 'hash changed files from watcher' 0.46437499998137355ms
Time for 'nx/core/package-json:createNodes' 4.75
Time for 'nx/core/project-json:createNodes' 3.7253750000381842
Time for 'nx/js/dependencies-and-lockfile:createNodes' 15.909791000012774
[NX v21.6.11 Daemon Server] - 2026-06-30T18:42:00.862Z - Time taken for 'build-project-configs' 34.20249999995576ms
Time for 'build typescript dependencies' 0.05141600000206381
[NX v21.6.11 Daemon Server] - 2026-06-30T18:42:00.879Z - [SYNC]: collect registered sync generators
[NX v21.6.11 Daemon Server] - 2026-06-30T18:42:00.879Z - [SYNC]: project graph hash is the same, not collecting task sync generators
[NX v21.6.11 Daemon Server] - 2026-06-30T18:42:00.879Z - [SYNC]: nx.json hash is the same, not collecting global sync generators
[NX v21.6.11 Daemon Server] - 2026-06-30T18:42:00.879Z - Time taken for 'total execution time for createProjectGraph()' 19.377333000011276ms
[NX v21.6.11 Daemon Server] - 2026-06-30T18:42:01.405Z - [WATCHER]: .kiro/specs/food-truck-locator/tasks.md was modified
[NX v21.6.11 Daemon Server] - 2026-06-30T18:42:01.405Z - [WATCHER]: Processing file changes in outputs
[NX v21.6.11 Daemon Server] - 2026-06-30T18:42:01.480Z - [WATCHER]: .kiro/specs/food-truck-locator/tasks.meta.json was modified
[NX v21.6.11 Daemon Server] - 2026-06-30T18:42:01.480Z - [WATCHER]: Processing file changes in outputs
[NX v21.6.11 Daemon Server] - 2026-06-30T18:42:01.605Z - [REQUEST]: Updated workspace context based on watched changes, recomputing project graph...
[NX v21.6.11 Daemon Server] - 2026-06-30T18:42:01.605Z - [REQUEST]: .kiro/specs/food-truck-locator/tasks.md,.kiro/specs/food-truck-locator/tasks.meta.json
[NX v21.6.11 Daemon Server] - 2026-06-30T18:42:01.606Z - [REQUEST]: 
[NX v21.6.11 Daemon Server] - 2026-06-30T18:42:01.606Z - Time taken for 'hash changed files from watcher' 0.17570800002431497ms
Time for 'nx/core/project-json:createNodes' 0.23195799998939037
Time for 'nx/core/package-json:createNodes' 0.3747499999590218
Time for 'nx/js/dependencies-and-lockfile:createNodes' 3.8409170000231825
[NX v21.6.11 Daemon Server] - 2026-06-30T18:42:01.628Z - Time taken for 'build-project-configs' 18.211750000016764ms
Time for 'build typescript dependencies' 0.018125000002328306
[NX v21.6.11 Daemon Server] - 2026-06-30T18:42:01.641Z - [SYNC]: collect registered sync generators
[NX v21.6.11 Daemon Server] - 2026-06-30T18:42:01.642Z - [SYNC]: project graph hash is the same, not collecting task sync generators
[NX v21.6.11 Daemon Server] - 2026-06-30T18:42:01.642Z - [SYNC]: nx.json hash is the same, not collecting global sync generators
[NX v21.6.11 Daemon Server] - 2026-06-30T18:42:01.642Z - Time taken for 'total execution time for createProjectGraph()' 15.587208000011742ms
[NX v21.6.11 Daemon Server] - 2026-06-30T18:42:07.919Z - [WATCHER]: .kiro/specs/food-truck-locator/tasks.md was modified
[NX v21.6.11 Daemon Server] - 2026-06-30T18:42:07.926Z - [WATCHER]: Processing file changes in outputs
[NX v21.6.11 Daemon Server] - 2026-06-30T18:42:07.964Z - [WATCHER]: Processing file changes in outputs
[NX v21.6.11 Daemon Server] - 2026-06-30T18:42:07.965Z - [WATCHER]: .kiro/specs/food-truck-locator/tasks.meta.json was modified
[NX v21.6.11 Daemon Server] - 2026-06-30T18:42:08.327Z - [REQUEST]: Updated workspace context based on watched changes, recomputing project graph...
[NX v21.6.11 Daemon Server] - 2026-06-30T18:42:08.327Z - [REQUEST]: .kiro/specs/food-truck-locator/tasks.md,.kiro/specs/food-truck-locator/tasks.meta.json
[NX v21.6.11 Daemon Server] - 2026-06-30T18:42:08.327Z - [REQUEST]: 
[NX v21.6.11 Daemon Server] - 2026-06-30T18:42:08.329Z - Time taken for 'hash changed files from watcher' 0.3682089999783784ms
Time for 'nx/core/package-json:createNodes' 1.0437079999828711
Time for 'nx/core/project-json:createNodes' 1.015499999979511
Time for 'nx/js/dependencies-and-lockfile:createNodes' 4.92087500001071
[NX v21.6.11 Daemon Server] - 2026-06-30T18:42:08.345Z - Time taken for 'build-project-configs' 13.275334000005387ms
Time for 'build typescript dependencies' 0.0175419999868609
[NX v21.6.11 Daemon Server] - 2026-06-30T18:42:08.358Z - [SYNC]: collect registered sync generators
[NX v21.6.11 Daemon Server] - 2026-06-30T18:42:08.358Z - [SYNC]: project graph hash is the same, not collecting task sync generators
[NX v21.6.11 Daemon Server] - 2026-06-30T18:42:08.358Z - [SYNC]: nx.json hash is the same, not collecting global sync generators
[NX v21.6.11 Daemon Server] - 2026-06-30T18:42:08.358Z - Time taken for 'total execution time for createProjectGraph()' 14.50099999998929ms
[NX v21.6.11 Daemon Server] - 2026-06-30T18:44:11.670Z - [WATCHER]: apps/bff/src/facility/facility.integration.spec.ts was created or restored
[NX v21.6.11 Daemon Server] - 2026-06-30T18:44:11.672Z - [WATCHER]: Processing file changes in outputs
[NX v21.6.11 Daemon Server] - 2026-06-30T18:44:11.774Z - [REQUEST]: Updated workspace context based on watched changes, recomputing project graph...
[NX v21.6.11 Daemon Server] - 2026-06-30T18:44:11.774Z - [REQUEST]: apps/bff/src/facility/facility.integration.spec.ts
[NX v21.6.11 Daemon Server] - 2026-06-30T18:44:11.774Z - [REQUEST]: 
[NX v21.6.11 Daemon Server] - 2026-06-30T18:44:11.776Z - Time taken for 'hash changed files from watcher' 0.2935830000205897ms
Time for 'nx/core/project-json:createNodes' 4.331750000012107
Time for 'nx/core/package-json:createNodes' 5.111124999995809
Time for 'nx/js/dependencies-and-lockfile:createNodes' 13.772584000020288
[NX v21.6.11 Daemon Server] - 2026-06-30T18:44:11.801Z - Time taken for 'build-project-configs' 21.697792000020854ms
Time for 'build typescript dependencies' 3.0434169999789447
[NX v21.6.11 Daemon Server] - 2026-06-30T18:44:11.819Z - [SYNC]: collect registered sync generators
[NX v21.6.11 Daemon Server] - 2026-06-30T18:44:11.819Z - [SYNC]: project graph hash is the same, not collecting task sync generators
[NX v21.6.11 Daemon Server] - 2026-06-30T18:44:11.819Z - [SYNC]: nx.json hash is the same, not collecting global sync generators
[NX v21.6.11 Daemon Server] - 2026-06-30T18:44:11.819Z - Time taken for 'total execution time for createProjectGraph()' 20.29887499997858ms
[NX v21.6.11 Daemon Server] - 2026-06-30T18:44:28.926Z - Established a connection. Number of open connections: 1
[NX v21.6.11 Daemon Server] - 2026-06-30T18:44:28.926Z - Closed a connection. Number of open connections: 0
[NX v21.6.11 Daemon Server] - 2026-06-30T18:44:28.927Z - Established a connection. Number of open connections: 1
[NX v21.6.11 Daemon Server] - 2026-06-30T18:44:28.929Z - [REQUEST]: Client Request for Project Graph Received
[NX v21.6.11 Daemon Server] - 2026-06-30T18:44:28.929Z - Reusing in-memory cached project graph because no files changed.
[NX v21.6.11 Daemon Server] - 2026-06-30T18:44:28.934Z - Wrote project graph cache to /Users/leonardosegars/Repos/foodtrack/.nx/workspace-data/project-graph.json
[NX v21.6.11 Daemon Server] - 2026-06-30T18:44:28.934Z - [REQUEST]: Responding to the client. project-graph
[NX v21.6.11 Daemon Server] - 2026-06-30T18:44:28.935Z - Time taken for 'total for creating and serializing project graph' 5.741541999974288ms
[NX v21.6.11 Daemon Server] - 2026-06-30T18:44:28.937Z - Done responding to the client project-graph
[NX v21.6.11 Daemon Server] - 2026-06-30T18:44:28.937Z - Handled REQUEST_PROJECT_GRAPH. Handling time: 5. Response time: 3.
[NX v21.6.11 Daemon Server] - 2026-06-30T18:44:28.941Z - [REQUEST]: Responding to the client. handleRunPreTasksExecution
[NX v21.6.11 Daemon Server] - 2026-06-30T18:44:28.941Z - Done responding to the client handleRunPreTasksExecution
[NX v21.6.11 Daemon Server] - 2026-06-30T18:44:28.941Z - Handled PRE_TASKS_EXECUTION. Handling time: 1. Response time: 0.
[NX v21.6.11 Daemon Server] - 2026-06-30T18:44:28.941Z - Time taken for 'preTasksExecution' 0.09250000002793968ms
[NX v21.6.11 Daemon Server] - 2026-06-30T18:44:28.985Z - Reusing in-memory cached project graph because no files changed.
[NX v21.6.11 Daemon Server] - 2026-06-30T18:44:28.988Z - Wrote project graph cache to /Users/leonardosegars/Repos/foodtrack/.nx/workspace-data/project-graph.json
DEBUG nx::native::tasks::hash_planner: get_plans_internal COMPLETED in 1.886ms - processed 1 tasks (setup: 1.667292ms, parallel_planning: 214.583µs)
DEBUG nx::native::tasks::hashers::hash_workspace_files: Hashing workspace fileset{cache_key="nx.json,.gitignore,.nxignore"}: Adding "6093914340072391811" (".gitignore") to hash
DEBUG nx::native::tasks::hashers::hash_workspace_files: Hashing workspace fileset{cache_key="nx.json,.gitignore,.nxignore"}: Adding "1132752945439744087" ("nx.json") to hash
DEBUG nx::native::tasks::hashers::hash_workspace_files: Hashing workspace fileset{cache_key="nx.json,.gitignore,.nxignore"}: Hash Value: "3983678509802823269"
DEBUG nx::native::tasks::task_hasher: hash_plans COMPLETED in 4.206375ms - processed 1 plans (setup: 673µs, hashing: 3.530791ms, assembly: 1.581917ms)
[NX v21.6.11 Daemon Server] - 2026-06-30T18:44:28.999Z - [REQUEST]: Responding to the client. handleHashTasks
[NX v21.6.11 Daemon Server] - 2026-06-30T18:44:28.999Z - Time taken for 'write cache' 3.0076670000562444ms
[NX v21.6.11 Daemon Server] - 2026-06-30T18:44:29.000Z - Done responding to the client handleHashTasks
[NX v21.6.11 Daemon Server] - 2026-06-30T18:44:29.000Z - Handled HASH_TASKS. Handling time: 14. Response time: 1.
[NX v21.6.11 Daemon Server] - 2026-06-30T18:44:29.047Z - [REQUEST]: Responding to the client. handleGetEstimatedTaskTimings
[NX v21.6.11 Daemon Server] - 2026-06-30T18:44:29.047Z - Done responding to the client handleGetEstimatedTaskTimings
[NX v21.6.11 Daemon Server] - 2026-06-30T18:44:29.047Z - Handled GET_ESTIMATED_TASK_TIMINGS. Handling time: 0. Response time: 0.
[NX v21.6.11 Daemon Server] - 2026-06-30T18:44:31.144Z - [REQUEST]: Responding to the client. recordOutputsHash
[NX v21.6.11 Daemon Server] - 2026-06-30T18:44:31.144Z - Done responding to the client recordOutputsHash
[NX v21.6.11 Daemon Server] - 2026-06-30T18:44:31.144Z - Handled RECORD_OUTPUTS_HASH. Handling time: 0. Response time: 0.
[NX v21.6.11 Daemon Server] - 2026-06-30T18:44:31.146Z - [REQUEST]: Responding to the client. handleRecordTaskRuns
[NX v21.6.11 Daemon Server] - 2026-06-30T18:44:31.146Z - Done responding to the client handleRecordTaskRuns
[NX v21.6.11 Daemon Server] - 2026-06-30T18:44:31.146Z - Handled RECORD_TASK_RUNS. Handling time: 0. Response time: 0.
[NX v21.6.11 Daemon Server] - 2026-06-30T18:44:31.147Z - [REQUEST]: Responding to the client. handleGetFlakyTasks
[NX v21.6.11 Daemon Server] - 2026-06-30T18:44:31.147Z - Done responding to the client handleGetFlakyTasks
[NX v21.6.11 Daemon Server] - 2026-06-30T18:44:31.147Z - Handled GET_FLAKY_TASKS. Handling time: 0. Response time: 0.
[NX v21.6.11 Daemon Server] - 2026-06-30T18:44:31.254Z - [REQUEST]: Responding to the client. handleRunPostTasksExecution
[NX v21.6.11 Daemon Server] - 2026-06-30T18:44:31.254Z - Done responding to the client handleRunPostTasksExecution
[NX v21.6.11 Daemon Server] - 2026-06-30T18:44:31.254Z - Handled POST_TASKS_EXECUTION. Handling time: 0. Response time: 0.
[NX v21.6.11 Daemon Server] - 2026-06-30T18:44:31.254Z - Time taken for 'postTasksExecution' 0.07304099999601021ms
[NX v21.6.11 Daemon Server] - 2026-06-30T18:44:31.259Z - Closed a connection. Number of open connections: 0
[NX v21.6.11 Daemon Server] - 2026-06-30T18:44:44.505Z - Established a connection. Number of open connections: 1
[NX v21.6.11 Daemon Server] - 2026-06-30T18:44:44.506Z - Closed a connection. Number of open connections: 0
[NX v21.6.11 Daemon Server] - 2026-06-30T18:44:44.506Z - Established a connection. Number of open connections: 1
[NX v21.6.11 Daemon Server] - 2026-06-30T18:44:44.508Z - [REQUEST]: Client Request for Project Graph Received
[NX v21.6.11 Daemon Server] - 2026-06-30T18:44:44.508Z - Reusing in-memory cached project graph because no files changed.
[NX v21.6.11 Daemon Server] - 2026-06-30T18:44:44.511Z - Wrote project graph cache to /Users/leonardosegars/Repos/foodtrack/.nx/workspace-data/project-graph.json
[NX v21.6.11 Daemon Server] - 2026-06-30T18:44:44.511Z - [REQUEST]: Responding to the client. project-graph
[NX v21.6.11 Daemon Server] - 2026-06-30T18:44:44.512Z - Time taken for 'total for creating and serializing project graph' 3.086416999984067ms
[NX v21.6.11 Daemon Server] - 2026-06-30T18:44:44.513Z - Done responding to the client project-graph
[NX v21.6.11 Daemon Server] - 2026-06-30T18:44:44.513Z - Handled REQUEST_PROJECT_GRAPH. Handling time: 3. Response time: 2.
[NX v21.6.11 Daemon Server] - 2026-06-30T18:44:44.517Z - [REQUEST]: Responding to the client. handleRunPreTasksExecution
[NX v21.6.11 Daemon Server] - 2026-06-30T18:44:44.517Z - Done responding to the client handleRunPreTasksExecution
[NX v21.6.11 Daemon Server] - 2026-06-30T18:44:44.517Z - Handled PRE_TASKS_EXECUTION. Handling time: 1. Response time: 0.
[NX v21.6.11 Daemon Server] - 2026-06-30T18:44:44.517Z - Time taken for 'preTasksExecution' 0.07945900002960116ms
[NX v21.6.11 Daemon Server] - 2026-06-30T18:44:44.554Z - Reusing in-memory cached project graph because no files changed.
[NX v21.6.11 Daemon Server] - 2026-06-30T18:44:44.557Z - Wrote project graph cache to /Users/leonardosegars/Repos/foodtrack/.nx/workspace-data/project-graph.json
DEBUG nx::native::tasks::hash_planner: get_plans_internal COMPLETED in 1.626459ms - processed 1 tasks (setup: 1.421417ms, parallel_planning: 202.5µs)
DEBUG nx::native::tasks::task_hasher: hash_plans COMPLETED in 1.172ms - processed 1 plans (setup: 200.75µs, hashing: 970.375µs, assembly: 425.375µs)
[NX v21.6.11 Daemon Server] - 2026-06-30T18:44:44.560Z - [REQUEST]: Responding to the client. handleHashTasks
[NX v21.6.11 Daemon Server] - 2026-06-30T18:44:44.560Z - Time taken for 'write cache' 2.3915409999899566ms
[NX v21.6.11 Daemon Server] - 2026-06-30T18:44:44.560Z - Done responding to the client handleHashTasks
[NX v21.6.11 Daemon Server] - 2026-06-30T18:44:44.560Z - Handled HASH_TASKS. Handling time: 6. Response time: 0.
[NX v21.6.11 Daemon Server] - 2026-06-30T18:44:44.599Z - [REQUEST]: Responding to the client. handleGetEstimatedTaskTimings
[NX v21.6.11 Daemon Server] - 2026-06-30T18:44:44.599Z - Done responding to the client handleGetEstimatedTaskTimings
[NX v21.6.11 Daemon Server] - 2026-06-30T18:44:44.599Z - Handled GET_ESTIMATED_TASK_TIMINGS. Handling time: 0. Response time: 0.
[NX v21.6.11 Daemon Server] - 2026-06-30T18:44:46.682Z - [REQUEST]: Responding to the client. recordOutputsHash
[NX v21.6.11 Daemon Server] - 2026-06-30T18:44:46.682Z - Done responding to the client recordOutputsHash
[NX v21.6.11 Daemon Server] - 2026-06-30T18:44:46.682Z - Handled RECORD_OUTPUTS_HASH. Handling time: 1. Response time: 0.
[NX v21.6.11 Daemon Server] - 2026-06-30T18:44:46.685Z - [REQUEST]: Responding to the client. handleRecordTaskRuns
[NX v21.6.11 Daemon Server] - 2026-06-30T18:44:46.685Z - Done responding to the client handleRecordTaskRuns
[NX v21.6.11 Daemon Server] - 2026-06-30T18:44:46.685Z - Handled RECORD_TASK_RUNS. Handling time: 0. Response time: 0.
[NX v21.6.11 Daemon Server] - 2026-06-30T18:44:46.686Z - [REQUEST]: Responding to the client. handleGetFlakyTasks
[NX v21.6.11 Daemon Server] - 2026-06-30T18:44:46.686Z - Done responding to the client handleGetFlakyTasks
[NX v21.6.11 Daemon Server] - 2026-06-30T18:44:46.686Z - Handled GET_FLAKY_TASKS. Handling time: 0. Response time: 0.
[NX v21.6.11 Daemon Server] - 2026-06-30T18:44:46.792Z - [REQUEST]: Responding to the client. handleRunPostTasksExecution
[NX v21.6.11 Daemon Server] - 2026-06-30T18:44:46.792Z - Done responding to the client handleRunPostTasksExecution
[NX v21.6.11 Daemon Server] - 2026-06-30T18:44:46.792Z - Handled POST_TASKS_EXECUTION. Handling time: 0. Response time: 0.
[NX v21.6.11 Daemon Server] - 2026-06-30T18:44:46.792Z - Time taken for 'postTasksExecution' 0.15029199997661635ms
[NX v21.6.11 Daemon Server] - 2026-06-30T18:44:46.797Z - Closed a connection. Number of open connections: 0
[NX v21.6.11 Daemon Server] - 2026-06-30T18:45:08.792Z - [WATCHER]: .kiro/specs/food-truck-locator/tasks.md was modified
[NX v21.6.11 Daemon Server] - 2026-06-30T18:45:08.793Z - [WATCHER]: Processing file changes in outputs
[NX v21.6.11 Daemon Server] - 2026-06-30T18:45:08.835Z - [WATCHER]: .kiro/specs/food-truck-locator/tasks.meta.json was modified
[NX v21.6.11 Daemon Server] - 2026-06-30T18:45:08.837Z - [WATCHER]: Processing file changes in outputs
[NX v21.6.11 Daemon Server] - 2026-06-30T18:45:08.885Z - [WATCHER]: 0 file(s) created or restored, 2 file(s) modified, 0 file(s) deleted
[NX v21.6.11 Daemon Server] - 2026-06-30T18:45:08.895Z - [REQUEST]: Updated workspace context based on watched changes, recomputing project graph...
[NX v21.6.11 Daemon Server] - 2026-06-30T18:45:08.895Z - [REQUEST]: .kiro/specs/food-truck-locator/tasks.md,.kiro/specs/food-truck-locator/tasks.meta.json
[NX v21.6.11 Daemon Server] - 2026-06-30T18:45:08.895Z - [REQUEST]: 
[NX v21.6.11 Daemon Server] - 2026-06-30T18:45:08.896Z - Time taken for 'hash changed files from watcher' 0.2567920000292361ms
Time for 'nx/core/package-json:createNodes' 1.2241249999497086
Time for 'nx/core/project-json:createNodes' 1.6994579999591224
[NX v21.6.11 Daemon Server] - 2026-06-30T18:45:08.907Z - [WATCHER]: Processing file changes in outputs
Time for 'nx/js/dependencies-and-lockfile:createNodes' 8.256124999956228
[NX v21.6.11 Daemon Server] - 2026-06-30T18:45:08.938Z - Time taken for 'build-project-configs' 18.22370900004171ms
Time for 'build typescript dependencies' 0.08887500001583248
[NX v21.6.11 Daemon Server] - 2026-06-30T18:45:08.969Z - [SYNC]: collect registered sync generators
[NX v21.6.11 Daemon Server] - 2026-06-30T18:45:08.970Z - [SYNC]: project graph hash is the same, not collecting task sync generators
[NX v21.6.11 Daemon Server] - 2026-06-30T18:45:08.970Z - [SYNC]: nx.json hash is the same, not collecting global sync generators
[NX v21.6.11 Daemon Server] - 2026-06-30T18:45:08.970Z - Time taken for 'total execution time for createProjectGraph()' 53.217666999960784ms
[NX v21.6.11 Daemon Server] - 2026-06-30T18:45:18.719Z - [WATCHER]: 0 file(s) created or restored, 2 file(s) modified, 0 file(s) deleted
[NX v21.6.11 Daemon Server] - 2026-06-30T18:45:18.720Z - [WATCHER]: Processing file changes in outputs
[NX v21.6.11 Daemon Server] - 2026-06-30T18:45:18.922Z - [REQUEST]: Updated workspace context based on watched changes, recomputing project graph...
[NX v21.6.11 Daemon Server] - 2026-06-30T18:45:18.922Z - [REQUEST]: .kiro/specs/food-truck-locator/tasks.md,.kiro/specs/food-truck-locator/tasks.meta.json
[NX v21.6.11 Daemon Server] - 2026-06-30T18:45:18.922Z - [REQUEST]: 
[NX v21.6.11 Daemon Server] - 2026-06-30T18:45:18.923Z - Time taken for 'hash changed files from watcher' 0.294292000005953ms
Time for 'nx/core/package-json:createNodes' 0.4589999999734573
Time for 'nx/core/project-json:createNodes' 1.023083999985829
Time for 'nx/js/dependencies-and-lockfile:createNodes' 5.174500000022817
[NX v21.6.11 Daemon Server] - 2026-06-30T18:45:18.936Z - Time taken for 'build-project-configs' 9.884666999976616ms
Time for 'build typescript dependencies' 0.01116700004786253
[NX v21.6.11 Daemon Server] - 2026-06-30T18:45:18.952Z - [SYNC]: collect registered sync generators
[NX v21.6.11 Daemon Server] - 2026-06-30T18:45:18.952Z - [SYNC]: project graph hash is the same, not collecting task sync generators
[NX v21.6.11 Daemon Server] - 2026-06-30T18:45:18.952Z - [SYNC]: nx.json hash is the same, not collecting global sync generators
[NX v21.6.11 Daemon Server] - 2026-06-30T18:45:18.952Z - Time taken for 'total execution time for createProjectGraph()' 18.22516699996777ms
[NX v21.6.11 Daemon Server] - 2026-06-30T18:45:59.334Z - Established a connection. Number of open connections: 1
[NX v21.6.11 Daemon Server] - 2026-06-30T18:45:59.334Z - Established a connection. Number of open connections: 2
[NX v21.6.11 Daemon Server] - 2026-06-30T18:45:59.335Z - Closed a connection. Number of open connections: 1
[NX v21.6.11 Daemon Server] - 2026-06-30T18:45:59.336Z - [REQUEST]: Client Request for Project Graph Received
[NX v21.6.11 Daemon Server] - 2026-06-30T18:45:59.337Z - Reusing in-memory cached project graph because no files changed.
[NX v21.6.11 Daemon Server] - 2026-06-30T18:45:59.340Z - Wrote project graph cache to /Users/leonardosegars/Repos/foodtrack/.nx/workspace-data/project-graph.json
[NX v21.6.11 Daemon Server] - 2026-06-30T18:45:59.340Z - [REQUEST]: Responding to the client. project-graph
[NX v21.6.11 Daemon Server] - 2026-06-30T18:45:59.341Z - Time taken for 'total for creating and serializing project graph' 3.42554199998267ms
[NX v21.6.11 Daemon Server] - 2026-06-30T18:45:59.343Z - Done responding to the client project-graph
[NX v21.6.11 Daemon Server] - 2026-06-30T18:45:59.343Z - Handled REQUEST_PROJECT_GRAPH. Handling time: 4. Response time: 3.
[NX v21.6.11 Daemon Server] - 2026-06-30T18:45:59.347Z - [REQUEST]: Responding to the client. handleRunPreTasksExecution
[NX v21.6.11 Daemon Server] - 2026-06-30T18:45:59.347Z - Done responding to the client handleRunPreTasksExecution
[NX v21.6.11 Daemon Server] - 2026-06-30T18:45:59.347Z - Handled PRE_TASKS_EXECUTION. Handling time: 1. Response time: 0.
[NX v21.6.11 Daemon Server] - 2026-06-30T18:45:59.347Z - Time taken for 'preTasksExecution' 0.09195899998303503ms
[NX v21.6.11 Daemon Server] - 2026-06-30T18:45:59.385Z - Reusing in-memory cached project graph because no files changed.
[NX v21.6.11 Daemon Server] - 2026-06-30T18:45:59.387Z - Wrote project graph cache to /Users/leonardosegars/Repos/foodtrack/.nx/workspace-data/project-graph.json
DEBUG nx::native::tasks::hash_planner: get_plans_internal COMPLETED in 1.612583ms - processed 1 tasks (setup: 1.398292ms, parallel_planning: 209.709µs)
DEBUG nx::native::tasks::hashers::hash_workspace_files: Hashing workspace fileset{cache_key="nx.json,.gitignore,.nxignore"}: Adding "6093914340072391811" (".gitignore") to hash
DEBUG nx::native::tasks::hashers::hash_workspace_files: Hashing workspace fileset{cache_key="nx.json,.gitignore,.nxignore"}: Adding "1132752945439744087" ("nx.json") to hash
DEBUG nx::native::tasks::hashers::hash_workspace_files: Hashing workspace fileset{cache_key="nx.json,.gitignore,.nxignore"}: Hash Value: "3983678509802823269"
DEBUG nx::native::tasks::task_hasher: hash_plans COMPLETED in 1.788167ms - processed 1 plans (setup: 206.792µs, hashing: 1.579958ms, assembly: 664.125µs)
[NX v21.6.11 Daemon Server] - 2026-06-30T18:45:59.396Z - [REQUEST]: Responding to the client. handleHashTasks
[NX v21.6.11 Daemon Server] - 2026-06-30T18:45:59.396Z - Time taken for 'write cache' 2.3936659999890253ms
[NX v21.6.11 Daemon Server] - 2026-06-30T18:45:59.396Z - Done responding to the client handleHashTasks
[NX v21.6.11 Daemon Server] - 2026-06-30T18:45:59.396Z - Handled HASH_TASKS. Handling time: 11. Response time: 0.
[NX v21.6.11 Daemon Server] - 2026-06-30T18:45:59.441Z - [REQUEST]: Responding to the client. handleGetEstimatedTaskTimings
[NX v21.6.11 Daemon Server] - 2026-06-30T18:45:59.442Z - Done responding to the client handleGetEstimatedTaskTimings
[NX v21.6.11 Daemon Server] - 2026-06-30T18:45:59.442Z - Handled GET_ESTIMATED_TASK_TIMINGS. Handling time: 0. Response time: 1.
[NX v21.6.11 Daemon Server] - 2026-06-30T18:46:01.172Z - [REQUEST]: Responding to the client. recordOutputsHash
[NX v21.6.11 Daemon Server] - 2026-06-30T18:46:01.172Z - Done responding to the client recordOutputsHash
[NX v21.6.11 Daemon Server] - 2026-06-30T18:46:01.172Z - Handled RECORD_OUTPUTS_HASH. Handling time: 0. Response time: 0.
[NX v21.6.11 Daemon Server] - 2026-06-30T18:46:01.177Z - [REQUEST]: Responding to the client. handleRecordTaskRuns
[NX v21.6.11 Daemon Server] - 2026-06-30T18:46:01.177Z - Done responding to the client handleRecordTaskRuns
[NX v21.6.11 Daemon Server] - 2026-06-30T18:46:01.177Z - Handled RECORD_TASK_RUNS. Handling time: 1. Response time: 0.
[NX v21.6.11 Daemon Server] - 2026-06-30T18:46:01.177Z - [REQUEST]: Responding to the client. handleGetFlakyTasks
[NX v21.6.11 Daemon Server] - 2026-06-30T18:46:01.177Z - Done responding to the client handleGetFlakyTasks
[NX v21.6.11 Daemon Server] - 2026-06-30T18:46:01.177Z - Handled GET_FLAKY_TASKS. Handling time: 0. Response time: 0.
[NX v21.6.11 Daemon Server] - 2026-06-30T18:46:01.287Z - [REQUEST]: Responding to the client. handleRunPostTasksExecution
[NX v21.6.11 Daemon Server] - 2026-06-30T18:46:01.287Z - Done responding to the client handleRunPostTasksExecution
[NX v21.6.11 Daemon Server] - 2026-06-30T18:46:01.287Z - Handled POST_TASKS_EXECUTION. Handling time: 0. Response time: 0.
[NX v21.6.11 Daemon Server] - 2026-06-30T18:46:01.287Z - Time taken for 'postTasksExecution' 0.11095799994654953ms
[NX v21.6.11 Daemon Server] - 2026-06-30T18:46:01.292Z - Closed a connection. Number of open connections: 0
[NX v21.6.11 Daemon Server] - 2026-06-30T18:46:20.676Z - [WATCHER]: Processing file changes in outputs
[NX v21.6.11 Daemon Server] - 2026-06-30T18:46:20.681Z - [WATCHER]: 0 file(s) created or restored, 2 file(s) modified, 0 file(s) deleted
[NX v21.6.11 Daemon Server] - 2026-06-30T18:46:20.782Z - [REQUEST]: Updated workspace context based on watched changes, recomputing project graph...
[NX v21.6.11 Daemon Server] - 2026-06-30T18:46:20.782Z - [REQUEST]: .kiro/specs/food-truck-locator/tasks.md,.kiro/specs/food-truck-locator/tasks.meta.json
[NX v21.6.11 Daemon Server] - 2026-06-30T18:46:20.782Z - [REQUEST]: 
[NX v21.6.11 Daemon Server] - 2026-06-30T18:46:20.783Z - Time taken for 'hash changed files from watcher' 0.2581249999348074ms
Time for 'nx/core/package-json:createNodes' 1.1608329999726266
Time for 'nx/core/project-json:createNodes' 2.1484590000472963
Time for 'nx/js/dependencies-and-lockfile:createNodes' 7.941708000027575
[NX v21.6.11 Daemon Server] - 2026-06-30T18:46:20.801Z - Time taken for 'build-project-configs' 14.609166000038385ms
Time for 'build typescript dependencies' 0.038416999974288046
[NX v21.6.11 Daemon Server] - 2026-06-30T18:46:20.812Z - [SYNC]: collect registered sync generators
[NX v21.6.11 Daemon Server] - 2026-06-30T18:46:20.812Z - [SYNC]: project graph hash is the same, not collecting task sync generators
[NX v21.6.11 Daemon Server] - 2026-06-30T18:46:20.812Z - [SYNC]: nx.json hash is the same, not collecting global sync generators
[NX v21.6.11 Daemon Server] - 2026-06-30T18:46:20.813Z - Time taken for 'total execution time for createProjectGraph()' 13.279791999957524ms
[NX v21.6.11 Daemon Server] - 2026-06-30T18:46:26.474Z - [WATCHER]: .kiro/specs/food-truck-locator/tasks.md was modified
[NX v21.6.11 Daemon Server] - 2026-06-30T18:46:26.476Z - [WATCHER]: Processing file changes in outputs
[NX v21.6.11 Daemon Server] - 2026-06-30T18:46:26.551Z - [WATCHER]: .kiro/specs/food-truck-locator/tasks.meta.json was modified
[NX v21.6.11 Daemon Server] - 2026-06-30T18:46:26.551Z - [WATCHER]: Processing file changes in outputs
[NX v21.6.11 Daemon Server] - 2026-06-30T18:46:26.676Z - [REQUEST]: Updated workspace context based on watched changes, recomputing project graph...
[NX v21.6.11 Daemon Server] - 2026-06-30T18:46:26.676Z - [REQUEST]: .kiro/specs/food-truck-locator/tasks.md,.kiro/specs/food-truck-locator/tasks.meta.json
[NX v21.6.11 Daemon Server] - 2026-06-30T18:46:26.676Z - [REQUEST]: 
[NX v21.6.11 Daemon Server] - 2026-06-30T18:46:26.677Z - Time taken for 'hash changed files from watcher' 0.1885420000180602ms
Time for 'nx/core/package-json:createNodes' 0.28970799990929663
Time for 'nx/core/project-json:createNodes' 0.7235830000136048
Time for 'nx/js/dependencies-and-lockfile:createNodes' 3.8553340000798926
[NX v21.6.11 Daemon Server] - 2026-06-30T18:46:26.688Z - Time taken for 'build-project-configs' 7.904041999951005ms
Time for 'build typescript dependencies' 0.012749999994412065
[NX v21.6.11 Daemon Server] - 2026-06-30T18:46:26.701Z - [SYNC]: collect registered sync generators
[NX v21.6.11 Daemon Server] - 2026-06-30T18:46:26.701Z - [SYNC]: project graph hash is the same, not collecting task sync generators
[NX v21.6.11 Daemon Server] - 2026-06-30T18:46:26.702Z - [SYNC]: nx.json hash is the same, not collecting global sync generators
[NX v21.6.11 Daemon Server] - 2026-06-30T18:46:26.702Z - Time taken for 'total execution time for createProjectGraph()' 14.901958999922499ms
[NX v21.6.11 Daemon Server] - 2026-06-30T18:47:08.749Z - Established a connection. Number of open connections: 1
[NX v21.6.11 Daemon Server] - 2026-06-30T18:47:08.752Z - Established a connection. Number of open connections: 2
[NX v21.6.11 Daemon Server] - 2026-06-30T18:47:08.754Z - Closed a connection. Number of open connections: 1
[NX v21.6.11 Daemon Server] - 2026-06-30T18:47:08.756Z - [REQUEST]: Client Request for Project Graph Received
[NX v21.6.11 Daemon Server] - 2026-06-30T18:47:08.756Z - Reusing in-memory cached project graph because no files changed.
[NX v21.6.11 Daemon Server] - 2026-06-30T18:47:08.759Z - Wrote project graph cache to /Users/leonardosegars/Repos/foodtrack/.nx/workspace-data/project-graph.json
[NX v21.6.11 Daemon Server] - 2026-06-30T18:47:08.759Z - [REQUEST]: Responding to the client. project-graph
[NX v21.6.11 Daemon Server] - 2026-06-30T18:47:08.760Z - Time taken for 'total for creating and serializing project graph' 3.185416999971494ms
[NX v21.6.11 Daemon Server] - 2026-06-30T18:47:08.762Z - Done responding to the client project-graph
[NX v21.6.11 Daemon Server] - 2026-06-30T18:47:08.762Z - Handled REQUEST_PROJECT_GRAPH. Handling time: 3. Response time: 3.
[NX v21.6.11 Daemon Server] - 2026-06-30T18:47:08.766Z - [REQUEST]: Responding to the client. handleRunPreTasksExecution
[NX v21.6.11 Daemon Server] - 2026-06-30T18:47:08.766Z - Done responding to the client handleRunPreTasksExecution
[NX v21.6.11 Daemon Server] - 2026-06-30T18:47:08.766Z - Handled PRE_TASKS_EXECUTION. Handling time: 1. Response time: 0.
[NX v21.6.11 Daemon Server] - 2026-06-30T18:47:08.766Z - Time taken for 'preTasksExecution' 0.10666699998546392ms
[NX v21.6.11 Daemon Server] - 2026-06-30T18:47:08.807Z - Reusing in-memory cached project graph because no files changed.
[NX v21.6.11 Daemon Server] - 2026-06-30T18:47:08.810Z - Wrote project graph cache to /Users/leonardosegars/Repos/foodtrack/.nx/workspace-data/project-graph.json
DEBUG nx::native::tasks::hash_planner: get_plans_internal COMPLETED in 1.64175ms - processed 1 tasks (setup: 1.413209ms, parallel_planning: 226.167µs)
DEBUG nx::native::tasks::hashers::hash_workspace_files: Hashing workspace fileset{cache_key="nx.json,.gitignore,.nxignore"}: Adding "6093914340072391811" (".gitignore") to hash
DEBUG nx::native::tasks::hashers::hash_workspace_files: Hashing workspace fileset{cache_key="nx.json,.gitignore,.nxignore"}: Adding "1132752945439744087" ("nx.json") to hash
DEBUG nx::native::tasks::hashers::hash_workspace_files: Hashing workspace fileset{cache_key="nx.json,.gitignore,.nxignore"}: Hash Value: "3983678509802823269"
DEBUG nx::native::tasks::task_hasher: hash_plans COMPLETED in 1.982959ms - processed 1 plans (setup: 208.959µs, hashing: 1.773ms, assembly: 735.416µs)
[NX v21.6.11 Daemon Server] - 2026-06-30T18:47:08.819Z - [REQUEST]: Responding to the client. handleHashTasks
[NX v21.6.11 Daemon Server] - 2026-06-30T18:47:08.819Z - Time taken for 'write cache' 2.787917000008747ms
[NX v21.6.11 Daemon Server] - 2026-06-30T18:47:08.819Z - Done responding to the client handleHashTasks
[NX v21.6.11 Daemon Server] - 2026-06-30T18:47:08.819Z - Handled HASH_TASKS. Handling time: 12. Response time: 0.
[NX v21.6.11 Daemon Server] - 2026-06-30T18:47:08.862Z - [REQUEST]: Responding to the client. handleGetEstimatedTaskTimings
[NX v21.6.11 Daemon Server] - 2026-06-30T18:47:08.862Z - Done responding to the client handleGetEstimatedTaskTimings
[NX v21.6.11 Daemon Server] - 2026-06-30T18:47:08.862Z - Handled GET_ESTIMATED_TASK_TIMINGS. Handling time: 0. Response time: 0.
[NX v21.6.11 Daemon Server] - 2026-06-30T18:47:10.967Z - [REQUEST]: Responding to the client. recordOutputsHash
[NX v21.6.11 Daemon Server] - 2026-06-30T18:47:10.967Z - Done responding to the client recordOutputsHash
[NX v21.6.11 Daemon Server] - 2026-06-30T18:47:10.967Z - Handled RECORD_OUTPUTS_HASH. Handling time: 0. Response time: 0.
[NX v21.6.11 Daemon Server] - 2026-06-30T18:47:10.970Z - [REQUEST]: Responding to the client. handleRecordTaskRuns
[NX v21.6.11 Daemon Server] - 2026-06-30T18:47:10.970Z - Done responding to the client handleRecordTaskRuns
[NX v21.6.11 Daemon Server] - 2026-06-30T18:47:10.970Z - Handled RECORD_TASK_RUNS. Handling time: 0. Response time: 0.
[NX v21.6.11 Daemon Server] - 2026-06-30T18:47:10.971Z - [REQUEST]: Responding to the client. handleGetFlakyTasks
[NX v21.6.11 Daemon Server] - 2026-06-30T18:47:10.971Z - Done responding to the client handleGetFlakyTasks
[NX v21.6.11 Daemon Server] - 2026-06-30T18:47:10.971Z - Handled GET_FLAKY_TASKS. Handling time: 0. Response time: 0.
[NX v21.6.11 Daemon Server] - 2026-06-30T18:47:11.076Z - [REQUEST]: Responding to the client. handleRunPostTasksExecution
[NX v21.6.11 Daemon Server] - 2026-06-30T18:47:11.076Z - Done responding to the client handleRunPostTasksExecution
[NX v21.6.11 Daemon Server] - 2026-06-30T18:47:11.076Z - Handled POST_TASKS_EXECUTION. Handling time: 0. Response time: 0.
[NX v21.6.11 Daemon Server] - 2026-06-30T18:47:11.076Z - Time taken for 'postTasksExecution' 0.0671670000301674ms
[NX v21.6.11 Daemon Server] - 2026-06-30T18:47:11.081Z - Closed a connection. Number of open connections: 0
[NX v21.6.11 Daemon Server] - 2026-06-30T18:47:28.208Z - [WATCHER]: 0 file(s) created or restored, 2 file(s) modified, 0 file(s) deleted
[NX v21.6.11 Daemon Server] - 2026-06-30T18:47:28.209Z - [WATCHER]: Processing file changes in outputs
[NX v21.6.11 Daemon Server] - 2026-06-30T18:47:28.312Z - [REQUEST]: Updated workspace context based on watched changes, recomputing project graph...
[NX v21.6.11 Daemon Server] - 2026-06-30T18:47:28.312Z - [REQUEST]: .kiro/specs/food-truck-locator/tasks.meta.json,.kiro/specs/food-truck-locator/tasks.md
[NX v21.6.11 Daemon Server] - 2026-06-30T18:47:28.312Z - [REQUEST]: 
[NX v21.6.11 Daemon Server] - 2026-06-30T18:47:28.318Z - Time taken for 'hash changed files from watcher' 0.3331250000046566ms
Time for 'nx/core/package-json:createNodes' 1.1902919999556616
Time for 'nx/core/project-json:createNodes' 1.8299579999875277
Time for 'nx/js/dependencies-and-lockfile:createNodes' 11.531542000011541
[NX v21.6.11 Daemon Server] - 2026-06-30T18:47:28.347Z - Time taken for 'build-project-configs' 30.383249999955297ms
Time for 'build typescript dependencies' 0.016500000027008355
[NX v21.6.11 Daemon Server] - 2026-06-30T18:47:28.358Z - [SYNC]: collect registered sync generators
[NX v21.6.11 Daemon Server] - 2026-06-30T18:47:28.359Z - [SYNC]: project graph hash is the same, not collecting task sync generators
[NX v21.6.11 Daemon Server] - 2026-06-30T18:47:28.359Z - [SYNC]: nx.json hash is the same, not collecting global sync generators
[NX v21.6.11 Daemon Server] - 2026-06-30T18:47:28.359Z - Time taken for 'total execution time for createProjectGraph()' 13.988583000027575ms
[NX v21.6.11 Daemon Server] - 2026-06-30T18:47:33.011Z - [WATCHER]: 0 file(s) created or restored, 2 file(s) modified, 0 file(s) deleted
[NX v21.6.11 Daemon Server] - 2026-06-30T18:47:33.019Z - [WATCHER]: Processing file changes in outputs
[NX v21.6.11 Daemon Server] - 2026-06-30T18:47:33.211Z - [REQUEST]: Updated workspace context based on watched changes, recomputing project graph...
[NX v21.6.11 Daemon Server] - 2026-06-30T18:47:33.211Z - [REQUEST]: .kiro/specs/food-truck-locator/tasks.meta.json,.kiro/specs/food-truck-locator/tasks.md
[NX v21.6.11 Daemon Server] - 2026-06-30T18:47:33.211Z - [REQUEST]: 
Time for 'nx/core/package-json:createNodes' 0.2560839999932796
Time for 'nx/core/project-json:createNodes' 0.21975000004749745
[NX v21.6.11 Daemon Server] - 2026-06-30T18:47:33.214Z - Time taken for 'hash changed files from watcher' 0.14479199994821101ms
Time for 'nx/js/dependencies-and-lockfile:createNodes' 3.4007080000592396
[NX v21.6.11 Daemon Server] - 2026-06-30T18:47:33.223Z - Time taken for 'build-project-configs' 7.642250000033528ms
Time for 'build typescript dependencies' 0.01108399999793619
[NX v21.6.11 Daemon Server] - 2026-06-30T18:47:33.234Z - [SYNC]: collect registered sync generators
[NX v21.6.11 Daemon Server] - 2026-06-30T18:47:33.235Z - [SYNC]: project graph hash is the same, not collecting task sync generators
[NX v21.6.11 Daemon Server] - 2026-06-30T18:47:33.235Z - [SYNC]: nx.json hash is the same, not collecting global sync generators
[NX v21.6.11 Daemon Server] - 2026-06-30T18:47:33.235Z - Time taken for 'total execution time for createProjectGraph()' 12.939375000074506ms
[NX v21.6.11 Daemon Server] - 2026-06-30T18:48:20.516Z - Established a connection. Number of open connections: 1
[NX v21.6.11 Daemon Server] - 2026-06-30T18:48:20.519Z - Established a connection. Number of open connections: 2
[NX v21.6.11 Daemon Server] - 2026-06-30T18:48:20.520Z - Closed a connection. Number of open connections: 1
[NX v21.6.11 Daemon Server] - 2026-06-30T18:48:20.524Z - [REQUEST]: Client Request for Project Graph Received
[NX v21.6.11 Daemon Server] - 2026-06-30T18:48:20.525Z - Reusing in-memory cached project graph because no files changed.
[NX v21.6.11 Daemon Server] - 2026-06-30T18:48:20.528Z - Wrote project graph cache to /Users/leonardosegars/Repos/foodtrack/.nx/workspace-data/project-graph.json
[NX v21.6.11 Daemon Server] - 2026-06-30T18:48:20.529Z - [REQUEST]: Responding to the client. project-graph
[NX v21.6.11 Daemon Server] - 2026-06-30T18:48:20.529Z - Time taken for 'total for creating and serializing project graph' 4.28208400006406ms
[NX v21.6.11 Daemon Server] - 2026-06-30T18:48:20.531Z - Done responding to the client project-graph
[NX v21.6.11 Daemon Server] - 2026-06-30T18:48:20.531Z - Handled REQUEST_PROJECT_GRAPH. Handling time: 5. Response time: 2.
[NX v21.6.11 Daemon Server] - 2026-06-30T18:48:20.535Z - [REQUEST]: Responding to the client. handleRunPreTasksExecution
[NX v21.6.11 Daemon Server] - 2026-06-30T18:48:20.535Z - Done responding to the client handleRunPreTasksExecution
[NX v21.6.11 Daemon Server] - 2026-06-30T18:48:20.535Z - Handled PRE_TASKS_EXECUTION. Handling time: 0. Response time: 1.
[NX v21.6.11 Daemon Server] - 2026-06-30T18:48:20.535Z - Time taken for 'preTasksExecution' 0.12658299994654953ms
[NX v21.6.11 Daemon Server] - 2026-06-30T18:48:20.573Z - Reusing in-memory cached project graph because no files changed.
[NX v21.6.11 Daemon Server] - 2026-06-30T18:48:20.577Z - Wrote project graph cache to /Users/leonardosegars/Repos/foodtrack/.nx/workspace-data/project-graph.json
DEBUG nx::native::tasks::hash_planner: get_plans_internal COMPLETED in 1.5155ms - processed 1 tasks (setup: 1.350416ms, parallel_planning: 163.583µs)
DEBUG nx::native::tasks::hashers::hash_workspace_files: Hashing workspace fileset{cache_key="nx.json,.gitignore,.nxignore"}: Adding "6093914340072391811" (".gitignore") to hash
DEBUG nx::native::tasks::hashers::hash_workspace_files: Hashing workspace fileset{cache_key="nx.json,.gitignore,.nxignore"}: Adding "1132752945439744087" ("nx.json") to hash
DEBUG nx::native::tasks::hashers::hash_workspace_files: Hashing workspace fileset{cache_key="nx.json,.gitignore,.nxignore"}: Hash Value: "3983678509802823269"
DEBUG nx::native::tasks::task_hasher: hash_plans COMPLETED in 1.285375ms - processed 1 plans (setup: 197.334µs, hashing: 1.08725ms, assembly: 447µs)
[NX v21.6.11 Daemon Server] - 2026-06-30T18:48:20.585Z - [REQUEST]: Responding to the client. handleHashTasks
[NX v21.6.11 Daemon Server] - 2026-06-30T18:48:20.585Z - Time taken for 'write cache' 3.172000000020489ms
[NX v21.6.11 Daemon Server] - 2026-06-30T18:48:20.585Z - Done responding to the client handleHashTasks
[NX v21.6.11 Daemon Server] - 2026-06-30T18:48:20.585Z - Handled HASH_TASKS. Handling time: 12. Response time: 0.
[NX v21.6.11 Daemon Server] - 2026-06-30T18:48:20.628Z - [REQUEST]: Responding to the client. handleGetEstimatedTaskTimings
[NX v21.6.11 Daemon Server] - 2026-06-30T18:48:20.628Z - Done responding to the client handleGetEstimatedTaskTimings
[NX v21.6.11 Daemon Server] - 2026-06-30T18:48:20.628Z - Handled GET_ESTIMATED_TASK_TIMINGS. Handling time: 0. Response time: 0.
[NX v21.6.11 Daemon Server] - 2026-06-30T18:48:21.362Z - [REQUEST]: Responding to the client. recordOutputsHash
[NX v21.6.11 Daemon Server] - 2026-06-30T18:48:21.362Z - Done responding to the client recordOutputsHash
[NX v21.6.11 Daemon Server] - 2026-06-30T18:48:21.362Z - Handled RECORD_OUTPUTS_HASH. Handling time: 0. Response time: 0.
[NX v21.6.11 Daemon Server] - 2026-06-30T18:48:21.364Z - [REQUEST]: Responding to the client. handleRecordTaskRuns
[NX v21.6.11 Daemon Server] - 2026-06-30T18:48:21.364Z - Done responding to the client handleRecordTaskRuns
[NX v21.6.11 Daemon Server] - 2026-06-30T18:48:21.364Z - Handled RECORD_TASK_RUNS. Handling time: 0. Response time: 0.
[NX v21.6.11 Daemon Server] - 2026-06-30T18:48:21.365Z - [REQUEST]: Responding to the client. handleGetFlakyTasks
[NX v21.6.11 Daemon Server] - 2026-06-30T18:48:21.365Z - Done responding to the client handleGetFlakyTasks
[NX v21.6.11 Daemon Server] - 2026-06-30T18:48:21.365Z - Handled GET_FLAKY_TASKS. Handling time: 0. Response time: 0.
[NX v21.6.11 Daemon Server] - 2026-06-30T18:48:21.470Z - [REQUEST]: Responding to the client. handleRunPostTasksExecution
[NX v21.6.11 Daemon Server] - 2026-06-30T18:48:21.470Z - Done responding to the client handleRunPostTasksExecution
[NX v21.6.11 Daemon Server] - 2026-06-30T18:48:21.470Z - Handled POST_TASKS_EXECUTION. Handling time: 1. Response time: 0.
[NX v21.6.11 Daemon Server] - 2026-06-30T18:48:21.470Z - Time taken for 'postTasksExecution' 0.06720799999311566ms
[NX v21.6.11 Daemon Server] - 2026-06-30T18:48:21.475Z - Closed a connection. Number of open connections: 0
[NX v21.6.11 Daemon Server] - 2026-06-30T18:48:34.038Z - [WATCHER]: 0 file(s) created or restored, 2 file(s) modified, 0 file(s) deleted
[NX v21.6.11 Daemon Server] - 2026-06-30T18:48:34.039Z - [WATCHER]: Processing file changes in outputs
[NX v21.6.11 Daemon Server] - 2026-06-30T18:48:34.141Z - [REQUEST]: Updated workspace context based on watched changes, recomputing project graph...
[NX v21.6.11 Daemon Server] - 2026-06-30T18:48:34.141Z - [REQUEST]: .kiro/specs/food-truck-locator/tasks.md,.kiro/specs/food-truck-locator/tasks.meta.json
[NX v21.6.11 Daemon Server] - 2026-06-30T18:48:34.141Z - [REQUEST]: 
[NX v21.6.11 Daemon Server] - 2026-06-30T18:48:34.142Z - Time taken for 'hash changed files from watcher' 0.24970799998845905ms
Time for 'nx/core/package-json:createNodes' 1.172541999956593
Time for 'nx/core/project-json:createNodes' 2.8151669999351725
Time for 'nx/js/dependencies-and-lockfile:createNodes' 6.691667000064626
[NX v21.6.11 Daemon Server] - 2026-06-30T18:48:34.162Z - Time taken for 'build-project-configs' 16.391250000102445ms
Time for 'build typescript dependencies' 0.016749999951571226
[NX v21.6.11 Daemon Server] - 2026-06-30T18:48:34.174Z - [SYNC]: collect registered sync generators
[NX v21.6.11 Daemon Server] - 2026-06-30T18:48:34.175Z - [SYNC]: project graph hash is the same, not collecting task sync generators
[NX v21.6.11 Daemon Server] - 2026-06-30T18:48:34.175Z - [SYNC]: nx.json hash is the same, not collecting global sync generators
[NX v21.6.11 Daemon Server] - 2026-06-30T18:48:34.175Z - Time taken for 'total execution time for createProjectGraph()' 14.307083000079729ms
[NX v21.6.11 Daemon Server] - 2026-06-30T18:48:38.872Z - [WATCHER]: 0 file(s) created or restored, 2 file(s) modified, 0 file(s) deleted
[NX v21.6.11 Daemon Server] - 2026-06-30T18:48:38.873Z - [WATCHER]: Processing file changes in outputs
[NX v21.6.11 Daemon Server] - 2026-06-30T18:48:39.075Z - [REQUEST]: Updated workspace context based on watched changes, recomputing project graph...
[NX v21.6.11 Daemon Server] - 2026-06-30T18:48:39.075Z - [REQUEST]: .kiro/specs/food-truck-locator/tasks.meta.json,.kiro/specs/food-truck-locator/tasks.md
[NX v21.6.11 Daemon Server] - 2026-06-30T18:48:39.075Z - [REQUEST]: 
[NX v21.6.11 Daemon Server] - 2026-06-30T18:48:39.076Z - Time taken for 'hash changed files from watcher' 0.1780409999191761ms
Time for 'nx/core/project-json:createNodes' 0.509667000034824
Time for 'nx/core/package-json:createNodes' 0.5787919999565929
Time for 'nx/js/dependencies-and-lockfile:createNodes' 4.369208000018261
[NX v21.6.11 Daemon Server] - 2026-06-30T18:48:39.088Z - Time taken for 'build-project-configs' 9.031208999920636ms
Time for 'build typescript dependencies' 0.019709000014699996
[NX v21.6.11 Daemon Server] - 2026-06-30T18:48:39.099Z - [SYNC]: collect registered sync generators
[NX v21.6.11 Daemon Server] - 2026-06-30T18:48:39.100Z - [SYNC]: project graph hash is the same, not collecting task sync generators
[NX v21.6.11 Daemon Server] - 2026-06-30T18:48:39.100Z - [SYNC]: nx.json hash is the same, not collecting global sync generators
[NX v21.6.11 Daemon Server] - 2026-06-30T18:48:39.100Z - Time taken for 'total execution time for createProjectGraph()' 13.49750000005588ms
[NX v21.6.11 Daemon Server] - 2026-06-30T18:50:45.153Z - [WATCHER]: apps/bff/src/facility/facility-cache.service.ts was modified
[NX v21.6.11 Daemon Server] - 2026-06-30T18:50:45.154Z - [WATCHER]: Processing file changes in outputs
[NX v21.6.11 Daemon Server] - 2026-06-30T18:50:45.557Z - [REQUEST]: Updated workspace context based on watched changes, recomputing project graph...
[NX v21.6.11 Daemon Server] - 2026-06-30T18:50:45.557Z - [REQUEST]: apps/bff/src/facility/facility-cache.service.ts
[NX v21.6.11 Daemon Server] - 2026-06-30T18:50:45.557Z - [REQUEST]: 
[NX v21.6.11 Daemon Server] - 2026-06-30T18:50:45.559Z - Time taken for 'hash changed files from watcher' 0.24874999991152436ms
Time for 'nx/core/package-json:createNodes' 2.4099580000620335
Time for 'nx/core/project-json:createNodes' 3.4915830000536516
Time for 'nx/js/dependencies-and-lockfile:createNodes' 16.274457999970764
[NX v21.6.11 Daemon Server] - 2026-06-30T18:50:45.601Z - Time taken for 'build-project-configs' 33.70579200005159ms
Time for 'build typescript dependencies' 2.6102500000270084
[NX v21.6.11 Daemon Server] - 2026-06-30T18:50:45.620Z - [SYNC]: collect registered sync generators
[NX v21.6.11 Daemon Server] - 2026-06-30T18:50:45.621Z - [SYNC]: project graph hash is the same, not collecting task sync generators
[NX v21.6.11 Daemon Server] - 2026-06-30T18:50:45.621Z - [SYNC]: nx.json hash is the same, not collecting global sync generators
[NX v21.6.11 Daemon Server] - 2026-06-30T18:50:45.621Z - Time taken for 'total execution time for createProjectGraph()' 27.230875000008382ms
[NX v21.6.11 Daemon Server] - 2026-06-30T18:50:51.907Z - [WATCHER]: apps/bff/src/facility/facility-cache.service.ts was modified
[NX v21.6.11 Daemon Server] - 2026-06-30T18:50:51.908Z - [WATCHER]: Processing file changes in outputs
[NX v21.6.11 Daemon Server] - 2026-06-30T18:50:52.709Z - [REQUEST]: Updated workspace context based on watched changes, recomputing project graph...
[NX v21.6.11 Daemon Server] - 2026-06-30T18:50:52.709Z - [REQUEST]: apps/bff/src/facility/facility-cache.service.ts
[NX v21.6.11 Daemon Server] - 2026-06-30T18:50:52.709Z - [REQUEST]: 
[NX v21.6.11 Daemon Server] - 2026-06-30T18:50:52.711Z - Time taken for 'hash changed files from watcher' 0.1642920000012964ms
Time for 'nx/core/package-json:createNodes' 0.616833999985829
Time for 'nx/core/project-json:createNodes' 1.8700840000528842
Time for 'nx/js/dependencies-and-lockfile:createNodes' 4.926207999931648
[NX v21.6.11 Daemon Server] - 2026-06-30T18:50:52.723Z - Time taken for 'build-project-configs' 10.517791999969631ms
Time for 'build typescript dependencies' 1.9135000000242144
[NX v21.6.11 Daemon Server] - 2026-06-30T18:50:52.738Z - [SYNC]: collect registered sync generators
[NX v21.6.11 Daemon Server] - 2026-06-30T18:50:52.739Z - [SYNC]: project graph hash is the same, not collecting task sync generators
[NX v21.6.11 Daemon Server] - 2026-06-30T18:50:52.739Z - [SYNC]: nx.json hash is the same, not collecting global sync generators
[NX v21.6.11 Daemon Server] - 2026-06-30T18:50:52.739Z - Time taken for 'total execution time for createProjectGraph()' 16.51487499999348ms
[NX v21.6.11 Daemon Server] - 2026-06-30T18:53:05.555Z - [WATCHER]: 0 file(s) created or restored, 2 file(s) modified, 0 file(s) deleted
[NX v21.6.11 Daemon Server] - 2026-06-30T18:53:05.557Z - [WATCHER]: Processing file changes in outputs
[NX v21.6.11 Daemon Server] - 2026-06-30T18:53:07.159Z - [REQUEST]: Updated workspace context based on watched changes, recomputing project graph...
[NX v21.6.11 Daemon Server] - 2026-06-30T18:53:07.159Z - [REQUEST]: .kiro/specs/food-truck-locator/tasks.md,.kiro/specs/food-truck-locator/tasks.meta.json
[NX v21.6.11 Daemon Server] - 2026-06-30T18:53:07.159Z - [REQUEST]: 
[NX v21.6.11 Daemon Server] - 2026-06-30T18:53:07.161Z - Time taken for 'hash changed files from watcher' 0.3431659999769181ms
Time for 'nx/core/package-json:createNodes' 0.9227090000640601
Time for 'nx/core/project-json:createNodes' 1.6409589999821037
Time for 'nx/js/dependencies-and-lockfile:createNodes' 10.45000000006985
[NX v21.6.11 Daemon Server] - 2026-06-30T18:53:07.199Z - Time taken for 'build-project-configs' 33.08745800005272ms
Time for 'build typescript dependencies' 0.021958000026643276
[NX v21.6.11 Daemon Server] - 2026-06-30T18:53:07.218Z - [SYNC]: collect registered sync generators
[NX v21.6.11 Daemon Server] - 2026-06-30T18:53:07.218Z - [SYNC]: project graph hash is the same, not collecting task sync generators
[NX v21.6.11 Daemon Server] - 2026-06-30T18:53:07.218Z - [SYNC]: nx.json hash is the same, not collecting global sync generators
[NX v21.6.11 Daemon Server] - 2026-06-30T18:53:07.218Z - Time taken for 'total execution time for createProjectGraph()' 23.47504100005608ms
[NX v21.6.11 Daemon Server] - 2026-06-30T21:53:59.292Z - [WATCHER]: Stopping the watcher for /Users/leonardosegars/Repos/foodtrack (sources)
[NX v21.6.11 Daemon Server] - 2026-06-30T21:53:59.298Z - [WATCHER]: Stopping the watcher for /Users/leonardosegars/Repos/foodtrack (outputs)
[NX v21.6.11 Daemon Server] - 2026-06-30T21:53:59.315Z - Server stopped because: "10800000ms of inactivity"
